product_id,product_name,category,subcategory,brand,unit_price,cost_price,supplier_id
P000001,Stock Technology,Books,Technology,Vertex,1268.49,749.75,S0253
P000002,Politics Outdoor,Sports,Outdoor,NovaTech,959.33,548.17,S0155
P000003,Financial Jackets,Clothing,Jackets,EverBuy,138.42,108.16,S0293
P000004,National Cricket,Sports,Cricket,NextGen,212.88,159.72,S0143
P000005,Firm Shoes,Clothing,Shoes,Apex,290.78,252.32,S0376
P000006,Player Shoes,Clothing,Shoes,NextGen,645.47,381.73,S0451
P000007,Instead Fitness,Sports,Fitness,PrimeGoods,88.41,72.73,S0272
P000008,Between Running,Sports,Running,PrimeGoods,1284.1,765.22,S0124
P000009,Also Cricket,Sports,Cricket,GlobalMart,435.3,326.1,S0286
P000010,Market Fitness,Sports,Fitness,EverBuy,1505.42,869.22,S0240
P000011,Conference Business,Books,Business,GlobalMart,921.29,698.87,S0084
P000012,So Furniture,Home,Furniture,PrimeGoods,593.11,502.44,S0404
P000013,Make Technology,Books,Technology,EverBuy,327.73,209.22,S0411
P000014,Describe Decor,Home,Decor,NextGen,1400.1,871.26,S0498
P000015,Course Appliances,Home,Appliances,EverBuy,1439.29,943.64,S0379
P000016,Low Kitchen,Home,Kitchen,EverBuy,1131.66,849.52,S0159
P000017,This Jackets,Clothing,Jackets,Apex,1521.38,906.28,S0254
P000018,Recognize Running,Sports,Running,NovaTech,658.4,494.38,S0084
P000019,Baby Business,Books,Business,Apex,149.42,87.41,S0337
P000020,Thing Fitness,Sports,Fitness,NovaTech,436.83,246.28,S0388
P000021,Go Football,Sports,Football,NovaTech,853.27,697.37,S0405
P000022,Claim Appliances,Home,Appliances,GlobalMart,832.48,648.96,S0296
P000023,Force Appliances,Home,Appliances,EverBuy,362.85,247.32,S0387
P000024,World Comics,Books,Comics,EverBuy,1082.08,885.91,S0111
P000025,Market Business,Books,Business,PrimeGoods,1398.73,854.02,S0050
P000026,Hot Education,Books,Education,UrbanEdge,971.94,624.41,S0098
P000027,Teach Jackets,Clothing,Jackets,NextGen,600.53,352.59,S0239
P000028,Open Running,Sports,Running,PrimeGoods,1231.02,969.83,S0240
P000029,Others Lighting,Home,Lighting,GlobalMart,332.85,204.11,S0097
P000030,Ask Shoes,Clothing,Shoes,NextGen,629.59,519.59,S0351
P000031,Woman Technology,Books,Technology,EverBuy,456.02,386.07,S0061
P000032,Quickly Education,Books,Education,GlobalMart,98.1,65.1,S0034
P000033,Imagine Education,Books,Education,Vertex,1530.98,940.59,S0330
P000034,Without Decor,Home,Decor,GlobalMart,969.95,716.57,S0307
P000035,Energy Smartphone,Electronics,Smartphone,EverBuy,636.14,545.15,S0478
P000036,Himself Laptop,Electronics,Laptop,NovaTech,1406.76,958.61,S0254
P000037,Sell Shirts,Clothing,Shirts,NovaTech,191.0,147.48,S0186
P000038,Every Shirts,Clothing,Shirts,Vertex,573.18,486.74,S0120
P000039,Receive Comics,Books,Comics,NovaTech,1157.08,672.77,S0142
P000040,Real Appliances,Home,Appliances,Apex,1326.79,752.0,S0094
P000041,Decide Football,Sports,Football,EverBuy,1325.87,842.92,S0363
P000042,Radio Monitor,Electronics,Monitor,Vertex,1070.6,760.41,S0336
P000043,Than Business,Books,Business,EverBuy,367.09,289.89,S0081
P000044,Trip Furniture,Home,Furniture,PrimeGoods,422.89,240.67,S0255
P000045,Job Trousers,Clothing,Trousers,UrbanEdge,1344.22,833.68,S0340
P000046,Manager Smartphone,Electronics,Smartphone,UrbanEdge,1459.42,893.29,S0387
P000047,Responsibility Smartphone,Electronics,Smartphone,Vertex,1192.57,786.49,S0150
P000048,Form Fiction,Books,Fiction,UrbanEdge,331.91,229.7,S0013
P000049,Although Decor,Home,Decor,EverBuy,436.69,316.72,S0047
P000050,Money Smartphone,Electronics,Smartphone,GlobalMart,444.32,247.73,S0472
P000051,Science Headphones,Electronics,Headphones,GlobalMart,1292.52,844.71,S0338
P000052,Rate Fitness,Sports,Fitness,NextGen,1111.37,898.78,S0285
P000053,Arrive Monitor,Electronics,Monitor,PrimeGoods,895.3,766.44,S0085
P000054,Suggest Tablet,Electronics,Tablet,Apex,327.53,207.21,S0470
P000055,Speech Football,Sports,Football,GlobalMart,779.92,453.92,S0495
P000056,Certain Kitchen,Home,Kitchen,Apex,1001.29,586.92,S0008
P000057,Pass Accessories,Clothing,Accessories,EverBuy,492.43,400.59,S0200
P000058,Suggest Business,Books,Business,UrbanEdge,770.57,577.29,S0234
P000059,Need Football,Sports,Football,Apex,427.25,267.76,S0430
P000060,Ability Education,Books,Education,UrbanEdge,859.34,702.02,S0458
P000061,Nation Technology,Books,Technology,NovaTech,248.23,143.5,S0085
P000062,Year Fiction,Books,Fiction,NextGen,1621.32,952.04,S0122
P000063,Official Shirts,Clothing,Shirts,NovaTech,133.9,79.74,S0258
P000064,Politics Lighting,Home,Lighting,PrimeGoods,1487.38,990.56,S0452
P000065,Paper Kitchen,Home,Kitchen,GlobalMart,717.69,618.84,S0132
P000066,West Education,Books,Education,GlobalMart,354.28,283.06,S0406
P000067,Always Education,Books,Education,EverBuy,651.05,477.52,S0487
P000068,Individual Fitness,Sports,Fitness,EverBuy,371.66,294.94,S0032
P000069,Space Outdoor,Sports,Outdoor,NextGen,165.38,122.8,S0048
P000070,Surface Decor,Home,Decor,UrbanEdge,469.83,394.55,S0225
P000071,Live Shirts,Clothing,Shirts,Vertex,545.96,357.07,S0374
P000072,Clearly Football,Sports,Football,Apex,1234.56,780.95,S0418
P000073,Model Outdoor,Sports,Outdoor,Vertex,645.52,395.2,S0362
P000074,Civil Shoes,Clothing,Shoes,PrimeGoods,61.34,48.37,S0451
P000075,Husband Education,Books,Education,GlobalMart,239.63,141.1,S0202
P000076,Drive Football,Sports,Football,PrimeGoods,1364.92,897.84,S0084
P000077,Maintain Outdoor,Sports,Outdoor,Apex,480.91,307.67,S0090
P000078,Than Lighting,Home,Lighting,EverBuy,1107.28,863.65,S0325
P000079,Wife Technology,Books,Technology,Vertex,872.51,559.76,S0265
P000080,Hospital Cricket,Sports,Cricket,PrimeGoods,936.26,766.65,S0226
P000081,Republican Smartphone,Electronics,Smartphone,NovaTech,1332.2,815.09,S0218
P000082,Style Accessories,Clothing,Accessories,NextGen,222.44,155.09,S0445
P000083,Visit Lighting,Home,Lighting,Apex,611.27,511.45,S0121
P000084,Choose Shirts,Clothing,Shirts,NovaTech,875.58,757.5,S0324
P000085,Gun Technology,Books,Technology,Apex,1272.38,722.82,S0266
P000086,Middle Trousers,Clothing,Trousers,NovaTech,939.85,573.91,S0474
P000087,Particular Monitor,Electronics,Monitor,GlobalMart,904.76,677.36,S0156
P000088,Source Shirts,Clothing,Shirts,Vertex,327.05,245.61,S0080
P000089,Carry Headphones,Electronics,Headphones,Apex,1377.54,812.84,S0460
P000090,Fill Comics,Books,Comics,Vertex,633.53,447.61,S0459
P000091,Time Cricket,Sports,Cricket,Vertex,597.46,421.75,S0036
P000092,Box Decor,Home,Decor,NextGen,991.0,554.59,S0085
P000093,Father Football,Sports,Football,PrimeGoods,72.8,55.92,S0231
P000094,Thing Business,Books,Business,EverBuy,1038.06,855.43,S0055
P000095,Might Accessories,Clothing,Accessories,NextGen,726.08,587.83,S0355
P000096,Themselves Fiction,Books,Fiction,EverBuy,203.5,121.79,S0202
P000097,Rule Tablet,Electronics,Tablet,Vertex,329.29,281.11,S0296
P000098,Night Education,Books,Education,PrimeGoods,746.34,599.51,S0385
P000099,Speech Cricket,Sports,Cricket,GlobalMart,1151.38,676.04,S0020
P000100,Rest Business,Books,Business,NovaTech,1117.99,839.84,S0323
P000101,Exactly Lighting,Home,Lighting,Apex,1118.33,767.54,S0065
P000102,Worry Lighting,Home,Lighting,UrbanEdge,865.18,514.15,S0256
P000103,Allow Accessories,Clothing,Accessories,Apex,524.9,439.91,S0198
P000104,Rather Headphones,Electronics,Headphones,UrbanEdge,1043.51,764.81,S0478
P000105,Last Fitness,Sports,Fitness,Vertex,1614.76,908.12,S0254
P000106,Leader Comics,Books,Comics,PrimeGoods,25.69,18.49,S0087
P000107,Down Monitor,Electronics,Monitor,PrimeGoods,828.0,537.37,S0373
P000108,Writer Decor,Home,Decor,Apex,433.89,354.73,S0418
P000109,Husband Technology,Books,Technology,GlobalMart,272.41,228.73,S0117
P000110,Discussion Fiction,Books,Fiction,Apex,695.91,571.85,S0484
P000111,Describe Football,Sports,Football,Apex,890.89,503.76,S0044
P000112,Old Shirts,Clothing,Shirts,Vertex,314.53,187.15,S0350
P000113,Page Accessories,Clothing,Accessories,EverBuy,324.69,260.8,S0348
P000114,Agent Tablet,Electronics,Tablet,Vertex,430.31,260.98,S0001
P000115,Tonight Decor,Home,Decor,UrbanEdge,342.55,241.5,S0210
P000116,Voice Technology,Books,Technology,NovaTech,346.46,257.16,S0234
P000117,Produce Trousers,Clothing,Trousers,PrimeGoods,300.84,200.14,S0213
P000118,Power Tablet,Electronics,Tablet,NextGen,965.91,559.99,S0289
P000119,So Football,Sports,Football,NextGen,66.48,55.81,S0100
P000120,Book Monitor,Electronics,Monitor,NovaTech,736.35,494.26,S0022
P000121,Why Kitchen,Home,Kitchen,EverBuy,503.92,328.96,S0493
P000122,How Football,Sports,Football,Vertex,577.79,401.83,S0336
P000123,Board Kitchen,Home,Kitchen,Apex,1106.36,696.0,S0110
P000124,Training Fitness,Sports,Fitness,EverBuy,1410.92,923.87,S0197
P000125,Take Laptop,Electronics,Laptop,EverBuy,623.41,383.74,S0025
P000126,Policy Kitchen,Home,Kitchen,NovaTech,1313.6,877.29,S0380
P000127,Show Laptop,Electronics,Laptop,Apex,1157.89,913.65,S0116
P000128,Which Education,Books,Education,GlobalMart,622.81,371.44,S0402
P000129,Help Education,Books,Education,Apex,1161.77,859.98,S0425
P000130,Current Lighting,Home,Lighting,NextGen,253.04,180.61,S0467
P000131,Important Business,Books,Business,EverBuy,484.05,376.9,S0271
P000132,Page Cricket,Sports,Cricket,NextGen,607.64,404.32,S0160
P000133,Certainly Shoes,Clothing,Shoes,GlobalMart,1452.32,870.19,S0245
P000134,Animal Monitor,Electronics,Monitor,EverBuy,911.89,527.78,S0095
P000135,Affect Football,Sports,Football,UrbanEdge,147.08,90.62,S0102
P000136,With Cricket,Sports,Cricket,NovaTech,1514.83,914.44,S0248
P000137,But Outdoor,Sports,Outdoor,GlobalMart,1054.33,669.77,S0313
P000138,Ten Lighting,Home,Lighting,NextGen,509.91,342.12,S0377
P000139,Need Fitness,Sports,Fitness,NovaTech,722.26,446.84,S0279
P000140,Production Kitchen,Home,Kitchen,UrbanEdge,508.08,296.08,S0393
P000141,Rate Technology,Books,Technology,NextGen,712.91,467.63,S0034
P000142,Day Headphones,Electronics,Headphones,PrimeGoods,449.25,357.06,S0150
P000143,Owner Fitness,Sports,Fitness,NovaTech,18.56,12.42,S0173
P000144,Without Decor,Home,Decor,EverBuy,963.25,674.43,S0413
P000145,Want Smartphone,Electronics,Smartphone,EverBuy,1063.61,661.15,S0356
P000146,Thus Trousers,Clothing,Trousers,EverBuy,74.48,54.53,S0176
P000147,Show Appliances,Home,Appliances,PrimeGoods,1340.24,931.25,S0078
P000148,Before Outdoor,Sports,Outdoor,PrimeGoods,431.84,288.83,S0025
P000149,Improve Shirts,Clothing,Shirts,Apex,315.44,178.57,S0152
P000150,Event Laptop,Electronics,Laptop,UrbanEdge,551.83,308.66,S0018
P000151,Miss Appliances,Home,Appliances,PrimeGoods,1134.25,661.38,S0398
P000152,Foot Outdoor,Sports,Outdoor,PrimeGoods,662.3,526.0,S0345
P000153,Question Kitchen,Home,Kitchen,Apex,121.32,87.52,S0178
P000154,Perhaps Shirts,Clothing,Shirts,Apex,244.15,179.44,S0202
P000155,About Fitness,Sports,Fitness,NextGen,819.26,474.95,S0156
P000156,Rise Tablet,Electronics,Tablet,Vertex,489.08,319.51,S0498
P000157,Investment Outdoor,Sports,Outdoor,EverBuy,1447.97,935.23,S0356
P000158,It Appliances,Home,Appliances,GlobalMart,91.27,78.3,S0262
P000159,Effect Fitness,Sports,Fitness,GlobalMart,939.28,652.11,S0417
P000160,Back Trousers,Clothing,Trousers,PrimeGoods,636.29,454.96,S0193
P000161,Hit Smartphone,Electronics,Smartphone,Vertex,906.12,591.04,S0275
P000162,Parent Furniture,Home,Furniture,Vertex,731.82,575.95,S0176
P000163,Attorney Comics,Books,Comics,NovaTech,283.72,167.93,S0481
P000164,Take Monitor,Electronics,Monitor,NextGen,447.68,383.48,S0172
P000165,Eat Trousers,Clothing,Trousers,UrbanEdge,1455.97,911.64,S0036
P000166,Wife Jackets,Clothing,Jackets,EverBuy,754.61,519.34,S0338
P000167,High Furniture,Home,Furniture,NextGen,463.16,377.96,S0089
P000168,Care Fiction,Books,Fiction,UrbanEdge,1146.74,938.37,S0123
P000169,Term Business,Books,Business,PrimeGoods,1279.73,755.18,S0126
P000170,Where Furniture,Home,Furniture,EverBuy,279.04,209.57,S0078
P000171,Century Technology,Books,Technology,PrimeGoods,1440.05,986.39,S0384
P000172,Vote Jackets,Clothing,Jackets,PrimeGoods,676.82,493.06,S0459
P000173,Five Monitor,Electronics,Monitor,GlobalMart,819.1,495.68,S0425
P000174,Middle Appliances,Home,Appliances,NextGen,458.56,308.84,S0309
P000175,I Business,Books,Business,Apex,610.44,530.37,S0338
P000176,Analysis Kitchen,Home,Kitchen,NextGen,995.65,847.84,S0394
P000177,Left Technology,Books,Technology,Vertex,1284.52,982.09,S0309
P000178,His Trousers,Clothing,Trousers,PrimeGoods,435.32,252.54,S0291
P000179,Second Furniture,Home,Furniture,GlobalMart,1250.73,985.63,S0206
P000180,Represent Decor,Home,Decor,Apex,726.99,471.96,S0282
P000181,Training Shirts,Clothing,Shirts,Vertex,515.89,412.73,S0174
P000182,She Laptop,Electronics,Laptop,GlobalMart,1002.46,635.67,S0226
P000183,Spring Running,Sports,Running,NovaTech,935.97,573.14,S0104
P000184,Moment Education,Books,Education,NovaTech,392.82,289.16,S0188
P000185,Conference Headphones,Electronics,Headphones,GlobalMart,1072.38,815.54,S0102
P000186,Then Furniture,Home,Furniture,PrimeGoods,461.18,373.82,S0238
P000187,Beyond Outdoor,Sports,Outdoor,EverBuy,990.6,613.47,S0442
P000188,Hair Appliances,Home,Appliances,NovaTech,234.38,161.4,S0153
P000189,Whether Technology,Books,Technology,Vertex,595.25,332.99,S0209
P000190,Different Education,Books,Education,PrimeGoods,276.81,154.29,S0177
P000191,Increase Trousers,Clothing,Trousers,Vertex,326.83,190.31,S0085
P000192,Smile Trousers,Clothing,Trousers,Vertex,229.59,129.5,S0117
P000193,Writer Comics,Books,Comics,GlobalMart,782.46,512.66,S0060
P000194,Teacher Shirts,Clothing,Shirts,GlobalMart,34.87,29.85,S0257
P000195,Yes Kitchen,Home,Kitchen,NextGen,124.99,82.92,S0022
P000196,Hair Technology,Books,Technology,GlobalMart,237.6,186.19,S0402
P000197,Understand Outdoor,Sports,Outdoor,NovaTech,1061.45,733.18,S0045
P000198,Who Comics,Books,Comics,GlobalMart,223.79,169.0,S0486
P000199,We Monitor,Electronics,Monitor,NovaTech,170.29,131.53,S0273
P000200,Center Fitness,Sports,Fitness,GlobalMart,1131.72,666.65,S0074
P000201,Let Decor,Home,Decor,PrimeGoods,777.76,606.72,S0322
P000202,Exist Technology,Books,Technology,EverBuy,1640.99,937.25,S0443
P000203,Expert Furniture,Home,Furniture,GlobalMart,1442.85,917.05,S0108
P000204,Radio Furniture,Home,Furniture,Apex,395.78,274.58,S0415
P000205,Itself Jackets,Clothing,Jackets,EverBuy,430.95,271.31,S0232
P000206,Here Running,Sports,Running,NovaTech,1112.32,729.66,S0318
P000207,Foreign Accessories,Clothing,Accessories,PrimeGoods,774.04,544.99,S0258
P000208,Brother Running,Sports,Running,NovaTech,314.05,196.68,S0403
P000209,Structure Shirts,Clothing,Shirts,Apex,1201.2,985.42,S0447
P000210,Look Furniture,Home,Furniture,GlobalMart,317.42,196.25,S0068
P000211,Record Appliances,Home,Appliances,NextGen,200.08,122.78,S0199
P000212,Toward Cricket,Sports,Cricket,UrbanEdge,420.43,332.2,S0046
P000213,Worry Education,Books,Education,GlobalMart,226.37,177.58,S0312
P000214,Consider Comics,Books,Comics,EverBuy,1002.28,852.71,S0394
P000215,Dream Shoes,Clothing,Shoes,EverBuy,875.84,543.38,S0212
P000216,Think Furniture,Home,Furniture,NextGen,1163.22,882.57,S0062
P000217,Author Headphones,Electronics,Headphones,NovaTech,1029.92,826.33,S0406
P000218,Difficult Shirts,Clothing,Shirts,Vertex,931.52,564.81,S0182
P000219,Stop Laptop,Electronics,Laptop,PrimeGoods,1082.49,924.54,S0453
P000220,According Running,Sports,Running,Vertex,154.09,131.39,S0463
P000221,Last Comics,Books,Comics,GlobalMart,608.89,393.3,S0397
P000222,Room Smartphone,Electronics,Smartphone,UrbanEdge,789.13,491.35,S0485
P000223,Respond Monitor,Electronics,Monitor,PrimeGoods,987.73,557.78,S0074
P000224,Success Running,Sports,Running,GlobalMart,1227.65,700.15,S0201
P000225,Effort Shirts,Clothing,Shirts,GlobalMart,1576.75,985.84,S0176
P000226,Stop Accessories,Clothing,Accessories,GlobalMart,669.25,518.83,S0012
P000227,Race Headphones,Electronics,Headphones,UrbanEdge,1213.75,713.6,S0179
P000228,Parent Tablet,Electronics,Tablet,PrimeGoods,499.32,292.68,S0158
P000229,Past Smartphone,Electronics,Smartphone,UrbanEdge,490.58,277.14,S0397
P000230,Interest Appliances,Home,Appliances,UrbanEdge,319.05,185.14,S0426
P000231,Security Trousers,Clothing,Trousers,NextGen,1069.14,821.39,S0134
P000232,Oil Comics,Books,Comics,EverBuy,879.33,489.98,S0062
P000233,Indeed Outdoor,Sports,Outdoor,NovaTech,1283.08,918.04,S0284
P000234,Safe Football,Sports,Football,Vertex,879.41,526.18,S0359
P000235,Take Outdoor,Sports,Outdoor,NovaTech,1125.94,651.14,S0355
P000236,Likely Tablet,Electronics,Tablet,GlobalMart,811.41,516.89,S0341
P000237,Try Decor,Home,Decor,EverBuy,354.73,205.44,S0085
P000238,Specific Business,Books,Business,Vertex,389.55,287.99,S0094
P000239,Than Jackets,Clothing,Jackets,EverBuy,1146.49,818.05,S0198
P000240,Key Laptop,Electronics,Laptop,EverBuy,672.59,412.23,S0243
P000241,Sea Laptop,Electronics,Laptop,PrimeGoods,1307.71,729.05,S0379
P000242,Evening Football,Sports,Football,Apex,917.85,737.62,S0207
P000243,Deep Tablet,Electronics,Tablet,NextGen,1044.32,826.19,S0310
P000244,Strong Headphones,Electronics,Headphones,PrimeGoods,560.32,376.48,S0021
P000245,When Laptop,Electronics,Laptop,NextGen,800.19,452.35,S0158
P000246,Together Appliances,Home,Appliances,Vertex,820.12,706.87,S0263
P000247,Seat Fiction,Books,Fiction,PrimeGoods,758.17,581.52,S0138
P000248,Yourself Football,Sports,Football,PrimeGoods,1414.04,862.63,S0249
P000249,Purpose Outdoor,Sports,Outdoor,NextGen,132.16,82.66,S0308
P000250,Establish Smartphone,Electronics,Smartphone,PrimeGoods,1681.86,991.89,S0058
P000251,Personal Decor,Home,Decor,GlobalMart,427.79,283.16,S0241
P000252,Society Decor,Home,Decor,NovaTech,866.96,502.34,S0055
P000253,Fast Running,Sports,Running,Apex,620.64,405.49,S0316
P000254,Write Fiction,Books,Fiction,Apex,675.01,467.5,S0293
P000255,Pass Fitness,Sports,Fitness,PrimeGoods,836.97,473.63,S0035
P000256,Image Comics,Books,Comics,NextGen,1316.09,997.47,S0317
P000257,Deal Monitor,Electronics,Monitor,GlobalMart,551.13,382.02,S0394
P000258,Sport Furniture,Home,Furniture,PrimeGoods,1425.44,958.61,S0055
P000259,Building Jackets,Clothing,Jackets,Vertex,302.55,242.64,S0108
P000260,Something Kitchen,Home,Kitchen,UrbanEdge,236.35,205.36,S0452
P000261,You Tablet,Electronics,Tablet,NextGen,1656.14,963.64,S0100
P000262,Level Education,Books,Education,GlobalMart,421.47,352.07,S0221
P000263,Today Lighting,Home,Lighting,GlobalMart,974.44,679.48,S0146
P000264,Item Monitor,Electronics,Monitor,Apex,390.28,292.31,S0238
P000265,Gas Lighting,Home,Lighting,PrimeGoods,1016.38,881.29,S0474
P000266,Partner Lighting,Home,Lighting,EverBuy,1247.12,783.65,S0124
P000267,Tv Shirts,Clothing,Shirts,NextGen,212.66,162.72,S0353
P000268,Fight Laptop,Electronics,Laptop,GlobalMart,862.71,650.63,S0316
P000269,Increase Headphones,Electronics,Headphones,UrbanEdge,1173.73,806.61,S0468
P000270,Economic Kitchen,Home,Kitchen,UrbanEdge,661.61,400.38,S0427
P000271,Federal Appliances,Home,Appliances,GlobalMart,203.8,128.3,S0368
P000272,Often Lighting,Home,Lighting,Vertex,1066.33,853.47,S0414
P000273,Animal Shoes,Clothing,Shoes,NovaTech,912.58,696.4,S0464
P000274,Hold Shirts,Clothing,Shirts,Vertex,374.15,307.16,S0170
P000275,Month Tablet,Electronics,Tablet,EverBuy,1119.19,652.94,S0366
P000276,Again Laptop,Electronics,Laptop,PrimeGoods,813.28,522.36,S0355
P000277,Provide Headphones,Electronics,Headphones,EverBuy,422.83,286.32,S0211
P000278,Member Education,Books,Education,UrbanEdge,675.68,496.72,S0357
P000279,Start Fiction,Books,Fiction,GlobalMart,1086.13,647.29,S0220
P000280,Threat Headphones,Electronics,Headphones,NovaTech,1013.43,657.05,S0299
P000281,Month Running,Sports,Running,NovaTech,320.23,245.84,S0219
P000282,Tonight Furniture,Home,Furniture,PrimeGoods,293.18,192.74,S0093
P000283,Bring Running,Sports,Running,Vertex,238.5,167.45,S0247
P000284,Since Lighting,Home,Lighting,Vertex,791.05,607.0,S0211
P000285,School Shirts,Clothing,Shirts,EverBuy,523.07,384.95,S0032
P000286,Pick Education,Books,Education,NextGen,301.94,215.9,S0015
P000287,Parent Furniture,Home,Furniture,NovaTech,638.92,531.51,S0328
P000288,Term Headphones,Electronics,Headphones,Apex,406.09,227.28,S0199
P000289,Through Headphones,Electronics,Headphones,Vertex,1659.55,977.79,S0160
P000290,Address Appliances,Home,Appliances,Vertex,368.73,205.82,S0254
P000291,Its Fiction,Books,Fiction,UrbanEdge,323.48,183.96,S0395
P000292,Campaign Education,Books,Education,GlobalMart,225.56,136.47,S0259
P000293,Require Business,Books,Business,NextGen,60.04,43.97,S0365
P000294,Though Cricket,Sports,Cricket,EverBuy,1019.8,850.14,S0496
P000295,Director Tablet,Electronics,Tablet,EverBuy,1166.55,851.67,S0250
P000296,Place Tablet,Electronics,Tablet,GlobalMart,1014.46,759.34,S0115
P000297,Political Tablet,Electronics,Tablet,NextGen,672.08,419.55,S0134
P000298,Seat Jackets,Clothing,Jackets,NovaTech,1046.37,802.02,S0489
P000299,Probably Shoes,Clothing,Shoes,UrbanEdge,93.82,60.36,S0199
P000300,Century Kitchen,Home,Kitchen,Vertex,217.04,127.35,S0020
P000301,Loss Accessories,Clothing,Accessories,NovaTech,548.97,349.77,S0284
P000302,Hotel Laptop,Electronics,Laptop,PrimeGoods,1225.31,755.11,S0368
P000303,Miss Tablet,Electronics,Tablet,UrbanEdge,1151.17,925.58,S0319
P000304,Might Laptop,Electronics,Laptop,EverBuy,975.9,546.61,S0496
P000305,Watch Monitor,Electronics,Monitor,NovaTech,133.63,89.88,S0383
P000306,Far Shoes,Clothing,Shoes,NovaTech,935.52,718.53,S0085
P000307,Actually Monitor,Electronics,Monitor,UrbanEdge,1351.64,954.49,S0430
P000308,Court Laptop,Electronics,Laptop,GlobalMart,39.84,23.37,S0326
P000309,Democrat Comics,Books,Comics,Apex,555.25,400.12,S0175
P000310,Pick Trousers,Clothing,Trousers,Apex,102.14,65.29,S0168
P000311,Walk Trousers,Clothing,Trousers,EverBuy,676.27,492.85,S0362
P000312,Amount Tablet,Electronics,Tablet,GlobalMart,707.71,608.63,S0076
P000313,Gas Outdoor,Sports,Outdoor,Vertex,664.79,391.79,S0255
P000314,Ball Fiction,Books,Fiction,PrimeGoods,986.44,715.36,S0056
P000315,Always Tablet,Electronics,Tablet,Apex,477.73,323.73,S0381
P000316,Line Appliances,Home,Appliances,GlobalMart,453.77,388.01,S0115
P000317,Anyone Jackets,Clothing,Jackets,GlobalMart,258.21,220.71,S0008
P000318,Television Smartphone,Electronics,Smartphone,EverBuy,838.15,723.39,S0222
P000319,Beautiful Shirts,Clothing,Shirts,UrbanEdge,503.95,306.34,S0162
P000320,Purpose Jackets,Clothing,Jackets,Apex,1275.69,859.4,S0306
P000321,Development Appliances,Home,Appliances,Vertex,1161.78,993.33,S0391
P000322,Different Business,Books,Business,Apex,1430.1,934.61,S0013
P000323,Doctor Outdoor,Sports,Outdoor,NovaTech,318.42,178.9,S0255
P000324,Seem Furniture,Home,Furniture,EverBuy,1692.8,942.8,S0162
P000325,Occur Decor,Home,Decor,PrimeGoods,1501.96,858.37,S0134
P000326,Public Laptop,Electronics,Laptop,EverBuy,840.97,560.19,S0215
P000327,First Tablet,Electronics,Tablet,Vertex,601.69,521.16,S0123
P000328,Minute Monitor,Electronics,Monitor,EverBuy,946.61,589.63,S0459
P000329,Son Trousers,Clothing,Trousers,EverBuy,425.99,300.24,S0452
P000330,Investment Running,Sports,Running,NovaTech,954.62,736.42,S0172
P000331,Particular Comics,Books,Comics,NextGen,1484.12,905.63,S0289
P000332,Official Running,Sports,Running,PrimeGoods,96.39,60.5,S0478
P000333,Product Headphones,Electronics,Headphones,EverBuy,959.23,795.63,S0230
P000334,Require Shirts,Clothing,Shirts,Vertex,24.26,13.97,S0410
P000335,Western Headphones,Electronics,Headphones,NovaTech,921.84,565.58,S0132
P000336,Direction Outdoor,Sports,Outdoor,UrbanEdge,1292.56,920.5,S0105
P000337,Happy Shirts,Clothing,Shirts,Vertex,963.96,561.62,S0115
P000338,Party Tablet,Electronics,Tablet,NovaTech,712.06,402.28,S0209
P000339,Lawyer Technology,Books,Technology,Apex,364.53,232.7,S0050
P000340,Time Education,Books,Education,Apex,342.11,297.25,S0354
P000341,Site Outdoor,Sports,Outdoor,UrbanEdge,1259.34,734.76,S0034
P000342,Marriage Fiction,Books,Fiction,GlobalMart,608.82,398.91,S0358
P000343,Remember Smartphone,Electronics,Smartphone,PrimeGoods,444.64,270.34,S0013
P000344,Politics Fiction,Books,Fiction,EverBuy,257.11,178.08,S0359
P000345,Until Kitchen,Home,Kitchen,NovaTech,982.09,563.21,S0439
P000346,State Fiction,Books,Fiction,UrbanEdge,858.15,738.79,S0458
P000347,Form Shirts,Clothing,Shirts,NovaTech,605.52,345.08,S0071
P000348,Student Monitor,Electronics,Monitor,GlobalMart,658.08,456.43,S0447
P000349,These Cricket,Sports,Cricket,EverBuy,255.67,196.26,S0139
P000350,Region Shirts,Clothing,Shirts,PrimeGoods,93.87,60.98,S0009
P000351,Increase Jackets,Clothing,Jackets,Vertex,225.65,165.8,S0284
P000352,Painting Headphones,Electronics,Headphones,Apex,831.12,596.99,S0133
P000353,Admit Lighting,Home,Lighting,PrimeGoods,16.29,10.24,S0454
P000354,Boy Shirts,Clothing,Shirts,NextGen,505.26,399.9,S0018
P000355,Area Outdoor,Sports,Outdoor,Vertex,614.19,449.13,S0365
P000356,Stock Education,Books,Education,PrimeGoods,1512.0,936.02,S0064
P000357,National Running,Sports,Running,EverBuy,955.81,567.88,S0247
P000358,Evening Furniture,Home,Furniture,PrimeGoods,616.83,489.18,S0028
P000359,Still Education,Books,Education,PrimeGoods,319.17,183.77,S0177
P000360,Above Smartphone,Electronics,Smartphone,Vertex,949.59,536.38,S0470
P000361,Thought Decor,Home,Decor,NovaTech,695.69,532.73,S0443
P000362,Recognize Shoes,Clothing,Shoes,NextGen,1433.2,999.5,S0375
P000363,Figure Monitor,Electronics,Monitor,EverBuy,1237.29,964.09,S0333
P000364,Know Cricket,Sports,Cricket,Apex,1250.11,818.67,S0339
P000365,Very Monitor,Electronics,Monitor,EverBuy,1277.61,716.88,S0438
P000366,Serious Outdoor,Sports,Outdoor,PrimeGoods,1220.11,876.64,S0475
P000367,Beautiful Technology,Books,Technology,UrbanEdge,1486.87,968.23,S0258
P000368,Manager Monitor,Electronics,Monitor,NovaTech,895.27,733.81,S0334
P000369,Former Headphones,Electronics,Headphones,EverBuy,630.77,512.3,S0448
P000370,Institution Appliances,Home,Appliances,NextGen,666.45,472.46,S0157
P000371,Form Furniture,Home,Furniture,UrbanEdge,1262.3,860.22,S0344
P000372,Modern Running,Sports,Running,GlobalMart,900.02,554.0,S0454
P000373,Matter Kitchen,Home,Kitchen,Apex,86.83,68.36,S0091
P000374,Sing Fitness,Sports,Fitness,NovaTech,774.82,485.59,S0176
P000375,Fall Fitness,Sports,Fitness,EverBuy,1105.8,957.13,S0039
P000376,Popular Fitness,Sports,Fitness,PrimeGoods,514.8,413.65,S0468
P000377,Wind Tablet,Electronics,Tablet,NovaTech,765.92,449.21,S0072
P000378,Senior Football,Sports,Football,NovaTech,195.87,149.75,S0453
P000379,Stay Tablet,Electronics,Tablet,NovaTech,616.79,370.54,S0457
P000380,Street Running,Sports,Running,EverBuy,988.37,668.66,S0001
P000381,All Football,Sports,Football,PrimeGoods,491.71,346.6,S0251
P000382,Seven Outdoor,Sports,Outdoor,EverBuy,741.35,487.2,S0030
P000383,Outside Comics,Books,Comics,EverBuy,150.29,84.42,S0062
P000384,Police Football,Sports,Football,GlobalMart,1142.57,667.02,S0039
P000385,Happy Jackets,Clothing,Jackets,GlobalMart,20.11,15.68,S0146
P000386,Want Monitor,Electronics,Monitor,NextGen,1681.28,958.13,S0401
P000387,Probably Furniture,Home,Furniture,UrbanEdge,923.71,751.12,S0179
P000388,Half Smartphone,Electronics,Smartphone,PrimeGoods,775.4,445.58,S0159
P000389,Read Kitchen,Home,Kitchen,NextGen,878.47,535.81,S0459
P000390,Always Fitness,Sports,Fitness,UrbanEdge,208.85,123.56,S0373
P000391,Program Appliances,Home,Appliances,NovaTech,1061.55,728.25,S0450
P000392,Trial Smartphone,Electronics,Smartphone,NovaTech,1233.06,767.62,S0045
P000393,Toward Smartphone,Electronics,Smartphone,NextGen,605.0,514.74,S0147
P000394,Although Shirts,Clothing,Shirts,EverBuy,1182.35,753.45,S0099
P000395,Particular Furniture,Home,Furniture,UrbanEdge,704.61,590.55,S0249
P000396,Later Technology,Books,Technology,EverBuy,322.68,228.68,S0051
P000397,Example Smartphone,Electronics,Smartphone,Vertex,159.0,103.39,S0426
P000398,More Fiction,Books,Fiction,EverBuy,831.92,570.39,S0183
P000399,Institution Jackets,Clothing,Jackets,NextGen,774.0,523.46,S0180
P000400,Since Decor,Home,Decor,GlobalMart,93.64,71.81,S0123
P000401,Participant Trousers,Clothing,Trousers,Vertex,479.67,300.33,S0359
P000402,Indicate Laptop,Electronics,Laptop,UrbanEdge,1013.53,761.64,S0112
P000403,Ten Outdoor,Sports,Outdoor,NovaTech,101.16,76.15,S0046
P000404,Both Laptop,Electronics,Laptop,UrbanEdge,1091.52,867.71,S0308
P000405,Financial Laptop,Electronics,Laptop,UrbanEdge,1083.13,867.7,S0025
P000406,Give Running,Sports,Running,GlobalMart,628.61,437.44,S0401
P000407,Simple Laptop,Electronics,Laptop,NextGen,403.78,229.87,S0112
P000408,Simple Kitchen,Home,Kitchen,Apex,1290.06,859.88,S0319
P000409,Although Laptop,Electronics,Laptop,Apex,1368.35,802.55,S0490
P000410,Trip Lighting,Home,Lighting,PrimeGoods,1300.75,742.54,S0325
P000411,Choice Kitchen,Home,Kitchen,PrimeGoods,414.87,315.66,S0322
P000412,Seven Laptop,Electronics,Laptop,Vertex,380.73,260.18,S0423
P000413,Baby Lighting,Home,Lighting,PrimeGoods,657.56,511.28,S0255
P000414,Likely Jackets,Clothing,Jackets,EverBuy,305.71,202.32,S0226
P000415,Relate Education,Books,Education,NovaTech,160.59,126.53,S0329
P000416,Look Appliances,Home,Appliances,Apex,564.09,372.59,S0400
P000417,Question Outdoor,Sports,Outdoor,EverBuy,917.44,630.2,S0428
P000418,Enough Fiction,Books,Fiction,PrimeGoods,671.2,523.66,S0446
P000419,Why Monitor,Electronics,Monitor,PrimeGoods,471.94,273.57,S0369
P000420,Beyond Headphones,Electronics,Headphones,UrbanEdge,614.75,476.35,S0181
P000421,Road Business,Books,Business,NovaTech,1051.09,874.19,S0495
P000422,East Technology,Books,Technology,UrbanEdge,277.84,201.06,S0334
P000423,Major Fiction,Books,Fiction,Apex,652.37,436.71,S0300
P000424,Study Kitchen,Home,Kitchen,PrimeGoods,725.67,528.54,S0191
P000425,Whole Fitness,Sports,Fitness,UrbanEdge,1245.12,915.11,S0350
P000426,Ten Shirts,Clothing,Shirts,GlobalMart,1017.83,749.67,S0329
P000427,Away Comics,Books,Comics,EverBuy,802.6,480.13,S0374
P000428,Network Comics,Books,Comics,UrbanEdge,1000.74,671.73,S0167
P000429,Something Technology,Books,Technology,UrbanEdge,824.41,695.91,S0215
P000430,Most Decor,Home,Decor,GlobalMart,584.06,500.79,S0055
P000431,During Technology,Books,Technology,NextGen,81.62,58.06,S0065
P000432,Test Fiction,Books,Fiction,PrimeGoods,1012.51,752.32,S0357
P000433,Plant Monitor,Electronics,Monitor,NovaTech,1233.44,885.22,S0336
P000434,Benefit Fitness,Sports,Fitness,GlobalMart,1129.39,872.46,S0221
P000435,Plant Accessories,Clothing,Accessories,Apex,882.38,704.6,S0336
P000436,Upon Monitor,Electronics,Monitor,Apex,817.75,473.46,S0394
P000437,Part Outdoor,Sports,Outdoor,EverBuy,147.36,92.34,S0257
P000438,Arm Shirts,Clothing,Shirts,NovaTech,143.01,114.94,S0036
P000439,Enough Trousers,Clothing,Trousers,PrimeGoods,1536.1,898.57,S0221
P000440,Four Tablet,Electronics,Tablet,NovaTech,199.13,143.78,S0227
P000441,Fact Jackets,Clothing,Jackets,Vertex,560.69,382.6,S0148
P000442,Available Shirts,Clothing,Shirts,NextGen,554.96,377.02,S0007
P000443,Next Accessories,Clothing,Accessories,GlobalMart,1266.94,928.25,S0206
P000444,Receive Comics,Books,Comics,UrbanEdge,629.96,445.5,S0263
P000445,Citizen Appliances,Home,Appliances,NovaTech,507.6,412.45,S0008
P000446,Once Shoes,Clothing,Shoes,Vertex,616.05,485.51,S0249
P000447,Suddenly Jackets,Clothing,Jackets,NextGen,1017.46,744.85,S0032
P000448,Treatment Cricket,Sports,Cricket,UrbanEdge,653.96,439.68,S0155
P000449,Up Outdoor,Sports,Outdoor,NextGen,657.19,457.32,S0364
P000450,College Smartphone,Electronics,Smartphone,EverBuy,1364.69,802.39,S0223
P000451,Water Headphones,Electronics,Headphones,NextGen,902.67,607.26,S0440
P000452,Agent Comics,Books,Comics,UrbanEdge,194.05,127.12,S0117
P000453,Garden Technology,Books,Technology,NovaTech,862.06,668.14,S0032
P000454,Speak Running,Sports,Running,NextGen,664.05,378.22,S0158
P000455,Rather Laptop,Electronics,Laptop,PrimeGoods,317.5,193.68,S0206
P000456,Wind Smartphone,Electronics,Smartphone,PrimeGoods,341.02,257.24,S0416
P000457,Phone Lighting,Home,Lighting,Vertex,1254.11,933.26,S0153
P000458,Huge Monitor,Electronics,Monitor,NextGen,184.43,129.0,S0307
P000459,Success Education,Books,Education,EverBuy,499.2,350.37,S0123
P000460,Education Smartphone,Electronics,Smartphone,UrbanEdge,1184.58,725.29,S0009
P000461,Certain Fitness,Sports,Fitness,UrbanEdge,932.26,573.23,S0167
P000462,Might Running,Sports,Running,Apex,904.46,519.51,S0055
P000463,Need Jackets,Clothing,Jackets,UrbanEdge,517.1,347.06,S0469
P000464,These Accessories,Clothing,Accessories,GlobalMart,1273.31,953.55,S0132
P000465,Someone Running,Sports,Running,PrimeGoods,1420.03,891.75,S0488
P000466,After Football,Sports,Football,EverBuy,1042.15,818.29,S0079
P000467,Individual Kitchen,Home,Kitchen,PrimeGoods,1289.69,862.84,S0322
P000468,Agreement Appliances,Home,Appliances,NextGen,641.83,506.22,S0007
P000469,Behind Trousers,Clothing,Trousers,NovaTech,197.0,131.94,S0084
P000470,Way Running,Sports,Running,EverBuy,1081.88,826.85,S0078
P000471,Action Fitness,Sports,Fitness,GlobalMart,373.29,317.0,S0426
P000472,Near Comics,Books,Comics,UrbanEdge,1070.82,607.81,S0336
P000473,Receive Education,Books,Education,Vertex,734.4,615.64,S0062
P000474,Rich Laptop,Electronics,Laptop,Vertex,1029.36,715.12,S0122
P000475,Them Accessories,Clothing,Accessories,UrbanEdge,57.38,47.96,S0073
P000476,Human Cricket,Sports,Cricket,PrimeGoods,1486.04,918.93,S0285
P000477,Positive Lighting,Home,Lighting,UrbanEdge,1587.12,896.23,S0302
P000478,Keep Running,Sports,Running,NovaTech,1020.34,872.39,S0138
P000479,Build Shoes,Clothing,Shoes,NextGen,1084.33,686.63,S0142
P000480,Lawyer Decor,Home,Decor,UrbanEdge,144.0,82.07,S0028
P000481,Teach Tablet,Electronics,Tablet,EverBuy,1181.03,973.48,S0475
P000482,Change Headphones,Electronics,Headphones,EverBuy,700.3,440.72,S0440
P000483,Before Football,Sports,Football,PrimeGoods,1199.93,792.3,S0367
P000484,Hope Kitchen,Home,Kitchen,EverBuy,655.73,564.8,S0262
P000485,So Decor,Home,Decor,NovaTech,312.42,263.92,S0033
P000486,Amount Shoes,Clothing,Shoes,NovaTech,662.33,512.49,S0328
P000487,Very Comics,Books,Comics,PrimeGoods,1112.97,647.31,S0153
P000488,Method Fiction,Books,Fiction,EverBuy,118.9,97.63,S0239
P000489,Open Fiction,Books,Fiction,Apex,1038.34,738.15,S0111
P000490,Scientist Monitor,Electronics,Monitor,Vertex,1484.8,827.53,S0486
P000491,Bag Laptop,Electronics,Laptop,PrimeGoods,457.02,342.41,S0273
P000492,Offer Running,Sports,Running,GlobalMart,1013.06,665.79,S0170
P000493,Character Furniture,Home,Furniture,NextGen,1568.47,873.59,S0401
P000494,Training Trousers,Clothing,Trousers,UrbanEdge,1496.94,921.85,S0107
P000495,Card Business,Books,Business,EverBuy,286.48,234.1,S0275
P000496,Money Shoes,Clothing,Shoes,NovaTech,253.44,204.07,S0231
P000497,Clearly Smartphone,Electronics,Smartphone,EverBuy,1109.23,962.97,S0253
P000498,Fire Trousers,Clothing,Trousers,NovaTech,68.06,41.52,S0185
P000499,Firm Fiction,Books,Fiction,PrimeGoods,816.69,583.75,S0341
P000500,Answer Tablet,Electronics,Tablet,UrbanEdge,459.22,295.0,S0421
P000501,Piece Decor,Home,Decor,NextGen,509.48,341.51,S0406
P000502,Statement Football,Sports,Football,EverBuy,372.76,219.03,S0129
P000503,Data Furniture,Home,Furniture,PrimeGoods,534.11,388.27,S0476
P000504,Main Shirts,Clothing,Shirts,Apex,720.38,461.74,S0052
P000505,How Kitchen,Home,Kitchen,NextGen,497.24,348.64,S0387
P000506,Few Comics,Books,Comics,Vertex,1087.83,727.11,S0325
P000507,Decision Lighting,Home,Lighting,NovaTech,644.02,546.83,S0264
P000508,Herself Monitor,Electronics,Monitor,GlobalMart,203.76,137.51,S0034
P000509,Long Shirts,Clothing,Shirts,PrimeGoods,561.77,328.92,S0498
P000510,Everything Headphones,Electronics,Headphones,NextGen,381.29,329.74,S0221
P000511,Out Running,Sports,Running,Apex,987.16,550.61,S0009
P000512,Choose Headphones,Electronics,Headphones,UrbanEdge,1139.16,811.97,S0115
P000513,It Shoes,Clothing,Shoes,Apex,1276.44,723.99,S0005
P000514,Student Comics,Books,Comics,Vertex,1266.28,758.69,S0344
P000515,Discover Headphones,Electronics,Headphones,GlobalMart,52.17,29.95,S0233
P000516,Deep Technology,Books,Technology,UrbanEdge,1418.63,845.2,S0146
P000517,Company Monitor,Electronics,Monitor,PrimeGoods,54.17,42.91,S0159
P000518,Crime Comics,Books,Comics,NextGen,223.73,136.52,S0481
P000519,Inside Tablet,Electronics,Tablet,UrbanEdge,738.49,581.39,S0199
P000520,Order Education,Books,Education,UrbanEdge,148.83,122.16,S0351
P000521,Size Appliances,Home,Appliances,NovaTech,1638.46,973.32,S0468
P000522,Certainly Business,Books,Business,PrimeGoods,984.42,816.42,S0444
P000523,True Furniture,Home,Furniture,PrimeGoods,471.47,379.32,S0334
P000524,Court Lighting,Home,Lighting,NovaTech,416.25,292.18,S0001
P000525,Knowledge Appliances,Home,Appliances,NovaTech,656.16,433.52,S0094
P000526,Professional Kitchen,Home,Kitchen,NextGen,23.27,14.09,S0366
P000527,Include Shoes,Clothing,Shoes,UrbanEdge,237.0,178.2,S0072
P000528,Sing Monitor,Electronics,Monitor,PrimeGoods,518.33,365.87,S0240
P000529,Thing Lighting,Home,Lighting,EverBuy,164.06,125.94,S0462
P000530,Traditional Appliances,Home,Appliances,EverBuy,152.1,93.45,S0168
P000531,Record Headphones,Electronics,Headphones,UrbanEdge,326.36,186.27,S0219
P000532,President Appliances,Home,Appliances,PrimeGoods,84.48,47.13,S0101
P000533,Order Running,Sports,Running,NextGen,58.8,40.4,S0072
P000534,Middle Kitchen,Home,Kitchen,Vertex,947.94,677.32,S0306
P000535,Particular Monitor,Electronics,Monitor,Vertex,645.67,445.91,S0025
P000536,Common Monitor,Electronics,Monitor,NovaTech,1163.08,858.11,S0209
P000537,Road Lighting,Home,Lighting,Vertex,1049.45,768.67,S0464
P000538,Sister Decor,Home,Decor,UrbanEdge,796.67,538.42,S0461
P000539,Challenge Fitness,Sports,Fitness,NovaTech,487.42,340.01,S0469
P000540,Manager Tablet,Electronics,Tablet,PrimeGoods,1131.15,887.46,S0357
P000541,American Jackets,Clothing,Jackets,Vertex,1359.21,925.94,S0263
P000542,Support Football,Sports,Football,EverBuy,1283.22,978.61,S0023
P000543,Church Trousers,Clothing,Trousers,EverBuy,1042.34,882.8,S0006
P000544,Local Furniture,Home,Furniture,UrbanEdge,902.8,522.23,S0038
P000545,More Technology,Books,Technology,EverBuy,640.23,398.59,S0263
P000546,Enter Jackets,Clothing,Jackets,EverBuy,1486.12,913.7,S0405
P000547,Well Kitchen,Home,Kitchen,Vertex,1371.95,855.39,S0197
P000548,Plant Appliances,Home,Appliances,Apex,265.48,186.18,S0394
P000549,Front Running,Sports,Running,NovaTech,830.11,652.05,S0346
P000550,Couple Cricket,Sports,Cricket,GlobalMart,417.73,285.96,S0279
P000551,Kitchen Business,Books,Business,PrimeGoods,1045.86,901.59,S0240
P000552,Thank Fitness,Sports,Fitness,UrbanEdge,224.49,143.96,S0360
P000553,Offer Running,Sports,Running,UrbanEdge,297.22,243.41,S0475
P000554,Crime Fiction,Books,Fiction,Apex,977.53,807.86,S0492
P000555,Wall Technology,Books,Technology,Vertex,204.29,147.14,S0490
P000556,Person Comics,Books,Comics,Vertex,409.78,235.79,S0455
P000557,Street Decor,Home,Decor,NovaTech,1551.38,927.06,S0088
P000558,Because Fitness,Sports,Fitness,UrbanEdge,542.99,464.95,S0112
P000559,Must Furniture,Home,Furniture,UrbanEdge,832.82,679.8,S0126
P000560,Must Laptop,Electronics,Laptop,NextGen,311.82,237.96,S0192
P000561,As Lighting,Home,Lighting,Vertex,1562.36,933.67,S0205
P000562,Show Football,Sports,Football,NextGen,1092.96,717.32,S0349
P000563,Wonder Shoes,Clothing,Shoes,Vertex,473.81,301.37,S0056
P000564,Crime Jackets,Clothing,Jackets,NextGen,966.2,781.01,S0423
P000565,Yourself Appliances,Home,Appliances,UrbanEdge,177.33,107.58,S0402
P000566,Image Appliances,Home,Appliances,Apex,19.84,11.99,S0171
P000567,Sea Football,Sports,Football,UrbanEdge,835.62,478.3,S0084
P000568,Page Decor,Home,Decor,GlobalMart,262.58,154.2,S0022
P000569,Any Shirts,Clothing,Shirts,Apex,1321.64,897.7,S0313
P000570,Year Cricket,Sports,Cricket,NovaTech,1262.14,863.95,S0075
P000571,Often Lighting,Home,Lighting,Vertex,100.27,74.06,S0146
P000572,Citizen Decor,Home,Decor,NextGen,453.29,351.86,S0267
P000573,Just Jackets,Clothing,Jackets,Apex,1382.12,828.41,S0091
P000574,Court Lighting,Home,Lighting,PrimeGoods,460.61,291.01,S0240
P000575,Television Appliances,Home,Appliances,Apex,101.16,58.33,S0347
P000576,Professor Tablet,Electronics,Tablet,PrimeGoods,495.58,349.05,S0387
P000577,Security Outdoor,Sports,Outdoor,Vertex,1246.22,778.43,S0483
P000578,Put Cricket,Sports,Cricket,NextGen,934.04,663.78,S0157
P000579,War Headphones,Electronics,Headphones,Apex,1121.9,734.18,S0272
P000580,Level Trousers,Clothing,Trousers,NovaTech,1595.52,936.73,S0411
P000581,Move Kitchen,Home,Kitchen,GlobalMart,577.91,354.08,S0320
P000582,Traditional Smartphone,Electronics,Smartphone,Vertex,1270.43,950.23,S0246
P000583,People Running,Sports,Running,Vertex,657.28,509.79,S0440
P000584,Reduce Fiction,Books,Fiction,NextGen,535.2,416.39,S0461
P000585,Nor Accessories,Clothing,Accessories,EverBuy,703.2,538.31,S0404
P000586,Black Fitness,Sports,Fitness,UrbanEdge,1280.05,851.61,S0039
P000587,Western Education,Books,Education,NextGen,133.54,78.57,S0307
P000588,Month Monitor,Electronics,Monitor,Apex,733.08,617.76,S0485
P000589,Too Business,Books,Business,NextGen,212.49,145.47,S0433
P000590,Describe Headphones,Electronics,Headphones,EverBuy,483.07,316.0,S0155
P000591,Force Shirts,Clothing,Shirts,NextGen,561.71,373.35,S0121
P000592,These Lighting,Home,Lighting,NextGen,1070.19,647.49,S0195
P000593,Third Lighting,Home,Lighting,GlobalMart,1187.95,805.37,S0002
P000594,Kind Outdoor,Sports,Outdoor,NovaTech,295.84,165.27,S0359
P000595,Very Accessories,Clothing,Accessories,EverBuy,609.22,459.59,S0025
P000596,Name Tablet,Electronics,Tablet,Vertex,1755.4,997.1,S0257
P000597,Listen Jackets,Clothing,Jackets,NextGen,981.69,750.43,S0423
P000598,Deep Lighting,Home,Lighting,NextGen,892.3,674.27,S0320
P000599,Send Smartphone,Electronics,Smartphone,GlobalMart,875.56,544.41,S0430
P000600,Rather Furniture,Home,Furniture,UrbanEdge,125.53,94.5,S0264
P000601,Mother Tablet,Electronics,Tablet,Apex,415.96,317.54,S0403
P000602,Movement Tablet,Electronics,Tablet,UrbanEdge,1167.36,715.76,S0189
P000603,Find Furniture,Home,Furniture,NovaTech,682.64,481.32,S0308
P000604,Member Trousers,Clothing,Trousers,NextGen,904.25,561.61,S0348
P000605,Federal Decor,Home,Decor,PrimeGoods,812.26,565.84,S0220
P000606,Because Appliances,Home,Appliances,UrbanEdge,1176.13,819.12,S0340
P000607,After Decor,Home,Decor,NovaTech,554.19,364.43,S0146
P000608,Their Lighting,Home,Lighting,GlobalMart,1134.06,773.3,S0280
P000609,Answer Jackets,Clothing,Jackets,UrbanEdge,600.34,394.32,S0178
P000610,Billion Education,Books,Education,GlobalMart,1057.24,729.15,S0083
P000611,North Shirts,Clothing,Shirts,Vertex,887.78,768.77,S0172
P000612,Pick Kitchen,Home,Kitchen,NovaTech,465.46,260.82,S0475
P000613,Could Shoes,Clothing,Shoes,UrbanEdge,536.63,433.24,S0347
P000614,Investment Fitness,Sports,Fitness,NovaTech,1054.53,768.52,S0012
P000615,Its Fitness,Sports,Fitness,UrbanEdge,940.37,770.29,S0489
P000616,Push Headphones,Electronics,Headphones,Vertex,1410.14,900.47,S0235
P000617,Work Outdoor,Sports,Outdoor,PrimeGoods,313.55,205.25,S0416
P000618,Maintain Comics,Books,Comics,UrbanEdge,523.09,297.26,S0141
P000619,Seven Shoes,Clothing,Shoes,Vertex,616.95,463.91,S0074
P000620,Pm Monitor,Electronics,Monitor,UrbanEdge,156.13,121.61,S0326
P000621,Natural Fitness,Sports,Fitness,PrimeGoods,250.98,161.3,S0209
P000622,Radio Football,Sports,Football,GlobalMart,381.17,238.73,S0356
P000623,Nothing Cricket,Sports,Cricket,EverBuy,520.41,445.21,S0248
P000624,Customer Comics,Books,Comics,Vertex,187.32,154.38,S0273
P000625,Really Fitness,Sports,Fitness,EverBuy,424.8,313.22,S0172
P000626,Special Technology,Books,Technology,UrbanEdge,1122.49,837.6,S0055
P000627,Save Fitness,Sports,Fitness,Vertex,1211.31,956.0,S0484
P000628,Attack Technology,Books,Technology,GlobalMart,1054.31,789.3,S0102
P000629,Husband Technology,Books,Technology,GlobalMart,473.99,361.19,S0150
P000630,Continue Education,Books,Education,Vertex,284.76,222.48,S0398
P000631,And Furniture,Home,Furniture,GlobalMart,1246.09,885.33,S0336
P000632,Art Monitor,Electronics,Monitor,UrbanEdge,1542.91,996.37,S0462
P000633,Door Shirts,Clothing,Shirts,EverBuy,336.97,235.8,S0440
P000634,For Lighting,Home,Lighting,Apex,382.49,304.34,S0292
P000635,Clearly Kitchen,Home,Kitchen,NextGen,303.9,241.19,S0174
P000636,Interest Running,Sports,Running,NextGen,1032.84,666.08,S0079
P000637,Could Trousers,Clothing,Trousers,PrimeGoods,917.24,573.67,S0300
P000638,Theory Business,Books,Business,EverBuy,878.8,550.63,S0266
P000639,Enough Shoes,Clothing,Shoes,NovaTech,1368.26,792.35,S0059
P000640,Forward Lighting,Home,Lighting,NovaTech,468.01,317.35,S0077
P000641,Human Laptop,Electronics,Laptop,Apex,1717.29,995.0,S0238
P000642,Market Appliances,Home,Appliances,PrimeGoods,980.39,713.31,S0160
P000643,Position Decor,Home,Decor,UrbanEdge,1209.19,685.5,S0274
P000644,Say Fitness,Sports,Fitness,PrimeGoods,1064.42,680.37,S0431
P000645,Once Running,Sports,Running,NovaTech,1195.96,688.82,S0060
P000646,Listen Headphones,Electronics,Headphones,EverBuy,958.59,655.34,S0227
P000647,Case Fiction,Books,Fiction,Vertex,623.93,508.9,S0338
P000648,Difficult Kitchen,Home,Kitchen,NovaTech,1313.54,800.1,S0265
P000649,Church Lighting,Home,Lighting,NextGen,821.89,466.0,S0448
P000650,Suggest Football,Sports,Football,UrbanEdge,322.37,228.29,S0267
P000651,Throughout Fiction,Books,Fiction,Apex,414.4,297.74,S0287
P000652,Cell Shirts,Clothing,Shirts,Vertex,331.59,269.84,S0056
P000653,Foreign Business,Books,Business,GlobalMart,547.24,350.53,S0107
P000654,Tend Technology,Books,Technology,NextGen,95.59,81.34,S0076
P000655,Bring Outdoor,Sports,Outdoor,Vertex,1236.22,815.35,S0310
P000656,Wear Headphones,Electronics,Headphones,PrimeGoods,1324.13,849.4,S0354
P000657,Suddenly Tablet,Electronics,Tablet,GlobalMart,1454.53,887.28,S0217
P000658,Law Fitness,Sports,Fitness,NextGen,882.78,697.15,S0256
P000659,Story Business,Books,Business,Vertex,704.78,562.8,S0002
P000660,Future Decor,Home,Decor,NextGen,945.56,777.79,S0319
P000661,Name Cricket,Sports,Cricket,UrbanEdge,662.62,387.89,S0172
P000662,Somebody Football,Sports,Football,Vertex,34.56,28.08,S0452
P000663,General Laptop,Electronics,Laptop,GlobalMart,625.13,462.76,S0069
P000664,Detail Outdoor,Sports,Outdoor,NextGen,371.5,250.44,S0248
P000665,Grow Monitor,Electronics,Monitor,UrbanEdge,140.87,104.38,S0197
P000666,Free Tablet,Electronics,Tablet,NovaTech,339.35,192.64,S0402
P000667,Food Jackets,Clothing,Jackets,NovaTech,1188.61,669.83,S0148
P000668,Newspaper Education,Books,Education,GlobalMart,960.28,749.42,S0159
P000669,Town Fiction,Books,Fiction,Apex,267.62,217.4,S0170
P000670,To Headphones,Electronics,Headphones,Apex,931.46,569.75,S0456
P000671,Size Comics,Books,Comics,PrimeGoods,893.72,573.11,S0046
P000672,Local Accessories,Clothing,Accessories,Apex,753.79,503.75,S0398
P000673,Realize Laptop,Electronics,Laptop,Vertex,659.69,484.92,S0446
P000674,Game Business,Books,Business,EverBuy,1076.0,606.87,S0059
P000675,Turn Headphones,Electronics,Headphones,EverBuy,102.01,63.73,S0361
P000676,Pass Decor,Home,Decor,Apex,223.67,141.94,S0364
P000677,Industry Education,Books,Education,GlobalMart,105.94,59.23,S0331
P000678,Defense Outdoor,Sports,Outdoor,UrbanEdge,1015.63,725.83,S0498
P000679,Science Cricket,Sports,Cricket,EverBuy,188.2,115.8,S0048
P000680,Center Decor,Home,Decor,UrbanEdge,422.9,278.7,S0146
P000681,Wish Smartphone,Electronics,Smartphone,PrimeGoods,979.24,791.52,S0385
P000682,Theory Outdoor,Sports,Outdoor,UrbanEdge,269.0,188.19,S0009
P000683,Economy Trousers,Clothing,Trousers,Vertex,77.17,51.12,S0044
P000684,Difficult Smartphone,Electronics,Smartphone,Apex,60.47,47.89,S0192
P000685,Alone Kitchen,Home,Kitchen,UrbanEdge,360.52,304.85,S0314
P000686,Ten Shoes,Clothing,Shoes,Vertex,1055.75,667.76,S0249
P000687,Media Smartphone,Electronics,Smartphone,Apex,1391.33,918.94,S0375
P000688,Tough Appliances,Home,Appliances,UrbanEdge,267.84,178.55,S0311
P000689,Any Outdoor,Sports,Outdoor,GlobalMart,229.37,132.67,S0008
P000690,None Fiction,Books,Fiction,UrbanEdge,980.38,651.37,S0023
P000691,Imagine Shoes,Clothing,Shoes,PrimeGoods,1080.75,830.38,S0323
P000692,Every Shoes,Clothing,Shoes,EverBuy,1012.28,567.73,S0176
P000693,Dog Accessories,Clothing,Accessories,GlobalMart,1188.21,719.84,S0251
P000694,Consumer Decor,Home,Decor,EverBuy,166.27,126.08,S0430
P000695,Lot Football,Sports,Football,PrimeGoods,525.5,447.8,S0358
P000696,Claim Kitchen,Home,Kitchen,UrbanEdge,1147.27,945.44,S0372
P000697,Must Appliances,Home,Appliances,PrimeGoods,637.66,413.25,S0345
P000698,Ago Outdoor,Sports,Outdoor,Vertex,871.97,626.46,S0046
P000699,Fire Shoes,Clothing,Shoes,PrimeGoods,462.66,392.5,S0283
P000700,Agency Fiction,Books,Fiction,UrbanEdge,1095.45,778.02,S0390
P000701,Identify Cricket,Sports,Cricket,PrimeGoods,1097.4,621.78,S0005
P000702,Special Comics,Books,Comics,EverBuy,1553.8,983.17,S0441
P000703,Tree Running,Sports,Running,NextGen,1045.81,754.69,S0168
P000704,Thousand Decor,Home,Decor,GlobalMart,86.94,66.81,S0036
P000705,Always Comics,Books,Comics,NovaTech,40.15,33.93,S0215
P000706,Four Cricket,Sports,Cricket,EverBuy,1219.22,679.51,S0021
P000707,From Appliances,Home,Appliances,Apex,401.06,274.59,S0229
P000708,Age Headphones,Electronics,Headphones,PrimeGoods,254.64,165.23,S0033
P000709,Western Jackets,Clothing,Jackets,NextGen,974.87,789.92,S0091
P000710,Day Shirts,Clothing,Shirts,Vertex,753.4,619.45,S0458
P000711,Major Headphones,Electronics,Headphones,GlobalMart,74.83,63.17,S0301
P000712,Worker Furniture,Home,Furniture,UrbanEdge,1150.17,834.45,S0167
P000713,Truth Fitness,Sports,Fitness,NovaTech,154.01,107.23,S0067
P000714,Try Running,Sports,Running,Vertex,1074.09,890.36,S0018
P000715,Bed Shirts,Clothing,Shirts,Apex,1410.39,787.33,S0413
P000716,Give Cricket,Sports,Cricket,GlobalMart,1017.63,844.36,S0123
P000717,Realize Shirts,Clothing,Shirts,NovaTech,379.6,239.71,S0392
P000718,Expert Decor,Home,Decor,EverBuy,432.64,281.47,S0128
P000719,Get Monitor,Electronics,Monitor,NextGen,326.15,185.07,S0129
P000720,Choice Football,Sports,Football,NovaTech,812.25,572.76,S0344
P000721,New Technology,Books,Technology,NovaTech,782.69,454.6,S0117
P000722,Oil Accessories,Clothing,Accessories,Vertex,99.86,70.8,S0417
P000723,Beyond Lighting,Home,Lighting,GlobalMart,1338.4,981.76,S0157
P000724,Different Shoes,Clothing,Shoes,NextGen,50.07,29.03,S0102
P000725,Kitchen Shoes,Clothing,Shoes,UrbanEdge,1038.11,803.51,S0209
P000726,Will Appliances,Home,Appliances,Apex,1103.23,636.71,S0237
P000727,Newspaper Shoes,Clothing,Shoes,NovaTech,446.38,302.13,S0207
P000728,Form Technology,Books,Technology,Apex,629.95,413.2,S0155
P000729,Red Smartphone,Electronics,Smartphone,Vertex,1315.53,969.11,S0124
P000730,Gun Running,Sports,Running,EverBuy,942.37,819.43,S0025
P000731,Name Fiction,Books,Fiction,PrimeGoods,751.35,525.13,S0309
P000732,Strategy Tablet,Electronics,Tablet,NextGen,1287.64,881.81,S0253
P000733,First Smartphone,Electronics,Smartphone,UrbanEdge,1434.31,965.46,S0399
P000734,Month Technology,Books,Technology,Apex,650.39,420.07,S0231
P000735,Science Comics,Books,Comics,NovaTech,621.61,374.29,S0083
P000736,After Education,Books,Education,NovaTech,670.14,485.87,S0185
P000737,Drop Comics,Books,Comics,NextGen,581.92,383.4,S0196
P000738,Paper Fiction,Books,Fiction,NextGen,657.25,425.72,S0158
P000739,Less Football,Sports,Football,Vertex,30.93,18.25,S0290
P000740,Sure Accessories,Clothing,Accessories,NovaTech,1210.26,924.93,S0328
P000741,Respond Lighting,Home,Lighting,GlobalMart,401.4,238.97,S0381
P000742,Sure Trousers,Clothing,Trousers,NovaTech,214.54,184.44,S0322
P000743,Social Fiction,Books,Fiction,PrimeGoods,1577.86,899.95,S0241
P000744,Subject Cricket,Sports,Cricket,Apex,1745.16,994.86,S0361
P000745,Appear Tablet,Electronics,Tablet,Vertex,1263.32,770.9,S0182
P000746,Product Lighting,Home,Lighting,NextGen,315.38,270.47,S0206
P000747,Try Football,Sports,Football,Apex,718.9,553.0,S0310
P000748,Today Tablet,Electronics,Tablet,Vertex,522.52,305.38,S0075
P000749,War Headphones,Electronics,Headphones,Apex,898.6,621.95,S0051
P000750,Race Accessories,Clothing,Accessories,NovaTech,451.91,380.9,S0471
P000751,Defense Furniture,Home,Furniture,NextGen,1466.77,911.54,S0351
P000752,Six Running,Sports,Running,PrimeGoods,686.26,494.5,S0448
P000753,Garden Comics,Books,Comics,Vertex,1722.5,963.13,S0272
P000754,Financial Accessories,Clothing,Accessories,Vertex,546.43,315.14,S0234
P000755,Try Outdoor,Sports,Outdoor,NovaTech,498.97,425.86,S0012
P000756,Benefit Tablet,Electronics,Tablet,GlobalMart,141.8,117.01,S0202
P000757,Turn Appliances,Home,Appliances,Vertex,294.76,244.51,S0060
P000758,Out Decor,Home,Decor,GlobalMart,898.16,637.96,S0011
P000759,Sure Running,Sports,Running,GlobalMart,1014.7,566.14,S0045
P000760,Rise Business,Books,Business,EverBuy,748.07,551.3,S0017
P000761,Church Cricket,Sports,Cricket,Vertex,1095.51,698.93,S0497
P000762,Citizen Tablet,Electronics,Tablet,EverBuy,187.43,149.8,S0084
P000763,Lose Technology,Books,Technology,PrimeGoods,693.65,565.69,S0497
P000764,Who Shoes,Clothing,Shoes,GlobalMart,1002.73,697.47,S0371
P000765,Left Lighting,Home,Lighting,Vertex,711.64,396.33,S0112
P000766,After Shoes,Clothing,Shoes,Vertex,406.74,255.35,S0171
P000767,Above Outdoor,Sports,Outdoor,EverBuy,229.8,165.92,S0097
P000768,Fast Smartphone,Electronics,Smartphone,GlobalMart,1443.78,858.98,S0163
P000769,Nice Headphones,Electronics,Headphones,UrbanEdge,1033.78,815.16,S0453
P000770,Pull Smartphone,Electronics,Smartphone,Vertex,862.16,523.25,S0462
P000771,Also Technology,Books,Technology,EverBuy,424.03,366.54,S0055
P000772,Rather Furniture,Home,Furniture,EverBuy,968.69,582.71,S0157
P000773,Issue Shoes,Clothing,Shoes,EverBuy,73.43,43.29,S0350
P000774,Film Running,Sports,Running,EverBuy,808.27,451.54,S0233
P000775,Provide Laptop,Electronics,Laptop,Vertex,1524.31,904.84,S0462
P000776,Race Lighting,Home,Lighting,EverBuy,99.03,78.34,S0481
P000777,Power Jackets,Clothing,Jackets,Vertex,1103.21,801.09,S0096
P000778,Home Kitchen,Home,Kitchen,Apex,621.44,504.47,S0035
P000779,Second Outdoor,Sports,Outdoor,PrimeGoods,1326.68,943.31,S0102
P000780,Attack Comics,Books,Comics,Apex,760.19,438.37,S0184
P000781,Improve Decor,Home,Decor,PrimeGoods,971.47,586.55,S0001
P000782,Third Furniture,Home,Furniture,UrbanEdge,596.4,333.01,S0126
P000783,Effort Football,Sports,Football,GlobalMart,1365.04,849.4,S0449
P000784,Affect Monitor,Electronics,Monitor,GlobalMart,443.47,286.75,S0040
P000785,Receive Technology,Books,Technology,GlobalMart,1051.87,766.7,S0120
P000786,Story Accessories,Clothing,Accessories,NovaTech,361.65,219.9,S0457
P000787,Ago Decor,Home,Decor,Vertex,696.29,583.96,S0399
P000788,Stop Shoes,Clothing,Shoes,UrbanEdge,1053.96,820.63,S0306
P000789,Growth Lighting,Home,Lighting,NextGen,822.5,674.9,S0463
P000790,Determine Lighting,Home,Lighting,UrbanEdge,847.9,584.94,S0239
P000791,Large Technology,Books,Technology,EverBuy,359.44,272.8,S0416
P000792,Lose Shoes,Clothing,Shoes,EverBuy,975.61,817.58,S0238
P000793,Argue Jackets,Clothing,Jackets,Vertex,916.52,750.81,S0218
P000794,Really Fitness,Sports,Fitness,PrimeGoods,1245.03,743.04,S0282
P000795,Situation Headphones,Electronics,Headphones,NovaTech,342.11,294.63,S0395
P000796,Far Smartphone,Electronics,Smartphone,Apex,1121.23,665.67,S0043
P000797,System Smartphone,Electronics,Smartphone,Apex,38.34,23.88,S0361
P000798,Imagine Football,Sports,Football,Vertex,1436.44,969.12,S0330
P000799,Ok Lighting,Home,Lighting,Vertex,1151.2,863.94,S0372
P000800,Strategy Shoes,Clothing,Shoes,GlobalMart,149.78,128.12,S0287
P000801,Ahead Fiction,Books,Fiction,Apex,798.95,483.55,S0407
P000802,During Cricket,Sports,Cricket,Vertex,189.78,133.44,S0233
P000803,Energy Education,Books,Education,EverBuy,403.24,255.96,S0028
P000804,No Cricket,Sports,Cricket,Apex,907.77,646.13,S0376
P000805,Have Trousers,Clothing,Trousers,NextGen,496.45,417.4,S0079
P000806,Rock Monitor,Electronics,Monitor,Apex,1245.06,931.64,S0201
P000807,Someone Kitchen,Home,Kitchen,Vertex,608.4,523.82,S0448
P000808,Accept Fitness,Sports,Fitness,Vertex,51.86,40.97,S0172
P000809,Fall Comics,Books,Comics,Apex,1178.38,810.99,S0495
P000810,Then Outdoor,Sports,Outdoor,GlobalMart,1056.9,615.14,S0174
P000811,Scene Fitness,Sports,Fitness,UrbanEdge,1181.98,986.79,S0229
P000812,Evidence Cricket,Sports,Cricket,NovaTech,341.66,294.65,S0092
P000813,Phone Smartphone,Electronics,Smartphone,EverBuy,100.34,79.69,S0481
P000814,Meeting Smartphone,Electronics,Smartphone,EverBuy,721.29,488.59,S0286
P000815,Fight Shirts,Clothing,Shirts,PrimeGoods,396.93,296.55,S0030
P000816,Goal Appliances,Home,Appliances,GlobalMart,1488.12,955.13,S0160
P000817,Involve Running,Sports,Running,NovaTech,115.87,81.83,S0341
P000818,Rise Tablet,Electronics,Tablet,NextGen,205.13,154.6,S0035
P000819,Bill Accessories,Clothing,Accessories,NovaTech,553.19,403.08,S0486
P000820,Machine Technology,Books,Technology,PrimeGoods,991.12,714.41,S0157
P000821,Teacher Football,Sports,Football,EverBuy,526.09,378.72,S0405
P000822,Two Shirts,Clothing,Shirts,Apex,49.34,30.99,S0231
P000823,Avoid Laptop,Electronics,Laptop,UrbanEdge,103.05,77.44,S0171
P000824,Rise Decor,Home,Decor,Vertex,477.11,274.67,S0462
P000825,Discuss Kitchen,Home,Kitchen,PrimeGoods,1391.14,880.8,S0378
P000826,Any Monitor,Electronics,Monitor,Apex,1176.19,708.56,S0438
P000827,Right Trousers,Clothing,Trousers,UrbanEdge,352.64,272.18,S0410
P000828,Fine Smartphone,Electronics,Smartphone,Vertex,33.97,29.34,S0398
P000829,Become Monitor,Electronics,Monitor,EverBuy,995.07,663.49,S0113
P000830,Agent Education,Books,Education,PrimeGoods,392.05,269.69,S0065
P000831,Treatment Shirts,Clothing,Shirts,EverBuy,1448.78,931.23,S0074
P000832,Public Monitor,Electronics,Monitor,Vertex,1129.86,781.28,S0487
P000833,Present Trousers,Clothing,Trousers,GlobalMart,514.18,294.29,S0236
P000834,Power Laptop,Electronics,Laptop,EverBuy,1565.85,980.21,S0154
P000835,Identify Monitor,Electronics,Monitor,Vertex,1388.14,970.38,S0351
P000836,Whom Comics,Books,Comics,NextGen,356.99,296.39,S0467
P000837,How Appliances,Home,Appliances,PrimeGoods,1374.57,877.86,S0273
P000838,Knowledge Laptop,Electronics,Laptop,NextGen,651.54,464.63,S0079
P000839,Miss Accessories,Clothing,Accessories,Vertex,311.13,252.46,S0253
P000840,Good Tablet,Electronics,Tablet,Apex,570.95,375.46,S0283
P000841,Door Lighting,Home,Lighting,Apex,154.04,131.76,S0314
P000842,Bed Outdoor,Sports,Outdoor,PrimeGoods,288.7,242.8,S0202
P000843,Special Tablet,Electronics,Tablet,NextGen,1221.85,983.66,S0269
P000844,Despite Cricket,Sports,Cricket,Apex,1068.6,727.8,S0121
P000845,Possible Shirts,Clothing,Shirts,Vertex,1225.9,968.38,S0163
P000846,Between Cricket,Sports,Cricket,UrbanEdge,173.4,125.75,S0410
P000847,Tv Fitness,Sports,Fitness,Vertex,297.43,244.41,S0240
P000848,Finally Decor,Home,Decor,NextGen,832.74,549.5,S0085
P000849,Shake Fitness,Sports,Fitness,UrbanEdge,331.63,250.09,S0391
P000850,Nothing Outdoor,Sports,Outdoor,PrimeGoods,378.04,227.84,S0388
P000851,Its Kitchen,Home,Kitchen,GlobalMart,1227.06,834.61,S0175
P000852,Mission Shirts,Clothing,Shirts,Vertex,236.16,150.18,S0353
P000853,Stay Outdoor,Sports,Outdoor,UrbanEdge,372.49,282.17,S0326
P000854,Floor Comics,Books,Comics,EverBuy,907.25,723.45,S0417
P000855,Control Shoes,Clothing,Shoes,Vertex,1092.52,847.91,S0241
P000856,Agree Fitness,Sports,Fitness,Apex,1031.67,682.16,S0392
P000857,Charge Cricket,Sports,Cricket,NextGen,455.14,264.05,S0049
P000858,House Business,Books,Business,PrimeGoods,518.73,419.73,S0071
P000859,Week Technology,Books,Technology,NovaTech,436.61,336.42,S0111
P000860,Wrong Tablet,Electronics,Tablet,PrimeGoods,879.41,569.17,S0027
P000861,Stage Headphones,Electronics,Headphones,PrimeGoods,541.62,307.48,S0095
P000862,Hundred Football,Sports,Football,PrimeGoods,1000.45,564.29,S0261
P000863,Maintain Tablet,Electronics,Tablet,NovaTech,1522.92,881.27,S0158
P000864,Thus Technology,Books,Technology,Apex,470.08,279.56,S0089
P000865,Somebody Football,Sports,Football,GlobalMart,1264.05,994.01,S0350
P000866,Officer Fiction,Books,Fiction,NextGen,1093.28,705.82,S0282
P000867,Indeed Shirts,Clothing,Shirts,PrimeGoods,926.74,683.65,S0229
P000868,Quality Decor,Home,Decor,EverBuy,965.38,757.68,S0056
P000869,Into Football,Sports,Football,PrimeGoods,708.13,522.02,S0122
P000870,We Decor,Home,Decor,NextGen,212.99,180.07,S0280
P000871,Song Kitchen,Home,Kitchen,Vertex,839.58,701.08,S0012
P000872,Recognize Cricket,Sports,Cricket,EverBuy,227.38,145.16,S0122
P000873,Their Outdoor,Sports,Outdoor,UrbanEdge,21.73,17.87,S0070
P000874,Despite Monitor,Electronics,Monitor,PrimeGoods,1346.08,869.13,S0444
P000875,Local Laptop,Electronics,Laptop,Apex,1230.15,902.11,S0271
P000876,Develop Business,Books,Business,NovaTech,92.36,69.53,S0261
P000877,Letter Appliances,Home,Appliances,UrbanEdge,1532.53,991.69,S0294
P000878,If Business,Books,Business,NovaTech,1237.5,847.57,S0076
P000879,Lawyer Accessories,Clothing,Accessories,NextGen,1309.78,885.04,S0345
P000880,Attack Tablet,Electronics,Tablet,Apex,457.31,272.19,S0039
P000881,Situation Jackets,Clothing,Jackets,Vertex,67.83,58.27,S0110
P000882,Tv Headphones,Electronics,Headphones,UrbanEdge,1273.09,876.62,S0033
P000883,Season Comics,Books,Comics,PrimeGoods,32.27,19.16,S0043
P000884,Improve Trousers,Clothing,Trousers,EverBuy,172.23,96.1,S0436
P000885,Answer Trousers,Clothing,Trousers,Vertex,569.74,361.69,S0169
P000886,Whole Headphones,Electronics,Headphones,PrimeGoods,905.12,527.89,S0300
P000887,Section Cricket,Sports,Cricket,PrimeGoods,68.24,57.12,S0456
P000888,Address Running,Sports,Running,PrimeGoods,370.73,208.29,S0440
P000889,Young Shoes,Clothing,Shoes,NovaTech,854.77,527.07,S0476
P000890,Great Football,Sports,Football,NextGen,1010.07,758.5,S0168
P000891,Certain Shoes,Clothing,Shoes,NovaTech,993.03,683.21,S0145
P000892,Both Comics,Books,Comics,EverBuy,1011.71,791.95,S0177
P000893,Culture Jackets,Clothing,Jackets,GlobalMart,1005.79,868.15,S0210
P000894,Picture Jackets,Clothing,Jackets,Vertex,1488.61,870.81,S0083
P000895,Hit Appliances,Home,Appliances,NextGen,967.52,692.78,S0494
P000896,Change Jackets,Clothing,Jackets,Vertex,223.09,129.15,S0480
P000897,Make Appliances,Home,Appliances,Apex,596.39,517.95,S0479
P000898,Party Shirts,Clothing,Shirts,UrbanEdge,121.46,76.79,S0427
P000899,Foreign Running,Sports,Running,GlobalMart,445.38,282.62,S0491
P000900,System Fitness,Sports,Fitness,PrimeGoods,340.29,286.55,S0271
P000901,Soldier Furniture,Home,Furniture,EverBuy,68.49,38.8,S0380
P000902,Outside Education,Books,Education,NextGen,396.9,292.78,S0475
P000903,Sort Trousers,Clothing,Trousers,Apex,72.63,41.34,S0266
P000904,One Accessories,Clothing,Accessories,NovaTech,619.42,511.66,S0040
P000905,Card Laptop,Electronics,Laptop,NovaTech,1448.38,930.61,S0344
P000906,Why Fitness,Sports,Fitness,NextGen,1318.95,825.55,S0406
P000907,Lead Football,Sports,Football,UrbanEdge,745.42,549.85,S0148
P000908,Land Tablet,Electronics,Tablet,UrbanEdge,1028.38,652.4,S0013
P000909,Outside Comics,Books,Comics,EverBuy,77.79,51.38,S0094
P000910,Level Cricket,Sports,Cricket,GlobalMart,1375.98,818.72,S0280
P000911,Ten Fiction,Books,Fiction,PrimeGoods,383.15,320.86,S0355
P000912,Pretty Comics,Books,Comics,UrbanEdge,787.43,470.15,S0491
P000913,Body Laptop,Electronics,Laptop,PrimeGoods,834.78,545.51,S0058
P000914,Talk Furniture,Home,Furniture,UrbanEdge,996.78,555.8,S0419
P000915,Chair Football,Sports,Football,Apex,1081.93,698.2,S0220
P000916,Hope Football,Sports,Football,PrimeGoods,310.49,212.94,S0054
P000917,Religious Comics,Books,Comics,GlobalMart,1032.95,666.93,S0326
P000918,Health Appliances,Home,Appliances,NovaTech,127.13,91.54,S0231
P000919,Ten Shirts,Clothing,Shirts,NovaTech,1031.92,598.79,S0411
P000920,Its Technology,Books,Technology,EverBuy,172.15,139.19,S0196
P000921,Product Cricket,Sports,Cricket,GlobalMart,867.9,497.53,S0383
P000922,Boy Kitchen,Home,Kitchen,PrimeGoods,355.43,280.45,S0187
P000923,Wind Jackets,Clothing,Jackets,EverBuy,947.71,560.37,S0074
P000924,Front Smartphone,Electronics,Smartphone,NextGen,359.74,298.46,S0393
P000925,Follow Monitor,Electronics,Monitor,UrbanEdge,309.36,172.62,S0143
P000926,Partner Accessories,Clothing,Accessories,GlobalMart,978.92,667.35,S0498
P000927,Physical Smartphone,Electronics,Smartphone,GlobalMart,21.4,17.82,S0420
P000928,Response Furniture,Home,Furniture,PrimeGoods,1419.39,816.41,S0337
P000929,Success Fitness,Sports,Fitness,NovaTech,92.94,78.63,S0069
P000930,Fly Headphones,Electronics,Headphones,GlobalMart,441.36,297.38,S0205
P000931,Toward Appliances,Home,Appliances,UrbanEdge,842.99,488.23,S0474
P000932,Study Education,Books,Education,UrbanEdge,647.95,444.21,S0241
P000933,Fly Business,Books,Business,NovaTech,162.81,108.65,S0187
P000934,Health Cricket,Sports,Cricket,EverBuy,1651.6,921.23,S0324
P000935,Wrong Comics,Books,Comics,GlobalMart,340.43,205.88,S0483
P000936,Measure Education,Books,Education,GlobalMart,243.48,152.88,S0030
P000937,Almost Comics,Books,Comics,Vertex,217.96,131.27,S0340
P000938,Glass Tablet,Electronics,Tablet,GlobalMart,768.16,504.28,S0155
P000939,For Shoes,Clothing,Shoes,PrimeGoods,615.37,362.45,S0165
P000940,Rise Education,Books,Education,NovaTech,712.53,513.62,S0016
P000941,Agree Outdoor,Sports,Outdoor,Vertex,432.13,304.37,S0072
P000942,Certain Laptop,Electronics,Laptop,EverBuy,874.52,684.48,S0137
P000943,Animal Business,Books,Business,Apex,1095.53,635.42,S0209
P000944,Left Running,Sports,Running,Apex,245.74,185.76,S0323
P000945,Accept Running,Sports,Running,PrimeGoods,815.25,502.73,S0138
P000946,Too Shirts,Clothing,Shirts,GlobalMart,707.87,396.43,S0145
P000947,Man Business,Books,Business,PrimeGoods,306.11,206.68,S0003
P000948,List Business,Books,Business,NextGen,547.99,333.09,S0079
P000949,Term Monitor,Electronics,Monitor,Vertex,1566.28,897.77,S0352
P000950,Standard Appliances,Home,Appliances,NovaTech,128.85,93.6,S0367
P000951,Music Shirts,Clothing,Shirts,PrimeGoods,1190.56,682.14,S0129
P000952,Again Accessories,Clothing,Accessories,GlobalMart,623.76,400.63,S0245
P000953,Lead Fitness,Sports,Fitness,Apex,566.73,482.59,S0058
P000954,Campaign Trousers,Clothing,Trousers,EverBuy,1302.08,887.91,S0150
P000955,Matter Tablet,Electronics,Tablet,NextGen,1019.83,623.04,S0376
P000956,Treatment Accessories,Clothing,Accessories,GlobalMart,1129.66,848.56,S0226
P000957,Good Headphones,Electronics,Headphones,NovaTech,660.0,430.65,S0449
P000958,Fund Trousers,Clothing,Trousers,NextGen,412.76,280.61,S0446
P000959,Member Football,Sports,Football,PrimeGoods,1174.67,737.62,S0268
P000960,Section Fitness,Sports,Fitness,UrbanEdge,481.64,322.36,S0014
P000961,Would Football,Sports,Football,Vertex,1311.0,835.36,S0481
P000962,Population Appliances,Home,Appliances,EverBuy,1165.8,809.31,S0250
P000963,Thus Business,Books,Business,NextGen,1001.59,585.48,S0016
P000964,American Accessories,Clothing,Accessories,GlobalMart,429.43,278.19,S0477
P000965,Treatment Fiction,Books,Fiction,NovaTech,729.35,602.87,S0290
P000966,Story Technology,Books,Technology,Vertex,865.24,491.41,S0210
P000967,White Tablet,Electronics,Tablet,Apex,1247.08,866.29,S0156
P000968,Loss Lighting,Home,Lighting,EverBuy,514.89,332.86,S0171
P000969,Late Decor,Home,Decor,Vertex,1465.89,974.91,S0278
P000970,Light Trousers,Clothing,Trousers,EverBuy,240.29,163.58,S0028
P000971,Name Fiction,Books,Fiction,UrbanEdge,293.02,236.9,S0242
P000972,Hand Headphones,Electronics,Headphones,GlobalMart,272.6,159.18,S0351
P000973,Yard Tablet,Electronics,Tablet,PrimeGoods,911.63,636.35,S0460
P000974,Whole Trousers,Clothing,Trousers,UrbanEdge,839.71,511.56,S0159
P000975,Yourself Lighting,Home,Lighting,UrbanEdge,206.6,116.94,S0035
P000976,Analysis Shoes,Clothing,Shoes,NextGen,590.76,453.33,S0067
P000977,Key Shirts,Clothing,Shirts,Apex,344.24,254.37,S0058
P000978,Too Lighting,Home,Lighting,NovaTech,87.21,52.47,S0355
P000979,Defense Decor,Home,Decor,Vertex,1346.61,778.4,S0161
P000980,Score Trousers,Clothing,Trousers,NextGen,1176.65,756.5,S0068
P000981,See Decor,Home,Decor,NextGen,1301.45,853.06,S0062
P000982,Outside Laptop,Electronics,Laptop,GlobalMart,1725.54,982.09,S0145
P000983,Particular Education,Books,Education,NextGen,744.39,426.83,S0110
P000984,Face Outdoor,Sports,Outdoor,EverBuy,683.28,526.48,S0072
P000985,Bar Fitness,Sports,Fitness,EverBuy,1026.26,759.12,S0117
P000986,Trial Furniture,Home,Furniture,NovaTech,760.82,563.02,S0081
P000987,Sit Headphones,Electronics,Headphones,NovaTech,538.94,329.05,S0135
P000988,Cover Kitchen,Home,Kitchen,UrbanEdge,521.0,365.41,S0483
P000989,Look Education,Books,Education,UrbanEdge,225.83,134.56,S0081
P000990,Hand Comics,Books,Comics,PrimeGoods,513.51,290.99,S0121
P000991,Surface Appliances,Home,Appliances,Vertex,913.06,701.42,S0253
P000992,Pressure Outdoor,Sports,Outdoor,PrimeGoods,1310.34,830.82,S0144
P000993,Agency Tablet,Electronics,Tablet,Apex,1152.5,852.55,S0436
P000994,Policy Shirts,Clothing,Shirts,UrbanEdge,1061.44,740.42,S0237
P000995,Ok Jackets,Clothing,Jackets,UrbanEdge,274.27,153.41,S0223
P000996,Require Monitor,Electronics,Monitor,EverBuy,1434.79,943.0,S0162
P000997,People Running,Sports,Running,EverBuy,1286.16,915.37,S0100
P000998,Area Lighting,Home,Lighting,NextGen,479.65,298.64,S0087
P000999,Strategy Education,Books,Education,NovaTech,1494.06,851.78,S0325
P001000,Could Shoes,Clothing,Shoes,EverBuy,38.85,23.39,S0130
P001001,Record Kitchen,Home,Kitchen,PrimeGoods,114.14,89.96,S0149
P001002,Hit Decor,Home,Decor,PrimeGoods,300.83,175.92,S0380
P001003,Young Business,Books,Business,EverBuy,732.44,614.38,S0422
P001004,Assume Lighting,Home,Lighting,NovaTech,506.76,325.27,S0232
P001005,Young Comics,Books,Comics,Apex,1084.18,777.72,S0095
P001006,Close Cricket,Sports,Cricket,Vertex,683.14,549.08,S0013
P001007,Toward Business,Books,Business,Apex,262.3,209.92,S0380
P001008,Fill Headphones,Electronics,Headphones,UrbanEdge,422.27,327.45,S0393
P001009,Offer Education,Books,Education,EverBuy,535.72,308.09,S0019
P001010,Second Cricket,Sports,Cricket,Apex,1414.74,878.76,S0209
P001011,Democrat Cricket,Sports,Cricket,NextGen,881.19,507.72,S0068
P001012,Common Trousers,Clothing,Trousers,NextGen,553.77,445.85,S0386
P001013,Head Decor,Home,Decor,Vertex,912.69,678.48,S0281
P001014,Program Fiction,Books,Fiction,NextGen,139.52,81.55,S0005
P001015,Miss Appliances,Home,Appliances,UrbanEdge,963.04,805.19,S0089
P001016,Not Shirts,Clothing,Shirts,NovaTech,557.06,442.26,S0221
P001017,Young Shirts,Clothing,Shirts,GlobalMart,1031.28,575.98,S0287
P001018,Early Jackets,Clothing,Jackets,EverBuy,263.74,150.99,S0460
P001019,Agency Fiction,Books,Fiction,Apex,190.9,119.28,S0114
P001020,Financial Lighting,Home,Lighting,EverBuy,272.31,201.63,S0436
P001021,Where Decor,Home,Decor,NextGen,991.77,784.33,S0243
P001022,Rest Kitchen,Home,Kitchen,NextGen,345.57,295.13,S0103
P001023,Defense Fiction,Books,Fiction,GlobalMart,593.74,413.14,S0029
P001024,Soon Smartphone,Electronics,Smartphone,GlobalMart,1479.83,945.29,S0059
P001025,Identify Appliances,Home,Appliances,UrbanEdge,528.08,424.88,S0431
P001026,Direction Smartphone,Electronics,Smartphone,NextGen,996.01,652.28,S0397
P001027,Government Headphones,Electronics,Headphones,UrbanEdge,215.38,153.1,S0336
P001028,Seat Monitor,Electronics,Monitor,UrbanEdge,194.83,131.58,S0272
P001029,Turn Cricket,Sports,Cricket,Apex,903.58,556.65,S0351
P001030,Prevent Trousers,Clothing,Trousers,GlobalMart,879.19,524.38,S0265
P001031,Thus Technology,Books,Technology,Vertex,944.29,680.4,S0061
P001032,Stock Comics,Books,Comics,EverBuy,1018.01,723.87,S0377
P001033,Anything Monitor,Electronics,Monitor,PrimeGoods,327.4,195.55,S0243
P001034,Investment Monitor,Electronics,Monitor,UrbanEdge,1113.82,862.74,S0078
P001035,Last Business,Books,Business,NovaTech,719.1,488.28,S0120
P001036,But Cricket,Sports,Cricket,EverBuy,48.83,27.6,S0037
P001037,Instead Cricket,Sports,Cricket,PrimeGoods,712.28,426.3,S0393
P001038,Issue Technology,Books,Technology,Vertex,751.78,464.71,S0176
P001039,Summer Decor,Home,Decor,NovaTech,677.3,533.88,S0079
P001040,Open Business,Books,Business,NovaTech,1219.38,891.8,S0354
P001041,Five Laptop,Electronics,Laptop,Vertex,184.55,137.13,S0432
P001042,Too Fitness,Sports,Fitness,EverBuy,617.49,423.39,S0294
P001043,Together Monitor,Electronics,Monitor,Apex,169.17,98.01,S0174
P001044,Share Shirts,Clothing,Shirts,GlobalMart,1105.79,670.55,S0035
P001045,While Football,Sports,Football,Vertex,479.69,312.5,S0127
P001046,Near Lighting,Home,Lighting,Apex,157.52,117.64,S0025
P001047,Trade Shoes,Clothing,Shoes,PrimeGoods,259.49,181.59,S0292
P001048,Traditional Running,Sports,Running,EverBuy,413.47,310.73,S0339
P001049,This Trousers,Clothing,Trousers,EverBuy,624.77,387.26,S0382
P001050,Drop Smartphone,Electronics,Smartphone,PrimeGoods,356.62,253.26,S0383
P001051,Remember Lighting,Home,Lighting,Vertex,237.46,158.23,S0463
P001052,Worker Jackets,Clothing,Jackets,EverBuy,146.3,120.02,S0078
P001053,Its Jackets,Clothing,Jackets,GlobalMart,1205.8,950.51,S0127
P001054,Again Monitor,Electronics,Monitor,GlobalMart,418.74,277.45,S0029
P001055,Fly Fiction,Books,Fiction,NextGen,620.48,439.06,S0042
P001056,Win Outdoor,Sports,Outdoor,UrbanEdge,863.71,505.46,S0225
P001057,In Comics,Books,Comics,NovaTech,415.23,330.66,S0244
P001058,Character Appliances,Home,Appliances,NovaTech,444.96,330.64,S0303
P001059,Simply Business,Books,Business,PrimeGoods,271.13,184.24,S0473
P001060,Garden Furniture,Home,Furniture,Apex,1008.01,661.34,S0036
P001061,Personal Business,Books,Business,UrbanEdge,69.05,59.75,S0051
P001062,Foreign Tablet,Electronics,Tablet,NovaTech,1057.42,782.38,S0181
P001063,Alone Lighting,Home,Lighting,NextGen,1022.7,776.49,S0069
P001064,Not Tablet,Electronics,Tablet,GlobalMart,135.79,91.14,S0326
P001065,Wear Fitness,Sports,Fitness,Vertex,50.6,30.58,S0032
P001066,Technology Appliances,Home,Appliances,UrbanEdge,1025.12,582.34,S0256
P001067,During Appliances,Home,Appliances,PrimeGoods,808.65,475.68,S0132
P001068,Involve Trousers,Clothing,Trousers,Vertex,1080.55,872.27,S0009
P001069,Town Laptop,Electronics,Laptop,Vertex,313.45,196.62,S0344
P001070,Fine Decor,Home,Decor,NextGen,891.51,561.7,S0289
P001071,Company Outdoor,Sports,Outdoor,UrbanEdge,1433.1,905.91,S0214
P001072,See Football,Sports,Football,Apex,520.83,410.21,S0309
P001073,If Jackets,Clothing,Jackets,GlobalMart,976.65,614.93,S0114
P001074,Simply Kitchen,Home,Kitchen,EverBuy,1376.06,827.64,S0386
P001075,Single Smartphone,Electronics,Smartphone,Vertex,1013.79,868.67,S0230
P001076,Soldier Smartphone,Electronics,Smartphone,UrbanEdge,656.9,413.84,S0243
P001077,Push Smartphone,Electronics,Smartphone,PrimeGoods,984.2,601.79,S0401
P001078,Contain Shirts,Clothing,Shirts,UrbanEdge,1150.69,888.67,S0167
P001079,Behavior Laptop,Electronics,Laptop,NovaTech,172.1,131.37,S0468
P001080,Worker Monitor,Electronics,Monitor,NovaTech,588.89,420.48,S0308
P001081,Environment Furniture,Home,Furniture,EverBuy,1023.99,718.07,S0087
P001082,Receive Headphones,Electronics,Headphones,EverBuy,1007.72,597.8,S0281
P001083,Cause Education,Books,Education,NextGen,447.65,249.84,S0294
P001084,Say Technology,Books,Technology,PrimeGoods,75.38,62.83,S0260
P001085,Particularly Cricket,Sports,Cricket,Apex,1117.13,686.12,S0355
P001086,Laugh Fitness,Sports,Fitness,Vertex,1147.74,966.27,S0164
P001087,Oil Shoes,Clothing,Shoes,NovaTech,1081.85,921.1,S0232
P001088,Bit Trousers,Clothing,Trousers,NovaTech,635.95,396.91,S0481
P001089,Movement Running,Sports,Running,UrbanEdge,22.59,15.47,S0362
P001090,Thousand Shoes,Clothing,Shoes,UrbanEdge,60.03,37.17,S0352
P001091,Half Running,Sports,Running,EverBuy,220.7,144.96,S0375
P001092,Along Running,Sports,Running,EverBuy,435.43,288.42,S0332
P001093,Red Outdoor,Sports,Outdoor,UrbanEdge,484.62,397.73,S0483
P001094,Law Shirts,Clothing,Shirts,Apex,768.52,645.66,S0145
P001095,Present Shirts,Clothing,Shirts,PrimeGoods,234.34,135.56,S0390
P001096,Change Trousers,Clothing,Trousers,PrimeGoods,688.88,445.69,S0143
P001097,Writer Shirts,Clothing,Shirts,PrimeGoods,195.46,162.73,S0486
P001098,Plan Furniture,Home,Furniture,EverBuy,822.48,483.42,S0090
P001099,Remain Business,Books,Business,NextGen,230.24,130.59,S0156
P001100,Receive Running,Sports,Running,GlobalMart,529.13,356.14,S0107
P001101,Body Education,Books,Education,NextGen,492.85,303.69,S0339
P001102,Resource Laptop,Electronics,Laptop,NovaTech,1321.9,864.68,S0213
P001103,System Trousers,Clothing,Trousers,UrbanEdge,127.25,82.66,S0312
P001104,Identify Fiction,Books,Fiction,PrimeGoods,712.23,527.18,S0402
P001105,Organization Kitchen,Home,Kitchen,UrbanEdge,1379.16,990.17,S0186
P001106,Likely Jackets,Clothing,Jackets,GlobalMart,71.66,40.11,S0227
P001107,Democratic Fiction,Books,Fiction,PrimeGoods,1112.95,917.91,S0177
P001108,Agreement Fitness,Sports,Fitness,NextGen,511.59,417.35,S0345
P001109,Security Football,Sports,Football,Apex,317.43,189.13,S0298
P001110,Grow Technology,Books,Technology,NovaTech,766.29,500.73,S0149
P001111,Current Jackets,Clothing,Jackets,EverBuy,1249.89,717.99,S0146
P001112,Why Laptop,Electronics,Laptop,NextGen,1070.08,689.38,S0040
P001113,Market Smartphone,Electronics,Smartphone,EverBuy,1158.16,663.57,S0356
P001114,Lot Accessories,Clothing,Accessories,NovaTech,625.47,469.2,S0114
P001115,Before Business,Books,Business,Vertex,1217.82,688.02,S0192
P001116,Partner Kitchen,Home,Kitchen,NovaTech,1442.65,964.84,S0496
P001117,Quickly Comics,Books,Comics,UrbanEdge,481.9,271.92,S0168
P001118,Book Monitor,Electronics,Monitor,PrimeGoods,1780.24,990.62,S0413
P001119,Wall Laptop,Electronics,Laptop,Apex,282.54,159.64,S0207
P001120,Window Outdoor,Sports,Outdoor,Vertex,522.54,369.8,S0234
P001121,Tonight Technology,Books,Technology,EverBuy,965.13,835.07,S0322
P001122,Personal Lighting,Home,Lighting,NovaTech,441.58,289.24,S0243
P001123,Compare Appliances,Home,Appliances,EverBuy,671.22,381.9,S0366
P001124,Job Fitness,Sports,Fitness,NovaTech,307.06,239.52,S0019
P001125,Lose Trousers,Clothing,Trousers,UrbanEdge,179.97,125.52,S0047
P001126,Brother Technology,Books,Technology,NextGen,1168.4,857.2,S0442
P001127,One Shoes,Clothing,Shoes,EverBuy,1114.45,939.14,S0075
P001128,Meet Smartphone,Electronics,Smartphone,GlobalMart,786.54,470.73,S0058
P001129,Lead Technology,Books,Technology,Apex,727.37,550.02,S0269
P001130,Manage Education,Books,Education,PrimeGoods,266.43,180.23,S0045
P001131,Clearly Comics,Books,Comics,GlobalMart,1270.41,773.63,S0118
P001132,Us Outdoor,Sports,Outdoor,NovaTech,464.32,301.92,S0476
P001133,Community Laptop,Electronics,Laptop,Vertex,1053.54,712.22,S0247
P001134,Around Smartphone,Electronics,Smartphone,Vertex,1281.48,755.62,S0461
P001135,Catch Appliances,Home,Appliances,NovaTech,220.93,125.7,S0464
P001136,Near Business,Books,Business,NovaTech,1092.23,837.88,S0456
P001137,Single Appliances,Home,Appliances,EverBuy,203.27,123.61,S0402
P001138,Guy Kitchen,Home,Kitchen,NovaTech,369.33,238.5,S0350
P001139,Religious Running,Sports,Running,NovaTech,1636.06,976.88,S0152
P001140,Drug Shirts,Clothing,Shirts,UrbanEdge,428.22,277.58,S0384
P001141,Edge Shirts,Clothing,Shirts,NovaTech,269.41,188.19,S0104
P001142,Money Laptop,Electronics,Laptop,EverBuy,1179.94,781.87,S0021
P001143,Commercial Monitor,Electronics,Monitor,UrbanEdge,1064.99,646.85,S0285
P001144,Gun Fiction,Books,Fiction,UrbanEdge,295.31,187.13,S0445
P001145,Do Smartphone,Electronics,Smartphone,Apex,423.26,355.45,S0289
P001146,Base Fitness,Sports,Fitness,PrimeGoods,1338.95,903.12,S0069
P001147,Political Jackets,Clothing,Jackets,GlobalMart,1086.48,876.77,S0376
P001148,Particularly Trousers,Clothing,Trousers,UrbanEdge,474.9,275.63,S0091
P001149,Do Shoes,Clothing,Shoes,EverBuy,921.32,547.8,S0159
P001150,Unit Smartphone,Electronics,Smartphone,Vertex,1141.25,727.21,S0151
P001151,Deep Comics,Books,Comics,NextGen,1263.0,794.07,S0397
P001152,Political Cricket,Sports,Cricket,Apex,1432.2,850.78,S0121
P001153,Eat Shirts,Clothing,Shirts,GlobalMart,1213.93,739.26,S0338
P001154,Style Decor,Home,Decor,EverBuy,1132.36,762.3,S0335
P001155,Authority Headphones,Electronics,Headphones,EverBuy,939.67,555.29,S0407
P001156,Ball Outdoor,Sports,Outdoor,Apex,711.04,409.28,S0171
P001157,Forget Running,Sports,Running,GlobalMart,15.32,10.67,S0376
P001158,Quickly Tablet,Electronics,Tablet,PrimeGoods,1453.11,900.31,S0266
P001159,Know Laptop,Electronics,Laptop,EverBuy,1690.13,967.16,S0085
P001160,Almost Fitness,Sports,Fitness,Apex,1572.12,939.87,S0447
P001161,Child Shoes,Clothing,Shoes,UrbanEdge,256.79,181.91,S0270
P001162,Wrong Accessories,Clothing,Accessories,UrbanEdge,1270.5,719.51,S0132
P001163,Mean Furniture,Home,Furniture,NovaTech,1429.33,850.58,S0056
P001164,Truth Football,Sports,Football,NovaTech,535.46,329.73,S0473
P001165,Bit Trousers,Clothing,Trousers,Vertex,640.37,403.15,S0259
P001166,Question Trousers,Clothing,Trousers,Apex,1394.48,944.49,S0349
P001167,Whatever Cricket,Sports,Cricket,NovaTech,706.61,544.89,S0110
P001168,Positive Accessories,Clothing,Accessories,Apex,117.48,71.88,S0162
P001169,Sense Headphones,Electronics,Headphones,EverBuy,35.31,27.99,S0137
P001170,Guess Football,Sports,Football,PrimeGoods,606.39,469.14,S0200
P001171,Yes Laptop,Electronics,Laptop,Vertex,499.07,277.42,S0451
P001172,Experience Smartphone,Electronics,Smartphone,NextGen,414.71,299.86,S0189
P001173,Significant Outdoor,Sports,Outdoor,NextGen,825.86,626.89,S0362
P001174,Network Monitor,Electronics,Monitor,NovaTech,1206.09,837.11,S0364
P001175,Billion Fiction,Books,Fiction,NextGen,836.15,576.51,S0177
P001176,Matter Kitchen,Home,Kitchen,Apex,1224.92,950.88,S0100
P001177,Next Shoes,Clothing,Shoes,NextGen,102.44,83.74,S0231
P001178,Final Furniture,Home,Furniture,NextGen,1277.39,759.24,S0156
P001179,Seek Running,Sports,Running,PrimeGoods,418.09,350.81,S0024
P001180,Tv Headphones,Electronics,Headphones,GlobalMart,975.71,601.38,S0358
P001181,Thought Outdoor,Sports,Outdoor,NovaTech,1215.09,914.88,S0182
P001182,Throw Shirts,Clothing,Shirts,GlobalMart,51.52,33.01,S0138
P001183,Exactly Appliances,Home,Appliances,UrbanEdge,897.3,716.35,S0136
P001184,Democrat Education,Books,Education,NextGen,1475.82,994.15,S0246
P001185,Decision Furniture,Home,Furniture,Vertex,1131.34,677.67,S0307
P001186,Blood Furniture,Home,Furniture,UrbanEdge,550.45,385.76,S0160
P001187,Sit Fitness,Sports,Fitness,Vertex,83.2,57.97,S0272
P001188,Involve Jackets,Clothing,Jackets,NovaTech,956.22,770.0,S0049
P001189,Then Football,Sports,Football,NovaTech,62.54,46.6,S0174
P001190,With Cricket,Sports,Cricket,Apex,1136.97,902.05,S0351
P001191,Expect Business,Books,Business,Vertex,978.51,692.26,S0013
P001192,Issue Headphones,Electronics,Headphones,NextGen,725.87,549.8,S0109
P001193,Only Shirts,Clothing,Shirts,PrimeGoods,1353.21,858.39,S0091
P001194,Successful Smartphone,Electronics,Smartphone,NovaTech,51.1,31.28,S0217
P001195,Natural Shirts,Clothing,Shirts,GlobalMart,308.7,265.14,S0470
P001196,Month Shirts,Clothing,Shirts,EverBuy,862.19,658.37,S0345
P001197,Professional Business,Books,Business,PrimeGoods,289.51,166.49,S0117
P001198,Become Appliances,Home,Appliances,GlobalMart,235.86,156.4,S0345
P001199,Report Kitchen,Home,Kitchen,PrimeGoods,289.29,204.35,S0386
P001200,Young Football,Sports,Football,NextGen,903.91,606.07,S0463
P001201,Great Education,Books,Education,Vertex,1438.09,818.88,S0318
P001202,Organization Jackets,Clothing,Jackets,PrimeGoods,15.22,10.01,S0130
P001203,Wear Lighting,Home,Lighting,EverBuy,1048.23,637.24,S0270
P001204,Prepare Lighting,Home,Lighting,GlobalMart,109.65,65.35,S0300
P001205,Should Lighting,Home,Lighting,Apex,1130.19,792.85,S0171
P001206,Play Furniture,Home,Furniture,EverBuy,669.91,442.31,S0232
P001207,Development Trousers,Clothing,Trousers,UrbanEdge,990.29,713.01,S0283
P001208,Ago Outdoor,Sports,Outdoor,Apex,1453.95,959.24,S0250
P001209,Owner Kitchen,Home,Kitchen,NovaTech,623.37,492.92,S0318
P001210,Speak Shirts,Clothing,Shirts,Vertex,368.45,315.52,S0377
P001211,Real Cricket,Sports,Cricket,Apex,1328.07,759.36,S0435
P001212,Cover Monitor,Electronics,Monitor,UrbanEdge,997.46,588.41,S0433
P001213,Wide Laptop,Electronics,Laptop,Vertex,737.55,583.96,S0136
P001214,Few Outdoor,Sports,Outdoor,Apex,1034.1,596.4,S0428
P001215,Investment Fitness,Sports,Fitness,Vertex,198.39,125.39,S0499
P001216,Explain Football,Sports,Football,Vertex,580.23,353.15,S0019
P001217,Pay Headphones,Electronics,Headphones,Apex,447.59,271.3,S0099
P001218,Improve Technology,Books,Technology,NextGen,551.5,448.72,S0342
P001219,Like Appliances,Home,Appliances,Apex,996.25,574.63,S0025
P001220,Suddenly Shirts,Clothing,Shirts,NovaTech,778.54,643.85,S0194
P001221,Thing Jackets,Clothing,Jackets,NextGen,1306.69,800.37,S0196
P001222,Nothing Technology,Books,Technology,GlobalMart,128.42,81.55,S0423
P001223,Say Headphones,Electronics,Headphones,NextGen,218.94,189.01,S0094
P001224,Language Lighting,Home,Lighting,NovaTech,1287.32,739.65,S0311
P001225,Drug Jackets,Clothing,Jackets,NextGen,332.02,200.48,S0150
P001226,Out Jackets,Clothing,Jackets,NovaTech,388.38,239.95,S0012
P001227,Everybody Shirts,Clothing,Shirts,PrimeGoods,1415.38,831.3,S0411
P001228,Project Accessories,Clothing,Accessories,UrbanEdge,1314.98,872.16,S0098
P001229,Way Furniture,Home,Furniture,GlobalMart,496.64,363.74,S0443
P001230,Join Education,Books,Education,EverBuy,1147.96,872.08,S0415
P001231,Large Decor,Home,Decor,NextGen,379.03,325.56,S0409
P001232,Loss Cricket,Sports,Cricket,PrimeGoods,931.68,606.69,S0361
P001233,Data Business,Books,Business,UrbanEdge,130.79,87.08,S0299
P001234,Month Business,Books,Business,NovaTech,507.22,321.72,S0325
P001235,Fill Smartphone,Electronics,Smartphone,Apex,200.36,126.44,S0367
P001236,Although Tablet,Electronics,Tablet,Apex,861.86,658.4,S0341
P001237,Believe Jackets,Clothing,Jackets,Vertex,114.04,90.31,S0294
P001238,Father Kitchen,Home,Kitchen,EverBuy,1087.09,722.75,S0451
P001239,Party Fitness,Sports,Fitness,Vertex,209.34,181.57,S0393
P001240,During Monitor,Electronics,Monitor,PrimeGoods,890.65,497.52,S0173
P001241,Why Accessories,Clothing,Accessories,NovaTech,1238.27,976.36,S0063
P001242,Interesting Smartphone,Electronics,Smartphone,PrimeGoods,166.99,129.59,S0131
P001243,Like Running,Sports,Running,EverBuy,37.04,27.13,S0422
P001244,According Headphones,Electronics,Headphones,EverBuy,371.44,293.56,S0345
P001245,Season Football,Sports,Football,UrbanEdge,1438.63,873.95,S0465
P001246,Mention Decor,Home,Decor,EverBuy,270.81,194.76,S0067
P001247,Race Laptop,Electronics,Laptop,NovaTech,995.74,705.17,S0331
P001248,Least Technology,Books,Technology,GlobalMart,1226.09,738.9,S0009
P001249,Drive Smartphone,Electronics,Smartphone,EverBuy,635.17,521.17,S0002
P001250,Car Shoes,Clothing,Shoes,GlobalMart,31.23,19.35,S0117
P001251,Issue Football,Sports,Football,UrbanEdge,935.64,665.31,S0423
P001252,Perhaps Smartphone,Electronics,Smartphone,NextGen,314.01,201.43,S0273
P001253,Describe Decor,Home,Decor,GlobalMart,261.98,158.64,S0087
P001254,Heart Outdoor,Sports,Outdoor,NextGen,73.51,57.89,S0406
P001255,Student Furniture,Home,Furniture,NovaTech,1594.02,961.5,S0315
P001256,Performance Fitness,Sports,Fitness,Apex,1430.01,826.1,S0052
P001257,Anything Monitor,Electronics,Monitor,NextGen,1227.77,736.69,S0265
P001258,Create Decor,Home,Decor,Vertex,624.88,367.47,S0424
P001259,Attention Appliances,Home,Appliances,UrbanEdge,566.28,473.56,S0333
P001260,Away Shoes,Clothing,Shoes,Vertex,1484.2,854.35,S0314
P001261,Past Football,Sports,Football,Vertex,437.49,378.74,S0266
P001262,Spend Smartphone,Electronics,Smartphone,UrbanEdge,895.32,583.47,S0291
P001263,Like Tablet,Electronics,Tablet,UrbanEdge,503.28,391.41,S0420
P001264,Bit Kitchen,Home,Kitchen,GlobalMart,545.25,305.58,S0094
P001265,Force Smartphone,Electronics,Smartphone,NextGen,561.86,430.98,S0095
P001266,Speak Cricket,Sports,Cricket,EverBuy,1302.71,977.82,S0073
P001267,Newspaper Smartphone,Electronics,Smartphone,Vertex,829.22,488.03,S0262
P001268,Success Decor,Home,Decor,NextGen,541.29,414.96,S0275
P001269,Seek Shirts,Clothing,Shirts,NovaTech,640.61,458.79,S0325
P001270,Memory Trousers,Clothing,Trousers,EverBuy,83.45,49.71,S0100
P001271,Save Smartphone,Electronics,Smartphone,NextGen,240.35,176.32,S0122
P001272,Son Technology,Books,Technology,UrbanEdge,847.47,511.87,S0446
P001273,Factor Kitchen,Home,Kitchen,NextGen,1455.24,848.34,S0158
P001274,Forget Lighting,Home,Lighting,NextGen,927.94,535.6,S0125
P001275,Class Tablet,Electronics,Tablet,UrbanEdge,1290.19,784.26,S0385
P001276,Already Outdoor,Sports,Outdoor,NovaTech,586.85,415.44,S0444
P001277,Out Outdoor,Sports,Outdoor,NextGen,294.19,189.68,S0074
P001278,Coach Trousers,Clothing,Trousers,PrimeGoods,506.8,428.14,S0199
P001279,Current Tablet,Electronics,Tablet,Vertex,575.36,333.4,S0248
P001280,Suffer Decor,Home,Decor,NextGen,42.05,36.19,S0437
P001281,Million Laptop,Electronics,Laptop,PrimeGoods,184.02,146.89,S0115
P001282,Argue Education,Books,Education,UrbanEdge,829.57,696.17,S0095
P001283,Beautiful Fitness,Sports,Fitness,Apex,395.61,227.22,S0444
P001284,South Decor,Home,Decor,PrimeGoods,513.27,309.73,S0138
P001285,Cause Outdoor,Sports,Outdoor,PrimeGoods,461.62,334.83,S0472
P001286,Still Comics,Books,Comics,EverBuy,857.11,617.46,S0495
P001287,Political Accessories,Clothing,Accessories,NovaTech,931.73,543.87,S0123
P001288,Low Fiction,Books,Fiction,Vertex,645.5,397.23,S0083
P001289,Former Monitor,Electronics,Monitor,Vertex,736.89,554.5,S0317
P001290,Wonder Comics,Books,Comics,PrimeGoods,923.64,751.05,S0268
P001291,He Running,Sports,Running,Vertex,119.76,92.12,S0258
P001292,Research Shoes,Clothing,Shoes,PrimeGoods,63.87,39.68,S0307
P001293,Current Football,Sports,Football,GlobalMart,1213.44,985.88,S0154
P001294,Audience Running,Sports,Running,NextGen,426.52,334.12,S0384
P001295,President Fitness,Sports,Fitness,UrbanEdge,477.42,380.59,S0382
P001296,Old Technology,Books,Technology,PrimeGoods,634.98,451.04,S0071
P001297,Road Headphones,Electronics,Headphones,UrbanEdge,1101.85,627.89,S0075
P001298,Certain Cricket,Sports,Cricket,Apex,666.2,460.9,S0174
P001299,Church Shoes,Clothing,Shoes,GlobalMart,603.66,390.76,S0292
P001300,Everyone Kitchen,Home,Kitchen,PrimeGoods,1174.12,834.25,S0044
P001301,Recently Fitness,Sports,Fitness,NovaTech,1228.53,697.04,S0025
P001302,Decision Outdoor,Sports,Outdoor,EverBuy,521.79,384.76,S0378
P001303,Century Fitness,Sports,Fitness,PrimeGoods,477.02,274.67,S0343
P001304,Determine Appliances,Home,Appliances,Apex,200.51,146.29,S0206
P001305,Provide Fiction,Books,Fiction,Apex,676.92,563.31,S0047
P001306,Eight Education,Books,Education,Apex,1239.09,773.97,S0060
P001307,Brother Cricket,Sports,Cricket,UrbanEdge,190.42,146.91,S0266
P001308,Like Decor,Home,Decor,GlobalMart,1365.57,912.02,S0432
P001309,Send Jackets,Clothing,Jackets,EverBuy,1296.69,903.17,S0049
P001310,Program Laptop,Electronics,Laptop,NextGen,1107.65,780.61,S0086
P001311,Science Monitor,Electronics,Monitor,NovaTech,720.04,458.22,S0120
P001312,Building Shirts,Clothing,Shirts,Apex,1129.19,662.05,S0283
P001313,Where Cricket,Sports,Cricket,GlobalMart,454.54,255.29,S0424
P001314,Research Decor,Home,Decor,EverBuy,906.57,517.33,S0400
P001315,Sing Appliances,Home,Appliances,GlobalMart,412.55,274.0,S0383
P001316,Question Accessories,Clothing,Accessories,NextGen,1012.79,572.81,S0229
P001317,Community Monitor,Electronics,Monitor,EverBuy,1156.95,752.15,S0345
P001318,Might Trousers,Clothing,Trousers,NovaTech,781.16,647.4,S0264
P001319,So Outdoor,Sports,Outdoor,UrbanEdge,244.55,147.01,S0166
P001320,Dark Trousers,Clothing,Trousers,Apex,1117.85,780.44,S0361
P001321,Federal Decor,Home,Decor,EverBuy,577.19,473.65,S0280
P001322,Stop Running,Sports,Running,EverBuy,488.21,357.66,S0006
P001323,In Furniture,Home,Furniture,EverBuy,590.95,366.68,S0260
P001324,Safe Laptop,Electronics,Laptop,Vertex,202.45,162.76,S0355
P001325,Three Laptop,Electronics,Laptop,NextGen,787.77,527.19,S0211
P001326,Base Business,Books,Business,NovaTech,705.87,594.7,S0380
P001327,Ok Lighting,Home,Lighting,GlobalMart,339.84,245.65,S0184
P001328,Player Headphones,Electronics,Headphones,EverBuy,185.27,109.39,S0336
P001329,Door Headphones,Electronics,Headphones,NovaTech,355.62,260.85,S0096
P001330,Kitchen Furniture,Home,Furniture,NextGen,1331.34,914.98,S0281
P001331,Police Appliances,Home,Appliances,NextGen,1517.47,852.36,S0177
P001332,Son Fiction,Books,Fiction,NovaTech,469.36,266.65,S0463
P001333,Approach Outdoor,Sports,Outdoor,UrbanEdge,1176.71,944.83,S0045
P001334,Project Trousers,Clothing,Trousers,Vertex,258.95,183.26,S0230
P001335,Clearly Jackets,Clothing,Jackets,Vertex,325.33,200.05,S0025
P001336,Get Headphones,Electronics,Headphones,PrimeGoods,987.81,844.21,S0454
P001337,Star Technology,Books,Technology,PrimeGoods,808.17,656.7,S0147
P001338,Describe Monitor,Electronics,Monitor,GlobalMart,1271.89,729.7,S0433
P001339,Collection Accessories,Clothing,Accessories,PrimeGoods,1019.82,784.06,S0431
P001340,Accept Laptop,Electronics,Laptop,EverBuy,384.47,331.34,S0133
P001341,Shoulder Shirts,Clothing,Shirts,NovaTech,657.71,557.04,S0219
P001342,Management Outdoor,Sports,Outdoor,Apex,330.6,205.25,S0042
P001343,Leader Business,Books,Business,GlobalMart,618.01,507.35,S0178
P001344,Rate Lighting,Home,Lighting,Vertex,117.06,82.68,S0437
P001345,Never Furniture,Home,Furniture,PrimeGoods,1145.62,721.29,S0132
P001346,Current Lighting,Home,Lighting,UrbanEdge,125.19,104.84,S0479
P001347,Defense Business,Books,Business,GlobalMart,1120.6,703.55,S0087
P001348,Focus Decor,Home,Decor,PrimeGoods,789.4,517.45,S0488
P001349,Start Monitor,Electronics,Monitor,NextGen,1164.95,907.14,S0432
P001350,Southern Outdoor,Sports,Outdoor,UrbanEdge,483.45,314.53,S0007
P001351,Study Trousers,Clothing,Trousers,Apex,211.42,159.45,S0148
P001352,Personal Lighting,Home,Lighting,UrbanEdge,175.02,116.58,S0187
P001353,Rate Lighting,Home,Lighting,Vertex,34.96,24.36,S0457
P001354,How Shoes,Clothing,Shoes,NovaTech,1048.7,763.64,S0151
P001355,Glass Shoes,Clothing,Shoes,EverBuy,167.74,104.46,S0319
P001356,Always Kitchen,Home,Kitchen,NextGen,49.1,36.27,S0019
P001357,Operation Trousers,Clothing,Trousers,UrbanEdge,599.86,359.86,S0039
P001358,Member Headphones,Electronics,Headphones,NovaTech,283.72,235.25,S0120
P001359,Involve Business,Books,Business,NovaTech,1000.1,629.69,S0017
P001360,Believe Tablet,Electronics,Tablet,NovaTech,912.75,748.19,S0002
P001361,Product Decor,Home,Decor,EverBuy,771.44,512.17,S0032
P001362,Every Outdoor,Sports,Outdoor,UrbanEdge,524.58,407.44,S0237
P001363,Financial Monitor,Electronics,Monitor,NextGen,802.6,631.79,S0412
P001364,Before Comics,Books,Comics,GlobalMart,1031.75,668.35,S0039
P001365,Television Tablet,Electronics,Tablet,GlobalMart,133.83,93.76,S0012
P001366,Land Technology,Books,Technology,NextGen,271.06,162.39,S0156
P001367,Husband Laptop,Electronics,Laptop,GlobalMart,1145.61,709.43,S0467
P001368,Decade Education,Books,Education,GlobalMart,1142.35,762.22,S0490
P001369,Condition Outdoor,Sports,Outdoor,UrbanEdge,820.45,497.86,S0437
P001370,Responsibility Monitor,Electronics,Monitor,Apex,195.34,159.21,S0138
P001371,Help Fitness,Sports,Fitness,NextGen,448.73,278.06,S0075
P001372,Job Kitchen,Home,Kitchen,EverBuy,976.55,737.25,S0171
P001373,Generation Technology,Books,Technology,UrbanEdge,1293.42,773.05,S0410
P001374,Do Trousers,Clothing,Trousers,EverBuy,962.67,720.06,S0423
P001375,Drive Technology,Books,Technology,UrbanEdge,1245.22,891.69,S0145
P001376,Meeting Technology,Books,Technology,NextGen,243.96,148.63,S0100
P001377,Doctor Fitness,Sports,Fitness,GlobalMart,593.48,386.04,S0441
P001378,Agent Shoes,Clothing,Shoes,PrimeGoods,146.83,109.15,S0113
P001379,Society Monitor,Electronics,Monitor,Apex,1211.52,812.78,S0372
P001380,Risk Shoes,Clothing,Shoes,NovaTech,359.77,290.98,S0491
P001381,Than Technology,Books,Technology,NovaTech,716.14,465.53,S0016
P001382,Statement Accessories,Clothing,Accessories,GlobalMart,261.78,225.01,S0430
P001383,Arm Laptop,Electronics,Laptop,EverBuy,1095.77,927.57,S0279
P001384,Commercial Education,Books,Education,PrimeGoods,604.16,494.34,S0037
P001385,Cover Smartphone,Electronics,Smartphone,NextGen,867.27,646.28,S0479
P001386,High Outdoor,Sports,Outdoor,GlobalMart,937.59,564.8,S0060
P001387,Upon Shirts,Clothing,Shirts,Apex,1065.16,776.63,S0472
P001388,Generation Shoes,Clothing,Shoes,UrbanEdge,501.04,358.99,S0426
P001389,Amount Trousers,Clothing,Trousers,NextGen,1315.88,935.95,S0484
P001390,Civil Education,Books,Education,GlobalMart,172.46,123.43,S0037
P001391,But Furniture,Home,Furniture,Vertex,561.07,455.55,S0357
P001392,Great Football,Sports,Football,PrimeGoods,1149.91,826.28,S0208
P001393,Board Comics,Books,Comics,Vertex,1669.72,973.89,S0270
P001394,Food Fitness,Sports,Fitness,GlobalMart,750.2,509.46,S0307
P001395,Control Monitor,Electronics,Monitor,GlobalMart,259.36,175.72,S0343
P001396,Weight Shirts,Clothing,Shirts,Vertex,1126.25,693.5,S0227
P001397,Blue Headphones,Electronics,Headphones,Apex,1463.06,866.82,S0333
P001398,Even Lighting,Home,Lighting,EverBuy,1316.65,847.8,S0140
P001399,Sport Decor,Home,Decor,PrimeGoods,1580.24,917.02,S0463
P001400,Year Business,Books,Business,EverBuy,1234.04,744.72,S0408
P001401,Such Accessories,Clothing,Accessories,NextGen,1438.89,903.81,S0039
P001402,Pull Fitness,Sports,Fitness,NovaTech,620.04,532.26,S0465
P001403,Director Laptop,Electronics,Laptop,NextGen,1319.74,893.73,S0215
P001404,Skin Kitchen,Home,Kitchen,NextGen,493.08,408.41,S0096
P001405,American Cricket,Sports,Cricket,NovaTech,984.26,600.85,S0337
P001406,Democratic Fiction,Books,Fiction,NextGen,1448.95,905.93,S0171
P001407,Analysis Shoes,Clothing,Shoes,PrimeGoods,330.44,211.58,S0262
P001408,Prevent Business,Books,Business,GlobalMart,1502.44,882.82,S0324
P001409,Eight Smartphone,Electronics,Smartphone,EverBuy,422.11,339.19,S0351
P001410,Summer Monitor,Electronics,Monitor,EverBuy,920.38,520.93,S0093
P001411,Crime Tablet,Electronics,Tablet,NovaTech,1151.19,790.83,S0176
P001412,Risk Fiction,Books,Fiction,EverBuy,86.83,73.0,S0498
P001413,Day Monitor,Electronics,Monitor,GlobalMart,1189.38,752.09,S0105
P001414,Leg Decor,Home,Decor,GlobalMart,346.94,198.04,S0263
P001415,Push Comics,Books,Comics,UrbanEdge,814.4,504.61,S0129
P001416,Live Shoes,Clothing,Shoes,Vertex,797.68,476.21,S0094
P001417,Happy Business,Books,Business,EverBuy,356.51,245.2,S0494
P001418,Little Trousers,Clothing,Trousers,Apex,983.05,769.14,S0034
P001419,Performance Furniture,Home,Furniture,NextGen,301.1,172.15,S0289
P001420,Cost Monitor,Electronics,Monitor,UrbanEdge,136.25,88.43,S0230
P001421,Environmental Cricket,Sports,Cricket,NextGen,1383.44,883.27,S0319
P001422,Voice Comics,Books,Comics,NextGen,145.99,106.91,S0211
P001423,Yet Appliances,Home,Appliances,NextGen,684.09,502.21,S0224
P001424,Really Laptop,Electronics,Laptop,UrbanEdge,665.14,546.52,S0470
P001425,Least Lighting,Home,Lighting,Vertex,804.3,447.28,S0484
P001426,Military Headphones,Electronics,Headphones,UrbanEdge,1423.23,820.7,S0361
P001427,Father Jackets,Clothing,Jackets,NextGen,729.86,488.71,S0302
P001428,Security Fiction,Books,Fiction,Apex,974.13,751.65,S0258
P001429,Campaign Lighting,Home,Lighting,GlobalMart,510.36,366.07,S0036
P001430,Return Fiction,Books,Fiction,GlobalMart,1058.71,624.91,S0254
P001431,Far Lighting,Home,Lighting,NextGen,570.79,487.24,S0420
P001432,Billion Comics,Books,Comics,UrbanEdge,929.19,564.06,S0166
P001433,Meeting Shirts,Clothing,Shirts,UrbanEdge,511.31,296.0,S0469
P001434,Top Comics,Books,Comics,NextGen,1363.5,807.52,S0373
P001435,American Football,Sports,Football,NextGen,260.48,176.68,S0064
P001436,Already Furniture,Home,Furniture,Vertex,108.19,82.56,S0471
P001437,Those Fitness,Sports,Fitness,UrbanEdge,1289.02,895.37,S0329
P001438,Somebody Decor,Home,Decor,EverBuy,425.31,289.5,S0058
P001439,Need Tablet,Electronics,Tablet,EverBuy,1127.05,704.74,S0357
P001440,Stock Tablet,Electronics,Tablet,Vertex,51.49,31.35,S0392
P001441,Forward Kitchen,Home,Kitchen,EverBuy,412.18,244.1,S0050
P001442,Sort Accessories,Clothing,Accessories,GlobalMart,617.01,399.6,S0160
P001443,Eight Cricket,Sports,Cricket,Apex,1254.39,740.3,S0171
P001444,Main Shoes,Clothing,Shoes,Vertex,106.2,67.63,S0187
P001445,Sell Running,Sports,Running,Apex,1737.68,974.11,S0402
P001446,Draw Furniture,Home,Furniture,Apex,1418.8,970.8,S0030
P001447,Affect Cricket,Sports,Cricket,GlobalMart,389.68,323.22,S0228
P001448,Top Fiction,Books,Fiction,UrbanEdge,388.71,267.52,S0401
P001449,Quickly Smartphone,Electronics,Smartphone,NovaTech,1340.65,986.62,S0463
P001450,From Jackets,Clothing,Jackets,EverBuy,716.77,481.49,S0297
P001451,Black Education,Books,Education,Vertex,291.15,186.59,S0374
P001452,Begin Shirts,Clothing,Shirts,UrbanEdge,844.13,699.43,S0465
P001453,Perhaps Business,Books,Business,NovaTech,830.47,701.25,S0100
P001454,Project Kitchen,Home,Kitchen,UrbanEdge,358.29,228.89,S0192
P001455,Imagine Cricket,Sports,Cricket,Apex,192.91,147.87,S0198
P001456,Any Outdoor,Sports,Outdoor,EverBuy,1053.97,628.44,S0127
P001457,Miss Football,Sports,Football,PrimeGoods,1006.46,632.67,S0294
P001458,Wonder Decor,Home,Decor,GlobalMart,113.79,77.97,S0053
P001459,Event Outdoor,Sports,Outdoor,GlobalMart,397.68,269.08,S0143
P001460,Smile Fiction,Books,Fiction,NovaTech,465.27,395.48,S0459
P001461,Nearly Monitor,Electronics,Monitor,Vertex,1067.99,646.37,S0404
P001462,Natural Appliances,Home,Appliances,UrbanEdge,963.61,702.09,S0201
P001463,Forget Monitor,Electronics,Monitor,GlobalMart,1430.55,806.59,S0173
P001464,Instead Kitchen,Home,Kitchen,NextGen,373.69,261.34,S0289
P001465,Although Furniture,Home,Furniture,NovaTech,127.49,96.24,S0272
P001466,Catch Decor,Home,Decor,NovaTech,967.11,563.88,S0382
P001467,Order Comics,Books,Comics,Apex,1146.34,943.73,S0165
P001468,Phone Football,Sports,Football,NextGen,723.62,491.06,S0085
P001469,Offer Tablet,Electronics,Tablet,NextGen,1332.86,848.65,S0146
P001470,Type Outdoor,Sports,Outdoor,PrimeGoods,232.03,129.77,S0131
P001471,Can Smartphone,Electronics,Smartphone,Apex,776.06,467.57,S0339
P001472,Over Decor,Home,Decor,GlobalMart,585.73,348.69,S0258
P001473,Much Education,Books,Education,PrimeGoods,1519.17,950.42,S0312
P001474,Him Outdoor,Sports,Outdoor,NextGen,1284.27,926.56,S0024
P001475,Market Lighting,Home,Lighting,PrimeGoods,170.35,140.17,S0189
P001476,Make Tablet,Electronics,Tablet,UrbanEdge,1147.11,762.29,S0470
P001477,Face Technology,Books,Technology,UrbanEdge,175.23,103.22,S0037
P001478,Seat Tablet,Electronics,Tablet,UrbanEdge,808.01,572.46,S0412
P001479,Make Trousers,Clothing,Trousers,UrbanEdge,611.69,354.07,S0021
P001480,School Jackets,Clothing,Jackets,GlobalMart,468.72,280.33,S0189
P001481,Community Trousers,Clothing,Trousers,NovaTech,780.56,451.51,S0332
P001482,Population Business,Books,Business,GlobalMart,350.81,212.34,S0427
P001483,Way Shoes,Clothing,Shoes,Vertex,163.08,128.1,S0025
P001484,Away Headphones,Electronics,Headphones,EverBuy,1222.32,834.97,S0487
P001485,Energy Accessories,Clothing,Accessories,EverBuy,834.47,697.7,S0468
P001486,Record Outdoor,Sports,Outdoor,PrimeGoods,571.19,438.64,S0296
P001487,Stay Monitor,Electronics,Monitor,UrbanEdge,213.94,154.13,S0306
P001488,Project Laptop,Electronics,Laptop,PrimeGoods,55.32,37.73,S0341
P001489,Music Fiction,Books,Fiction,UrbanEdge,649.87,476.7,S0284
P001490,Attorney Headphones,Electronics,Headphones,UrbanEdge,1370.22,872.51,S0458
P001491,Mention Shoes,Clothing,Shoes,Apex,809.24,692.13,S0003
P001492,Continue Lighting,Home,Lighting,EverBuy,1033.26,667.22,S0196
P001493,Similar Fiction,Books,Fiction,NextGen,366.14,204.17,S0107
P001494,Dark Technology,Books,Technology,NextGen,1539.72,979.15,S0321
P001495,Growth Laptop,Electronics,Laptop,EverBuy,875.31,531.54,S0111
P001496,Word Accessories,Clothing,Accessories,GlobalMart,142.71,85.91,S0316
P001497,Particularly Running,Sports,Running,NextGen,371.98,211.87,S0291
P001498,Situation Technology,Books,Technology,GlobalMart,1326.05,937.37,S0313
P001499,Only Running,Sports,Running,NextGen,356.54,221.87,S0321
P001500,Perhaps Cricket,Sports,Cricket,PrimeGoods,666.7,422.05,S0109
P001501,Admit Jackets,Clothing,Jackets,PrimeGoods,322.41,278.37,S0404
P001502,Sing Tablet,Electronics,Tablet,Apex,960.65,584.84,S0493
P001503,Develop Appliances,Home,Appliances,PrimeGoods,25.68,15.33,S0122
P001504,When Education,Books,Education,Vertex,132.55,85.56,S0274
P001505,Evidence Headphones,Electronics,Headphones,GlobalMart,1363.25,896.7,S0324
P001506,Other Shoes,Clothing,Shoes,Vertex,824.08,628.32,S0081
P001507,Top Tablet,Electronics,Tablet,NextGen,295.63,170.92,S0094
P001508,Follow Fitness,Sports,Fitness,NovaTech,215.41,126.94,S0305
P001509,Magazine Accessories,Clothing,Accessories,UrbanEdge,1096.76,856.01,S0448
P001510,Tree Technology,Books,Technology,UrbanEdge,838.03,719.07,S0173
P001511,Exist Comics,Books,Comics,UrbanEdge,1204.03,741.24,S0061
P001512,Onto Education,Books,Education,GlobalMart,767.44,429.23,S0246
P001513,Read Education,Books,Education,Vertex,238.51,157.42,S0229
P001514,Drive Football,Sports,Football,NextGen,1411.52,984.28,S0019
P001515,Firm Outdoor,Sports,Outdoor,GlobalMart,590.21,474.16,S0403
P001516,Southern Monitor,Electronics,Monitor,EverBuy,309.84,222.37,S0268
P001517,Feel Decor,Home,Decor,PrimeGoods,1558.42,869.3,S0050
P001518,Cultural Headphones,Electronics,Headphones,EverBuy,1154.4,877.95,S0138
P001519,Technology Appliances,Home,Appliances,NextGen,836.01,489.82,S0020
P001520,Whom Shoes,Clothing,Shoes,UrbanEdge,551.82,381.51,S0063
P001521,Enter Running,Sports,Running,UrbanEdge,120.29,72.18,S0192
P001522,Dark Football,Sports,Football,EverBuy,300.63,192.47,S0154
P001523,Big Outdoor,Sports,Outdoor,Apex,639.23,503.71,S0136
P001524,Father Outdoor,Sports,Outdoor,PrimeGoods,29.79,24.39,S0276
P001525,Agent Tablet,Electronics,Tablet,Vertex,1021.65,760.31,S0489
P001526,Range Tablet,Electronics,Tablet,GlobalMart,151.48,113.8,S0051
P001527,That Lighting,Home,Lighting,NextGen,311.67,227.85,S0446
P001528,Bad Education,Books,Education,UrbanEdge,661.49,516.36,S0497
P001529,Reduce Kitchen,Home,Kitchen,NovaTech,1261.22,825.36,S0218
P001530,Reality Decor,Home,Decor,Vertex,1045.51,658.52,S0430
P001531,Quality Running,Sports,Running,Vertex,707.97,423.71,S0200
P001532,Worry Kitchen,Home,Kitchen,UrbanEdge,35.58,20.97,S0466
P001533,Democrat Accessories,Clothing,Accessories,EverBuy,831.94,560.96,S0278
P001534,Seat Laptop,Electronics,Laptop,NovaTech,177.02,118.86,S0113
P001535,Summer Running,Sports,Running,NovaTech,444.24,305.93,S0044
P001536,None Technology,Books,Technology,Apex,652.82,472.18,S0097
P001537,Popular Tablet,Electronics,Tablet,Vertex,887.99,512.68,S0191
P001538,South Outdoor,Sports,Outdoor,UrbanEdge,1114.45,707.32,S0028
P001539,Age Shirts,Clothing,Shirts,UrbanEdge,694.49,441.41,S0137
P001540,Yes Jackets,Clothing,Jackets,Vertex,129.2,76.39,S0103
P001541,Environmental Technology,Books,Technology,PrimeGoods,1405.22,936.36,S0040
P001542,Attack Lighting,Home,Lighting,NextGen,1551.85,869.69,S0165
P001543,Including Tablet,Electronics,Tablet,NextGen,851.63,697.06,S0102
P001544,Course Laptop,Electronics,Laptop,Vertex,978.23,660.18,S0143
P001545,Easy Lighting,Home,Lighting,EverBuy,187.1,149.56,S0211
P001546,Wonder Lighting,Home,Lighting,GlobalMart,863.83,507.7,S0056
P001547,Agreement Appliances,Home,Appliances,EverBuy,1296.57,879.1,S0342
P001548,Doctor Jackets,Clothing,Jackets,EverBuy,420.18,265.05,S0467
P001549,Hotel Lighting,Home,Lighting,Vertex,871.43,683.95,S0382
P001550,Fund Comics,Books,Comics,NovaTech,382.02,243.12,S0269
P001551,Push Technology,Books,Technology,EverBuy,686.89,422.06,S0135
P001552,Type Decor,Home,Decor,PrimeGoods,356.39,250.53,S0419
P001553,Assume Fitness,Sports,Fitness,UrbanEdge,1468.22,876.34,S0120
P001554,Look Tablet,Electronics,Tablet,NovaTech,1366.84,885.53,S0324
P001555,Trial Decor,Home,Decor,Vertex,861.39,641.0,S0189
P001556,How Cricket,Sports,Cricket,Apex,529.47,305.52,S0473
P001557,Generation Kitchen,Home,Kitchen,PrimeGoods,114.52,64.42,S0391
P001558,Pull Smartphone,Electronics,Smartphone,Apex,387.69,313.1,S0225
P001559,Along Business,Books,Business,PrimeGoods,838.39,597.95,S0339
P001560,Kind Headphones,Electronics,Headphones,PrimeGoods,992.93,751.1,S0072
P001561,Move Appliances,Home,Appliances,NovaTech,478.6,356.11,S0481
P001562,For Shoes,Clothing,Shoes,Apex,826.93,531.71,S0366
P001563,Term Jackets,Clothing,Jackets,Apex,370.94,270.61,S0270
P001564,Fear Lighting,Home,Lighting,PrimeGoods,1227.58,935.64,S0118
P001565,North Education,Books,Education,UrbanEdge,1229.77,746.95,S0208
P001566,Democrat Technology,Books,Technology,UrbanEdge,540.64,398.83,S0249
P001567,Area Tablet,Electronics,Tablet,GlobalMart,260.43,167.28,S0417
P001568,Make Lighting,Home,Lighting,Apex,533.5,330.08,S0039
P001569,Long Business,Books,Business,PrimeGoods,818.98,632.84,S0066
P001570,Mr Furniture,Home,Furniture,EverBuy,765.37,549.64,S0269
P001571,Relationship Education,Books,Education,NovaTech,1117.35,925.37,S0494
P001572,Lead Outdoor,Sports,Outdoor,PrimeGoods,514.21,382.32,S0048
P001573,Send Kitchen,Home,Kitchen,Vertex,1006.09,694.55,S0128
P001574,Form Accessories,Clothing,Accessories,UrbanEdge,1404.21,885.07,S0462
P001575,Although Education,Books,Education,EverBuy,537.71,374.79,S0280
P001576,Place Tablet,Electronics,Tablet,NovaTech,898.94,620.6,S0106
P001577,Smile Fitness,Sports,Fitness,EverBuy,1122.3,661.83,S0189
P001578,True Lighting,Home,Lighting,PrimeGoods,1184.28,669.92,S0480
P001579,Prevent Fitness,Sports,Fitness,Vertex,727.29,405.73,S0498
P001580,Early Comics,Books,Comics,EverBuy,1137.44,773.16,S0072
P001581,Matter Education,Books,Education,NextGen,1528.57,907.63,S0389
P001582,Personal Furniture,Home,Furniture,PrimeGoods,1439.69,920.35,S0347
P001583,Rock Tablet,Electronics,Tablet,GlobalMart,1180.3,778.23,S0076
P001584,Into Cricket,Sports,Cricket,NextGen,736.23,578.22,S0279
P001585,Call Outdoor,Sports,Outdoor,GlobalMart,611.74,454.27,S0172
P001586,Face Trousers,Clothing,Trousers,NextGen,492.59,421.67,S0065
P001587,Behind Fiction,Books,Fiction,PrimeGoods,507.52,436.41,S0498
P001588,Care Football,Sports,Football,Apex,1118.49,780.22,S0424
P001589,Professor Fitness,Sports,Fitness,NovaTech,228.21,183.85,S0232
P001590,Material Technology,Books,Technology,NextGen,54.28,38.95,S0426
P001591,Must Jackets,Clothing,Jackets,Vertex,334.75,212.59,S0391
P001592,Soon Headphones,Electronics,Headphones,UrbanEdge,351.47,247.84,S0435
P001593,Fall Business,Books,Business,UrbanEdge,533.49,328.2,S0272
P001594,Various Accessories,Clothing,Accessories,NextGen,1076.36,637.4,S0275
P001595,Lot Tablet,Electronics,Tablet,Apex,485.97,333.71,S0447
P001596,Throughout Laptop,Electronics,Laptop,EverBuy,1733.89,974.47,S0158
P001597,Success Furniture,Home,Furniture,UrbanEdge,859.76,499.34,S0470
P001598,Summer Technology,Books,Technology,GlobalMart,1436.61,992.15,S0393
P001599,Relationship Appliances,Home,Appliances,UrbanEdge,1003.49,697.54,S0171
P001600,Really Jackets,Clothing,Jackets,NovaTech,1387.95,911.52,S0264
P001601,Discover Kitchen,Home,Kitchen,PrimeGoods,926.2,581.7,S0429
P001602,College Football,Sports,Football,Apex,719.68,440.42,S0161
P001603,Recent Smartphone,Electronics,Smartphone,UrbanEdge,941.58,747.21,S0098
P001604,Just Fitness,Sports,Fitness,PrimeGoods,1051.39,899.02,S0097
P001605,Television Outdoor,Sports,Outdoor,PrimeGoods,290.18,200.26,S0119
P001606,Person Lighting,Home,Lighting,NextGen,732.23,606.76,S0308
P001607,Race Business,Books,Business,PrimeGoods,1450.98,938.36,S0063
P001608,Give Cricket,Sports,Cricket,GlobalMart,1754.98,990.43,S0483
P001609,Watch Jackets,Clothing,Jackets,EverBuy,1241.51,771.72,S0257
P001610,Blood Decor,Home,Decor,UrbanEdge,1150.62,747.85,S0103
P001611,Why Technology,Books,Technology,NextGen,965.3,632.22,S0031
P001612,Gas Cricket,Sports,Cricket,Apex,672.94,519.39,S0204
P001613,Himself Fiction,Books,Fiction,NextGen,659.94,573.52,S0229
P001614,Partner Business,Books,Business,PrimeGoods,823.68,471.64,S0355
P001615,Performance Appliances,Home,Appliances,Vertex,755.28,653.08,S0459
P001616,Big Fitness,Sports,Fitness,NextGen,469.38,336.07,S0332
P001617,Region Appliances,Home,Appliances,NextGen,103.69,80.74,S0165
P001618,Man Technology,Books,Technology,PrimeGoods,558.83,454.85,S0109
P001619,Because Fitness,Sports,Fitness,EverBuy,1008.62,700.34,S0352
P001620,Health Tablet,Electronics,Tablet,GlobalMart,1352.39,819.62,S0395
P001621,Minute Running,Sports,Running,NovaTech,543.02,381.99,S0250
P001622,Pretty Lighting,Home,Lighting,NovaTech,554.02,473.46,S0142
P001623,Speak Shoes,Clothing,Shoes,EverBuy,227.87,193.84,S0399
P001624,Central Furniture,Home,Furniture,NovaTech,792.81,659.19,S0482
P001625,Consider Outdoor,Sports,Outdoor,NovaTech,919.98,520.71,S0345
P001626,Response Monitor,Electronics,Monitor,NextGen,1173.92,890.4,S0293
P001627,Reduce Smartphone,Electronics,Smartphone,NextGen,516.72,430.74,S0474
P001628,Idea Technology,Books,Technology,GlobalMart,99.74,70.49,S0164
P001629,Forget Furniture,Home,Furniture,PrimeGoods,352.29,213.61,S0267
P001630,Approach Kitchen,Home,Kitchen,EverBuy,384.29,315.74,S0459
P001631,Defense Running,Sports,Running,EverBuy,232.85,164.3,S0290
P001632,Rate Business,Books,Business,PrimeGoods,797.37,515.22,S0162
P001633,Form Trousers,Clothing,Trousers,UrbanEdge,616.66,376.36,S0376
P001634,Grow Smartphone,Electronics,Smartphone,NextGen,660.58,552.07,S0430
P001635,Health Headphones,Electronics,Headphones,NovaTech,425.35,282.43,S0226
P001636,Score Cricket,Sports,Cricket,Vertex,1279.58,719.43,S0379
P001637,Century Education,Books,Education,GlobalMart,1080.71,610.41,S0354
P001638,Give Fiction,Books,Fiction,EverBuy,63.1,46.06,S0320
P001639,Half Appliances,Home,Appliances,UrbanEdge,1091.23,690.77,S0258
P001640,Moment Outdoor,Sports,Outdoor,PrimeGoods,1073.84,672.92,S0005
P001641,Country Football,Sports,Football,UrbanEdge,1121.72,929.32,S0467
P001642,Must Technology,Books,Technology,NovaTech,819.3,466.35,S0436
P001643,Assume Smartphone,Electronics,Smartphone,EverBuy,472.52,276.15,S0287
P001644,President Kitchen,Home,Kitchen,NovaTech,1427.84,878.93,S0468
P001645,Agree Running,Sports,Running,NovaTech,621.36,391.67,S0121
P001646,Two Monitor,Electronics,Monitor,NextGen,395.27,302.02,S0288
P001647,Human Decor,Home,Decor,PrimeGoods,1196.87,956.74,S0380
P001648,Commercial Accessories,Clothing,Accessories,NextGen,253.0,160.47,S0227
P001649,Practice Lighting,Home,Lighting,NovaTech,474.12,365.85,S0219
P001650,Wind Education,Books,Education,EverBuy,359.21,238.83,S0307
P001651,Foot Running,Sports,Running,NextGen,610.13,353.71,S0363
P001652,Several Decor,Home,Decor,NovaTech,30.04,20.84,S0368
P001653,Mother Tablet,Electronics,Tablet,Vertex,722.69,626.38,S0229
P001654,Song Trousers,Clothing,Trousers,EverBuy,180.52,138.35,S0180
P001655,Just Monitor,Electronics,Monitor,Vertex,975.06,835.48,S0121
P001656,Computer Kitchen,Home,Kitchen,Vertex,1540.84,880.16,S0193
P001657,Product Jackets,Clothing,Jackets,GlobalMart,123.46,75.0,S0474
P001658,After Fitness,Sports,Fitness,Vertex,768.52,623.74,S0261
P001659,Majority Lighting,Home,Lighting,PrimeGoods,669.07,565.12,S0210
P001660,Technology Shirts,Clothing,Shirts,Vertex,970.2,766.58,S0469
P001661,Hold Comics,Books,Comics,Apex,257.15,184.86,S0063
P001662,Forget Running,Sports,Running,EverBuy,955.87,756.9,S0436
P001663,Not Trousers,Clothing,Trousers,EverBuy,382.04,291.37,S0260
P001664,Consider Fitness,Sports,Fitness,NextGen,197.73,121.12,S0049
P001665,Shoulder Laptop,Electronics,Laptop,Vertex,267.51,165.33,S0438
P001666,At Fitness,Sports,Fitness,NovaTech,1219.49,690.17,S0295
P001667,Story Headphones,Electronics,Headphones,Vertex,635.94,384.47,S0052
P001668,Field Decor,Home,Decor,UrbanEdge,1281.21,810.92,S0500
P001669,Much Monitor,Electronics,Monitor,UrbanEdge,948.62,595.3,S0127
P001670,Fight Fitness,Sports,Fitness,GlobalMart,1383.54,951.4,S0484
P001671,Sound Fitness,Sports,Fitness,EverBuy,844.54,512.86,S0053
P001672,Economy Football,Sports,Football,EverBuy,1000.11,813.58,S0356
P001673,Treat Kitchen,Home,Kitchen,UrbanEdge,1143.99,916.36,S0194
P001674,Lead Accessories,Clothing,Accessories,NextGen,1012.13,657.01,S0234
P001675,Conference Shoes,Clothing,Shoes,GlobalMart,365.99,260.87,S0240
P001676,Floor Furniture,Home,Furniture,NovaTech,1431.35,978.72,S0333
P001677,Protect Outdoor,Sports,Outdoor,PrimeGoods,1275.5,764.61,S0181
P001678,Field Shirts,Clothing,Shirts,Vertex,294.15,204.9,S0047
P001679,Author Education,Books,Education,NextGen,1119.95,906.44,S0357
P001680,Sort Headphones,Electronics,Headphones,UrbanEdge,1260.47,753.26,S0097
P001681,Mouth Jackets,Clothing,Jackets,NovaTech,666.66,404.97,S0261
P001682,Improve Monitor,Electronics,Monitor,NovaTech,1575.23,974.64,S0281
P001683,Long Football,Sports,Football,GlobalMart,97.93,63.66,S0013
P001684,Want Trousers,Clothing,Trousers,NovaTech,147.38,112.82,S0002
P001685,Exist Jackets,Clothing,Jackets,Vertex,285.82,248.37,S0307
P001686,Fish Business,Books,Business,NovaTech,195.4,136.92,S0219
P001687,Mean Cricket,Sports,Cricket,UrbanEdge,969.08,628.42,S0378
P001688,Surface Smartphone,Electronics,Smartphone,GlobalMart,1149.16,966.34,S0482
P001689,Read Education,Books,Education,NovaTech,1162.0,778.54,S0142
P001690,Anything Tablet,Electronics,Tablet,PrimeGoods,1372.76,886.14,S0487
P001691,Assume Business,Books,Business,Apex,987.15,835.56,S0234
P001692,For Shirts,Clothing,Shirts,PrimeGoods,1253.02,760.64,S0323
P001693,Far Trousers,Clothing,Trousers,Apex,1102.08,696.01,S0318
P001694,Training Education,Books,Education,NextGen,193.32,163.82,S0066
P001695,Present Laptop,Electronics,Laptop,Vertex,252.3,156.71,S0050
P001696,Term Comics,Books,Comics,EverBuy,860.73,558.38,S0481
P001697,Although Headphones,Electronics,Headphones,EverBuy,328.59,193.93,S0448
P001698,Skill Accessories,Clothing,Accessories,PrimeGoods,1068.12,801.04,S0285
P001699,Send Running,Sports,Running,PrimeGoods,517.4,306.22,S0286
P001700,Pattern Tablet,Electronics,Tablet,EverBuy,1035.95,599.26,S0216
P001701,Represent Appliances,Home,Appliances,EverBuy,1077.5,849.73,S0323
P001702,Class Tablet,Electronics,Tablet,NovaTech,771.42,437.1,S0138
P001703,During Comics,Books,Comics,PrimeGoods,762.65,573.45,S0048
P001704,Example Business,Books,Business,Apex,114.72,95.87,S0149
P001705,Across Kitchen,Home,Kitchen,GlobalMart,1146.47,684.35,S0477
P001706,Crime Trousers,Clothing,Trousers,UrbanEdge,897.07,558.73,S0101
P001707,Rather Appliances,Home,Appliances,Vertex,825.23,586.43,S0340
P001708,Assume Jackets,Clothing,Jackets,Vertex,595.57,496.54,S0090
P001709,Mother Shirts,Clothing,Shirts,EverBuy,1367.66,773.17,S0352
P001710,Effort Tablet,Electronics,Tablet,Apex,1534.53,897.24,S0459
P001711,Feel Trousers,Clothing,Trousers,Apex,1068.63,704.83,S0289
P001712,Always Fitness,Sports,Fitness,UrbanEdge,1654.18,965.28,S0331
P001713,Crime Outdoor,Sports,Outdoor,GlobalMart,529.26,345.2,S0231
P001714,Party Football,Sports,Football,GlobalMart,1035.06,747.35,S0436
P001715,Edge Smartphone,Electronics,Smartphone,NextGen,44.69,32.25,S0288
P001716,Military Shirts,Clothing,Shirts,Vertex,22.77,16.66,S0232
P001717,A Decor,Home,Decor,Apex,479.74,320.24,S0128
P001718,Lead Monitor,Electronics,Monitor,NovaTech,461.89,316.17,S0095
P001719,Through Lighting,Home,Lighting,NextGen,1255.87,729.82,S0066
P001720,Box Smartphone,Electronics,Smartphone,UrbanEdge,1121.09,926.77,S0031
P001721,True Fiction,Books,Fiction,PrimeGoods,850.06,597.78,S0434
P001722,Girl Comics,Books,Comics,EverBuy,449.48,285.69,S0338
P001723,Step Decor,Home,Decor,EverBuy,232.28,184.76,S0266
P001724,Rather Cricket,Sports,Cricket,PrimeGoods,719.72,411.5,S0406
P001725,Common Fitness,Sports,Fitness,NovaTech,305.45,214.91,S0500
P001726,Yet Fitness,Sports,Fitness,UrbanEdge,633.7,393.36,S0451
P001727,Who Running,Sports,Running,GlobalMart,657.97,564.53,S0125
P001728,Soldier Comics,Books,Comics,NextGen,1017.0,728.59,S0365
P001729,Home Fitness,Sports,Fitness,Apex,952.55,541.19,S0039
P001730,Cell Education,Books,Education,NextGen,151.69,120.13,S0436
P001731,Series Technology,Books,Technology,UrbanEdge,1550.25,951.11,S0475
P001732,Wonder Technology,Books,Technology,EverBuy,1029.6,807.59,S0074
P001733,Interest Accessories,Clothing,Accessories,EverBuy,757.89,452.19,S0243
P001734,Piece Kitchen,Home,Kitchen,Vertex,19.59,11.15,S0461
P001735,Again Lighting,Home,Lighting,GlobalMart,913.28,647.99,S0062
P001736,Building Outdoor,Sports,Outdoor,NovaTech,1248.95,953.36,S0005
P001737,Food Laptop,Electronics,Laptop,UrbanEdge,548.08,458.89,S0258
P001738,Itself Tablet,Electronics,Tablet,PrimeGoods,1058.44,673.46,S0172
P001739,Because Comics,Books,Comics,UrbanEdge,1497.3,843.61,S0412
P001740,Above Laptop,Electronics,Laptop,GlobalMart,1224.23,998.68,S0010
P001741,Town Shirts,Clothing,Shirts,NextGen,340.67,242.32,S0334
P001742,Table Kitchen,Home,Kitchen,Vertex,1351.44,997.53,S0341
P001743,Born Jackets,Clothing,Jackets,EverBuy,1007.16,695.77,S0144
P001744,Political Tablet,Electronics,Tablet,Vertex,625.84,427.85,S0446
P001745,Capital Education,Books,Education,EverBuy,1160.34,967.69,S0185
P001746,Page Lighting,Home,Lighting,NovaTech,521.24,336.81,S0086
P001747,Short Football,Sports,Football,EverBuy,331.71,277.5,S0159
P001748,Degree Cricket,Sports,Cricket,NovaTech,145.44,101.16,S0111
P001749,Hand Smartphone,Electronics,Smartphone,NextGen,895.04,671.22,S0330
P001750,City Cricket,Sports,Cricket,UrbanEdge,636.69,394.37,S0087
P001751,Between Cricket,Sports,Cricket,Vertex,725.31,629.26,S0218
P001752,Seat Kitchen,Home,Kitchen,GlobalMart,306.53,237.26,S0376
P001753,Whether Comics,Books,Comics,NextGen,928.6,539.09,S0454
P001754,Four Comics,Books,Comics,NovaTech,734.16,413.82,S0233
P001755,Most Football,Sports,Football,PrimeGoods,850.38,651.08,S0274
P001756,Participant Outdoor,Sports,Outdoor,PrimeGoods,667.57,427.38,S0392
P001757,Sign Shirts,Clothing,Shirts,Vertex,77.61,51.15,S0351
P001758,Part Technology,Books,Technology,PrimeGoods,268.99,151.3,S0224
P001759,Term Monitor,Electronics,Monitor,UrbanEdge,364.71,287.97,S0473
P001760,Though Monitor,Electronics,Monitor,PrimeGoods,370.38,221.97,S0249
P001761,Training Fiction,Books,Fiction,NovaTech,956.17,816.98,S0489
P001762,Against Football,Sports,Football,Apex,825.59,714.01,S0350
P001763,Interesting Smartphone,Electronics,Smartphone,UrbanEdge,713.27,610.47,S0256
P001764,Sport Business,Books,Business,PrimeGoods,1367.28,980.53,S0226
P001765,Happen Tablet,Electronics,Tablet,Apex,117.97,70.96,S0235
P001766,Answer Trousers,Clothing,Trousers,UrbanEdge,1362.33,803.89,S0070
P001767,Ability Football,Sports,Football,Apex,1365.57,927.16,S0334
P001768,Soldier Comics,Books,Comics,UrbanEdge,1176.98,926.84,S0194
P001769,For Furniture,Home,Furniture,UrbanEdge,796.99,445.49,S0405
P001770,Continue Fiction,Books,Fiction,NextGen,987.06,779.55,S0341
P001771,Budget Accessories,Clothing,Accessories,UrbanEdge,57.78,46.18,S0306
P001772,Girl Accessories,Clothing,Accessories,NextGen,188.25,112.7,S0127
P001773,Possible Outdoor,Sports,Outdoor,EverBuy,357.41,208.16,S0315
P001774,Impact Lighting,Home,Lighting,Vertex,1063.9,867.85,S0145
P001775,Citizen Trousers,Clothing,Trousers,Apex,568.85,323.98,S0242
P001776,Watch Comics,Books,Comics,Apex,762.79,436.95,S0038
P001777,Professor Shoes,Clothing,Shoes,Apex,1300.6,800.7,S0153
P001778,Find Lighting,Home,Lighting,NovaTech,362.88,280.65,S0341
P001779,Quality Headphones,Electronics,Headphones,NextGen,1239.17,771.41,S0414
P001780,Amount Appliances,Home,Appliances,GlobalMart,1513.02,922.7,S0319
P001781,Keep Outdoor,Sports,Outdoor,NextGen,1149.18,786.62,S0338
P001782,Low Jackets,Clothing,Jackets,NovaTech,1216.45,823.13,S0119
P001783,Add Kitchen,Home,Kitchen,Vertex,731.57,423.13,S0176
P001784,Focus Kitchen,Home,Kitchen,UrbanEdge,311.04,209.07,S0125
P001785,Democratic Accessories,Clothing,Accessories,EverBuy,339.45,272.42,S0125
P001786,Above Decor,Home,Decor,NovaTech,26.4,16.48,S0245
P001787,Drive Outdoor,Sports,Outdoor,GlobalMart,311.38,240.34,S0102
P001788,Bar Business,Books,Business,UrbanEdge,342.49,224.73,S0315
P001789,Than Shoes,Clothing,Shoes,Vertex,398.12,283.94,S0060
P001790,Risk Decor,Home,Decor,UrbanEdge,1011.29,747.29,S0019
P001791,Surface Business,Books,Business,Vertex,101.13,80.97,S0362
P001792,Describe Business,Books,Business,PrimeGoods,994.75,691.76,S0445
P001793,Forget Trousers,Clothing,Trousers,PrimeGoods,982.32,580.6,S0370
P001794,Account Furniture,Home,Furniture,PrimeGoods,487.28,361.41,S0378
P001795,South Education,Books,Education,NovaTech,524.6,414.81,S0146
P001796,Word Tablet,Electronics,Tablet,GlobalMart,122.23,78.91,S0319
P001797,Other Appliances,Home,Appliances,UrbanEdge,698.98,580.06,S0226
P001798,Range Football,Sports,Football,NextGen,462.11,273.4,S0160
P001799,Our Fiction,Books,Fiction,Vertex,689.09,583.51,S0015
P001800,Memory Jackets,Clothing,Jackets,Vertex,923.06,543.1,S0266
P001801,Range Headphones,Electronics,Headphones,UrbanEdge,47.09,28.47,S0228
P001802,Not Furniture,Home,Furniture,NextGen,1377.57,897.41,S0291
P001803,Hundred Laptop,Electronics,Laptop,Vertex,1254.62,842.7,S0193
P001804,Congress Fiction,Books,Fiction,UrbanEdge,389.51,277.3,S0200
P001805,Great Education,Books,Education,EverBuy,541.88,329.02,S0240
P001806,Member Smartphone,Electronics,Smartphone,UrbanEdge,33.18,28.27,S0261
P001807,Style Shoes,Clothing,Shoes,EverBuy,568.51,364.96,S0257
P001808,Low Smartphone,Electronics,Smartphone,EverBuy,826.38,693.05,S0201
P001809,Important Appliances,Home,Appliances,PrimeGoods,391.38,286.15,S0425
P001810,Fast Furniture,Home,Furniture,Apex,1281.06,768.61,S0116
P001811,Since Running,Sports,Running,Vertex,1354.36,753.73,S0207
P001812,Participant Tablet,Electronics,Tablet,NextGen,780.7,630.36,S0078
P001813,Red Jackets,Clothing,Jackets,Vertex,320.85,221.69,S0318
P001814,Decision Trousers,Clothing,Trousers,NextGen,343.92,197.3,S0443
P001815,Prevent Headphones,Electronics,Headphones,UrbanEdge,295.16,201.66,S0298
P001816,Morning Furniture,Home,Furniture,EverBuy,1242.2,894.4,S0104
P001817,Scientist Business,Books,Business,NextGen,93.89,55.99,S0124
P001818,Vote Football,Sports,Football,Apex,370.61,233.31,S0172
P001819,Tree Business,Books,Business,PrimeGoods,991.51,783.39,S0445
P001820,Wall Jackets,Clothing,Jackets,GlobalMart,1131.67,731.61,S0251
P001821,Thus Headphones,Electronics,Headphones,EverBuy,908.87,578.15,S0470
P001822,Opportunity Fiction,Books,Fiction,Apex,721.05,612.85,S0304
P001823,Yet Laptop,Electronics,Laptop,EverBuy,915.12,659.14,S0191
P001824,Forward Tablet,Electronics,Tablet,GlobalMart,512.93,327.82,S0133
P001825,Four Comics,Books,Comics,GlobalMart,108.47,65.42,S0370
P001826,Civil Trousers,Clothing,Trousers,GlobalMart,192.19,145.63,S0440
P001827,Much Cricket,Sports,Cricket,EverBuy,746.03,537.81,S0423
P001828,Since Business,Books,Business,NovaTech,1593.58,937.26,S0251
P001829,Sometimes Monitor,Electronics,Monitor,EverBuy,39.52,25.79,S0260
P001830,Poor Fiction,Books,Fiction,EverBuy,291.69,187.1,S0117
P001831,Operation Fiction,Books,Fiction,NovaTech,1557.96,865.74,S0143
P001832,Parent Decor,Home,Decor,NovaTech,659.32,391.41,S0294
P001833,Play Running,Sports,Running,PrimeGoods,867.27,621.55,S0487
P001834,Member Fiction,Books,Fiction,EverBuy,276.0,160.6,S0261
P001835,Event Furniture,Home,Furniture,UrbanEdge,703.17,491.35,S0296
P001836,Station Technology,Books,Technology,EverBuy,562.55,338.3,S0466
P001837,Health Decor,Home,Decor,NovaTech,1167.11,745.96,S0397
P001838,Pretty Technology,Books,Technology,NovaTech,818.24,589.97,S0208
P001839,Ground Comics,Books,Comics,Vertex,531.35,315.05,S0042
P001840,Control Laptop,Electronics,Laptop,PrimeGoods,608.8,345.87,S0349
P001841,Music Outdoor,Sports,Outdoor,Apex,1255.96,771.44,S0070
P001842,Type Technology,Books,Technology,Apex,161.04,111.79,S0310
P001843,Their Headphones,Electronics,Headphones,NextGen,202.62,160.29,S0496
P001844,Amount Kitchen,Home,Kitchen,NovaTech,1319.17,783.41,S0414
P001845,Image Furniture,Home,Furniture,UrbanEdge,1112.96,652.71,S0109
P001846,Movement Fiction,Books,Fiction,EverBuy,910.59,749.18,S0134
P001847,During Lighting,Home,Lighting,Apex,109.59,78.61,S0381
P001848,Thank Running,Sports,Running,EverBuy,14.77,12.39,S0444
P001849,Down Laptop,Electronics,Laptop,EverBuy,1192.36,946.63,S0191
P001850,Bed Outdoor,Sports,Outdoor,UrbanEdge,616.08,489.13,S0166
P001851,Less Football,Sports,Football,Apex,235.88,186.73,S0472
P001852,Especially Lighting,Home,Lighting,Apex,95.59,76.2,S0294
P001853,Others Fiction,Books,Fiction,Apex,904.97,514.94,S0370
P001854,Yard Cricket,Sports,Cricket,GlobalMart,475.5,294.9,S0399
P001855,Nice Shoes,Clothing,Shoes,Apex,494.87,418.44,S0199
P001856,Remember Monitor,Electronics,Monitor,EverBuy,1118.85,628.3,S0282
P001857,Reality Decor,Home,Decor,Apex,1212.48,993.47,S0425
P001858,Know Cricket,Sports,Cricket,EverBuy,227.11,185.37,S0275
P001859,Sister Football,Sports,Football,Vertex,1256.16,706.97,S0017
P001860,Sit Monitor,Electronics,Monitor,PrimeGoods,209.18,164.16,S0130
P001861,Night Tablet,Electronics,Tablet,Apex,303.94,201.29,S0196
P001862,Across Business,Books,Business,UrbanEdge,400.56,227.07,S0285
P001863,Occur Education,Books,Education,PrimeGoods,1004.38,802.79,S0077
P001864,Age Monitor,Electronics,Monitor,Vertex,1236.43,940.32,S0377
P001865,Spend Technology,Books,Technology,NovaTech,39.24,30.8,S0126
P001866,Close Appliances,Home,Appliances,GlobalMart,181.64,145.93,S0228
P001867,This Headphones,Electronics,Headphones,PrimeGoods,1057.01,682.92,S0015
P001868,Power Fitness,Sports,Fitness,Apex,758.07,595.45,S0091
P001869,Ok Fitness,Sports,Fitness,Apex,287.28,239.09,S0265
P001870,Majority Shirts,Clothing,Shirts,GlobalMart,930.61,662.9,S0494
P001871,Amount Trousers,Clothing,Trousers,Apex,1205.22,824.46,S0458
P001872,Result Trousers,Clothing,Trousers,NextGen,255.93,180.34,S0010
P001873,Necessary Outdoor,Sports,Outdoor,PrimeGoods,1291.2,844.46,S0074
P001874,Allow Accessories,Clothing,Accessories,Apex,1242.19,747.84,S0465
P001875,Class Lighting,Home,Lighting,Apex,1154.61,732.51,S0185
P001876,Memory Tablet,Electronics,Tablet,NextGen,585.82,444.86,S0396
P001877,Night Laptop,Electronics,Laptop,Vertex,1724.66,977.02,S0351
P001878,Property Shirts,Clothing,Shirts,Vertex,864.08,706.91,S0434
P001879,Edge Running,Sports,Running,NextGen,326.71,236.22,S0408
P001880,Especially Fiction,Books,Fiction,Apex,102.35,82.63,S0036
P001881,Attack Football,Sports,Football,Apex,771.93,474.87,S0167
P001882,Keep Appliances,Home,Appliances,NextGen,787.17,506.92,S0449
P001883,Article Lighting,Home,Lighting,NextGen,265.4,226.12,S0198
P001884,Opportunity Technology,Books,Technology,Vertex,523.93,317.35,S0146
P001885,Light Trousers,Clothing,Trousers,NextGen,193.91,166.5,S0119
P001886,Available Comics,Books,Comics,Apex,900.34,601.17,S0457
P001887,Firm Appliances,Home,Appliances,NovaTech,954.43,765.65,S0085
P001888,Wide Technology,Books,Technology,Apex,233.95,157.39,S0386
P001889,Particularly Technology,Books,Technology,NextGen,536.93,332.28,S0370
P001890,Resource Fitness,Sports,Fitness,NovaTech,720.82,473.19,S0382
P001891,Side Running,Sports,Running,PrimeGoods,1638.11,932.51,S0351
P001892,Goal Monitor,Electronics,Monitor,GlobalMart,165.36,101.95,S0281
P001893,Want Decor,Home,Decor,NextGen,1582.77,924.36,S0045
P001894,Option Jackets,Clothing,Jackets,NovaTech,471.13,342.78,S0379
P001895,American Cricket,Sports,Cricket,Apex,1036.22,838.28,S0389
P001896,Any Outdoor,Sports,Outdoor,EverBuy,1419.17,997.27,S0263
P001897,Life Football,Sports,Football,UrbanEdge,523.69,340.83,S0096
P001898,Thus Smartphone,Electronics,Smartphone,GlobalMart,1028.75,575.24,S0368
P001899,Suffer Cricket,Sports,Cricket,Apex,496.71,304.32,S0091
P001900,Very Trousers,Clothing,Trousers,Apex,1359.27,859.85,S0468
P001901,Across Trousers,Clothing,Trousers,NovaTech,187.81,117.11,S0011
P001902,Use Lighting,Home,Lighting,PrimeGoods,255.41,216.72,S0138
P001903,Like Cricket,Sports,Cricket,NextGen,824.76,646.67,S0301
P001904,Break Education,Books,Education,NextGen,911.48,769.66,S0373
P001905,Expert Furniture,Home,Furniture,Apex,550.61,330.8,S0383
P001906,These Running,Sports,Running,GlobalMart,927.31,591.6,S0116
P001907,Leg Laptop,Electronics,Laptop,GlobalMart,100.53,59.82,S0388
P001908,Protect Smartphone,Electronics,Smartphone,PrimeGoods,1241.19,696.76,S0184
P001909,Red Shirts,Clothing,Shirts,Vertex,273.28,189.7,S0173
P001910,Best Smartphone,Electronics,Smartphone,Vertex,657.55,516.52,S0455
P001911,Wide Fitness,Sports,Fitness,Vertex,808.68,694.82,S0450
P001912,Quality Technology,Books,Technology,Vertex,656.47,494.88,S0094
P001913,Carry Tablet,Electronics,Tablet,PrimeGoods,57.7,39.39,S0122
P001914,Century Headphones,Electronics,Headphones,Apex,642.7,399.52,S0303
P001915,Base Running,Sports,Running,Vertex,1100.13,851.65,S0086
P001916,Bill Decor,Home,Decor,Apex,517.49,328.93,S0105
P001917,Building Kitchen,Home,Kitchen,GlobalMart,1270.75,936.28,S0020
P001918,Price Technology,Books,Technology,NovaTech,923.1,725.61,S0152
P001919,Young Headphones,Electronics,Headphones,Apex,1322.52,784.63,S0123
P001920,Hour Comics,Books,Comics,Apex,1336.46,948.61,S0263
P001921,Girl Fiction,Books,Fiction,GlobalMart,1283.65,955.51,S0421
P001922,Republican Technology,Books,Technology,GlobalMart,518.41,380.03,S0472
P001923,Stage Appliances,Home,Appliances,UrbanEdge,908.49,761.45,S0339
P001924,Appear Kitchen,Home,Kitchen,UrbanEdge,787.71,571.7,S0313
P001925,Stock Appliances,Home,Appliances,GlobalMart,1403.28,883.45,S0149
P001926,Foreign Trousers,Clothing,Trousers,EverBuy,226.72,132.66,S0120
P001927,Speak Cricket,Sports,Cricket,GlobalMart,323.9,251.76,S0348
P001928,Might Trousers,Clothing,Trousers,UrbanEdge,1124.04,724.69,S0214
P001929,Support Shoes,Clothing,Shoes,UrbanEdge,1332.97,951.77,S0131
P001930,Expect Headphones,Electronics,Headphones,NovaTech,1243.67,854.48,S0442
P001931,Available Fitness,Sports,Fitness,NovaTech,463.35,368.19,S0069
P001932,Ability Cricket,Sports,Cricket,PrimeGoods,944.77,720.28,S0237
P001933,Him Decor,Home,Decor,UrbanEdge,662.75,453.77,S0106
P001934,Describe Laptop,Electronics,Laptop,GlobalMart,606.83,510.84,S0006
P001935,Power Lighting,Home,Lighting,Vertex,366.86,264.49,S0221
P001936,Medical Cricket,Sports,Cricket,EverBuy,742.44,455.65,S0289
P001937,Believe Kitchen,Home,Kitchen,GlobalMart,1365.7,815.44,S0259
P001938,Produce Decor,Home,Decor,NovaTech,911.2,697.3,S0216
P001939,Middle Cricket,Sports,Cricket,NovaTech,1306.46,824.68,S0467
P001940,Type Lighting,Home,Lighting,NextGen,958.89,561.27,S0357
P001941,Fall Smartphone,Electronics,Smartphone,NovaTech,1615.45,910.56,S0086
P001942,Little Jackets,Clothing,Jackets,NextGen,1427.94,881.5,S0235
P001943,Thought Jackets,Clothing,Jackets,Apex,543.3,323.9,S0093
P001944,Tree Accessories,Clothing,Accessories,NextGen,25.07,14.49,S0112
P001945,After Furniture,Home,Furniture,EverBuy,82.79,58.59,S0383
P001946,Two Trousers,Clothing,Trousers,Apex,423.4,350.81,S0187
P001947,Heart Jackets,Clothing,Jackets,NovaTech,946.74,620.13,S0439
P001948,Very Football,Sports,Football,EverBuy,171.3,110.99,S0073
P001949,Main Smartphone,Electronics,Smartphone,PrimeGoods,644.13,470.09,S0228
P001950,Concern Jackets,Clothing,Jackets,NovaTech,511.95,285.52,S0495
P001951,What Accessories,Clothing,Accessories,GlobalMart,269.03,180.67,S0152
P001952,Partner Shoes,Clothing,Shoes,NextGen,1055.6,732.01,S0192
P001953,Actually Furniture,Home,Furniture,PrimeGoods,757.18,509.08,S0147
P001954,Process Trousers,Clothing,Trousers,GlobalMart,1058.56,776.39,S0153
P001955,Very Smartphone,Electronics,Smartphone,GlobalMart,289.83,170.84,S0488
P001956,She Smartphone,Electronics,Smartphone,Vertex,594.33,349.27,S0446
P001957,As Lighting,Home,Lighting,GlobalMart,599.67,472.54,S0061
P001958,Charge Football,Sports,Football,Apex,1343.61,828.62,S0446
P001959,Activity Shirts,Clothing,Shirts,PrimeGoods,1125.49,689.66,S0487
P001960,Agree Education,Books,Education,PrimeGoods,93.71,63.19,S0204
P001961,Hot Appliances,Home,Appliances,NextGen,744.38,484.16,S0240
P001962,Allow Running,Sports,Running,EverBuy,1059.81,670.41,S0158
P001963,Sign Smartphone,Electronics,Smartphone,EverBuy,1314.57,731.53,S0225
P001964,These Fitness,Sports,Fitness,PrimeGoods,1503.78,994.87,S0356
P001965,Yet Outdoor,Sports,Outdoor,NovaTech,126.37,85.83,S0130
P001966,Give Furniture,Home,Furniture,PrimeGoods,41.06,33.05,S0280
P001967,Individual Outdoor,Sports,Outdoor,PrimeGoods,1587.25,911.93,S0205
P001968,Young Technology,Books,Technology,GlobalMart,1318.67,860.96,S0430
P001969,Administration Appliances,Home,Appliances,PrimeGoods,312.23,200.52,S0164
P001970,Sell Monitor,Electronics,Monitor,PrimeGoods,397.01,315.62,S0236
P001971,Parent Kitchen,Home,Kitchen,UrbanEdge,1294.87,864.56,S0247
P001972,Involve Furniture,Home,Furniture,Vertex,512.86,376.19,S0201
P001973,Certain Comics,Books,Comics,NovaTech,417.72,258.88,S0371
P001974,Himself Trousers,Clothing,Trousers,EverBuy,724.5,590.85,S0110
P001975,Set Comics,Books,Comics,Apex,1100.41,818.49,S0251
P001976,Before Tablet,Electronics,Tablet,NovaTech,1054.46,836.77,S0441
P001977,Recently Education,Books,Education,GlobalMart,946.93,651.19,S0017
P001978,Yes Furniture,Home,Furniture,NextGen,266.32,202.89,S0023
P001979,Actually Tablet,Electronics,Tablet,NovaTech,1181.39,897.22,S0383
P001980,Something Technology,Books,Technology,UrbanEdge,728.54,559.66,S0384
P001981,Thousand Business,Books,Business,GlobalMart,809.26,555.1,S0396
P001982,Goal Outdoor,Sports,Outdoor,UrbanEdge,113.24,73.5,S0015
P001983,Degree Jackets,Clothing,Jackets,Vertex,1488.5,980.98,S0079
P001984,Alone Outdoor,Sports,Outdoor,GlobalMart,1025.98,644.39,S0173
P001985,Painting Running,Sports,Running,GlobalMart,457.8,338.87,S0391
P001986,Possible Trousers,Clothing,Trousers,PrimeGoods,1475.63,987.38,S0418
P001987,Million Appliances,Home,Appliances,EverBuy,415.28,341.65,S0153
P001988,Figure Kitchen,Home,Kitchen,Vertex,1650.38,942.23,S0150
P001989,Maintain Kitchen,Home,Kitchen,Vertex,668.05,474.87,S0047
P001990,Century Accessories,Clothing,Accessories,NovaTech,877.55,619.27,S0463
P001991,Speech Cricket,Sports,Cricket,NovaTech,1136.44,639.49,S0159
P001992,Collection Cricket,Sports,Cricket,PrimeGoods,992.32,666.59,S0151
P001993,Job Technology,Books,Technology,Apex,952.16,635.69,S0397
P001994,Especially Outdoor,Sports,Outdoor,Vertex,442.1,356.38,S0119
P001995,See Outdoor,Sports,Outdoor,Vertex,849.19,558.81,S0168
P001996,Manage Lighting,Home,Lighting,EverBuy,1048.58,585.47,S0176
P001997,Could Education,Books,Education,NovaTech,1208.61,811.85,S0115
P001998,Could Furniture,Home,Furniture,Apex,719.81,452.07,S0227
P001999,Physical Headphones,Electronics,Headphones,Apex,1230.5,849.04,S0203
P002000,Story Fitness,Sports,Fitness,EverBuy,326.47,183.27,S0040
P002001,Part Decor,Home,Decor,NovaTech,1229.45,690.49,S0048
P002002,Buy Fitness,Sports,Fitness,GlobalMart,1344.56,893.4,S0135
P002003,Probably Cricket,Sports,Cricket,EverBuy,1097.09,849.61,S0296
P002004,Close Furniture,Home,Furniture,NextGen,629.81,432.23,S0237
P002005,Hair Smartphone,Electronics,Smartphone,GlobalMart,592.86,420.82,S0151
P002006,Human Lighting,Home,Lighting,NovaTech,559.62,345.06,S0051
P002007,Why Monitor,Electronics,Monitor,GlobalMart,1076.47,720.58,S0191
P002008,Pick Cricket,Sports,Cricket,UrbanEdge,499.96,387.48,S0050
P002009,Meeting Outdoor,Sports,Outdoor,PrimeGoods,25.16,19.15,S0452
P002010,Several Cricket,Sports,Cricket,PrimeGoods,1215.88,995.62,S0104
P002011,Affect Fitness,Sports,Fitness,Vertex,242.48,158.24,S0232
P002012,Decision Trousers,Clothing,Trousers,PrimeGoods,803.44,458.0,S0235
P002013,Visit Kitchen,Home,Kitchen,UrbanEdge,1260.97,928.31,S0250
P002014,Check Running,Sports,Running,NovaTech,61.93,34.95,S0413
P002015,Girl Education,Books,Education,GlobalMart,497.81,395.83,S0453
P002016,Himself Cricket,Sports,Cricket,Apex,97.0,63.5,S0333
P002017,Line Fiction,Books,Fiction,GlobalMart,931.89,790.72,S0427
P002018,Community Accessories,Clothing,Accessories,Vertex,1579.37,984.23,S0085
P002019,Leader Shirts,Clothing,Shirts,Vertex,64.3,38.24,S0377
P002020,Bank Cricket,Sports,Cricket,NovaTech,750.43,470.0,S0331
P002021,Something Tablet,Electronics,Tablet,NextGen,186.74,126.68,S0228
P002022,Ask Fiction,Books,Fiction,NovaTech,1264.76,758.69,S0037
P002023,Goal Trousers,Clothing,Trousers,GlobalMart,64.29,54.33,S0316
P002024,Within Headphones,Electronics,Headphones,Apex,1184.65,681.47,S0368
P002025,Close Headphones,Electronics,Headphones,Vertex,315.54,221.07,S0159
P002026,Sense Technology,Books,Technology,Vertex,552.73,320.51,S0338
P002027,Story Accessories,Clothing,Accessories,Apex,1046.0,674.51,S0334
P002028,Tonight Jackets,Clothing,Jackets,EverBuy,732.86,550.1,S0336
P002029,Serve Running,Sports,Running,Vertex,45.41,30.67,S0367
P002030,Set Kitchen,Home,Kitchen,Apex,852.08,586.95,S0109
P002031,Occur Fitness,Sports,Fitness,PrimeGoods,975.83,816.68,S0169
P002032,Moment Football,Sports,Football,EverBuy,937.98,768.16,S0333
P002033,Boy Fiction,Books,Fiction,EverBuy,53.71,38.97,S0461
P002034,Free Tablet,Electronics,Tablet,NovaTech,1286.59,751.96,S0442
P002035,Social Kitchen,Home,Kitchen,NovaTech,699.5,446.64,S0080
P002036,Individual Fiction,Books,Fiction,EverBuy,812.6,470.3,S0259
P002037,Author Jackets,Clothing,Jackets,NextGen,231.53,178.69,S0337
P002038,Similar Fiction,Books,Fiction,NextGen,412.64,246.89,S0127
P002039,Social Fitness,Sports,Fitness,Apex,435.15,279.05,S0340
P002040,Exactly Laptop,Electronics,Laptop,Apex,348.49,198.73,S0410
P002041,Kitchen Fitness,Sports,Fitness,Apex,1409.38,827.1,S0328
P002042,Law Jackets,Clothing,Jackets,NextGen,984.11,746.13,S0484
P002043,Develop Furniture,Home,Furniture,UrbanEdge,451.78,254.26,S0348
P002044,International Fiction,Books,Fiction,Vertex,564.34,341.2,S0378
P002045,Two Decor,Home,Decor,Vertex,45.8,26.97,S0253
P002046,True Football,Sports,Football,Vertex,1162.25,796.06,S0231
P002047,Buy Decor,Home,Decor,Vertex,1617.64,999.12,S0327
P002048,Paper Lighting,Home,Lighting,NovaTech,186.39,112.32,S0326
P002049,Media Smartphone,Electronics,Smartphone,PrimeGoods,468.08,378.08,S0069
P002050,Be Lighting,Home,Lighting,GlobalMart,199.64,149.29,S0064
P002051,Market Accessories,Clothing,Accessories,NovaTech,493.51,352.36,S0076
P002052,Option Fitness,Sports,Fitness,NextGen,221.32,130.55,S0345
P002053,We Shirts,Clothing,Shirts,PrimeGoods,257.52,220.44,S0291
P002054,Song Kitchen,Home,Kitchen,Apex,980.53,829.43,S0071
P002055,Ask Shirts,Clothing,Shirts,NovaTech,108.84,90.55,S0460
P002056,Serve Appliances,Home,Appliances,UrbanEdge,1274.84,925.9,S0230
P002057,Tax Running,Sports,Running,UrbanEdge,1307.98,908.74,S0396
P002058,Half Running,Sports,Running,Apex,511.46,427.88,S0092
P002059,Series Jackets,Clothing,Jackets,PrimeGoods,1067.53,651.31,S0121
P002060,He Accessories,Clothing,Accessories,NovaTech,1388.47,775.0,S0388
P002061,Security Running,Sports,Running,Apex,106.36,87.82,S0261
P002062,Probably Running,Sports,Running,NextGen,835.06,477.12,S0443
P002063,Including Fitness,Sports,Fitness,PrimeGoods,216.32,161.88,S0464
P002064,Price Smartphone,Electronics,Smartphone,GlobalMart,776.1,491.61,S0262
P002065,Finally Laptop,Electronics,Laptop,NextGen,598.64,462.9,S0262
P002066,Speak Headphones,Electronics,Headphones,GlobalMart,838.78,534.77,S0366
P002067,Like Fiction,Books,Fiction,UrbanEdge,1673.18,944.35,S0342
P002068,House Decor,Home,Decor,NextGen,1151.9,913.76,S0290
P002069,Adult Cricket,Sports,Cricket,NextGen,573.01,476.82,S0353
P002070,Stuff Outdoor,Sports,Outdoor,NextGen,1218.56,802.34,S0316
P002071,Yeah Cricket,Sports,Cricket,NovaTech,172.96,105.96,S0179
P002072,Down Furniture,Home,Furniture,Vertex,83.56,62.73,S0202
P002073,Task Comics,Books,Comics,EverBuy,1304.55,837.14,S0272
P002074,Scientist Headphones,Electronics,Headphones,PrimeGoods,954.12,538.73,S0187
P002075,Quality Running,Sports,Running,UrbanEdge,567.17,486.27,S0020
P002076,State Technology,Books,Technology,Vertex,89.72,76.7,S0412
P002077,Red Cricket,Sports,Cricket,Vertex,867.14,710.84,S0244
P002078,Off Smartphone,Electronics,Smartphone,Apex,1018.61,862.67,S0386
P002079,Eat Shirts,Clothing,Shirts,EverBuy,513.38,421.17,S0325
P002080,Expert Lighting,Home,Lighting,UrbanEdge,381.41,247.23,S0212
P002081,Laugh Outdoor,Sports,Outdoor,NextGen,1135.7,855.12,S0287
P002082,We Fitness,Sports,Fitness,NextGen,544.47,469.32,S0088
P002083,Play Technology,Books,Technology,NovaTech,1405.31,920.37,S0361
P002084,Once Kitchen,Home,Kitchen,Apex,956.39,670.42,S0154
P002085,Deal Headphones,Electronics,Headphones,UrbanEdge,1500.8,871.33,S0074
P002086,Business Business,Books,Business,PrimeGoods,557.83,328.38,S0396
P002087,Such Technology,Books,Technology,Apex,284.86,210.53,S0193
P002088,Newspaper Appliances,Home,Appliances,UrbanEdge,494.32,282.47,S0360
P002089,Clearly Headphones,Electronics,Headphones,UrbanEdge,404.42,298.31,S0326
P002090,Soldier Jackets,Clothing,Jackets,PrimeGoods,1209.1,992.78,S0415
P002091,Represent Cricket,Sports,Cricket,UrbanEdge,613.06,372.92,S0246
P002092,Reach Monitor,Electronics,Monitor,Vertex,269.5,164.82,S0211
P002093,Organization Trousers,Clothing,Trousers,NextGen,1295.78,745.1,S0026
P002094,Population Headphones,Electronics,Headphones,NovaTech,1596.78,968.68,S0036
P002095,Second Cricket,Sports,Cricket,PrimeGoods,1256.07,842.36,S0463
P002096,Provide Accessories,Clothing,Accessories,UrbanEdge,168.89,131.88,S0147
P002097,Close Accessories,Clothing,Accessories,Apex,777.45,448.6,S0319
P002098,Music Monitor,Electronics,Monitor,NextGen,979.83,585.84,S0422
P002099,Indicate Comics,Books,Comics,NextGen,1332.16,911.13,S0020
P002100,Whose Trousers,Clothing,Trousers,Apex,143.66,93.95,S0009
P002101,Culture Tablet,Electronics,Tablet,GlobalMart,1348.99,790.5,S0268
P002102,Blue Fitness,Sports,Fitness,Vertex,1292.82,734.47,S0439
P002103,Civil Tablet,Electronics,Tablet,Apex,1118.71,806.74,S0372
P002104,Rule Accessories,Clothing,Accessories,Vertex,471.65,311.49,S0210
P002105,Thousand Smartphone,Electronics,Smartphone,Apex,86.65,73.27,S0037
P002106,Fight Business,Books,Business,NovaTech,346.13,194.0,S0217
P002107,Maybe Furniture,Home,Furniture,Apex,510.6,286.66,S0238
P002108,Fact Business,Books,Business,Apex,61.5,40.86,S0192
P002109,Least Lighting,Home,Lighting,NovaTech,667.52,518.91,S0066
P002110,Late Headphones,Electronics,Headphones,GlobalMart,1265.09,852.22,S0437
P002111,Law Monitor,Electronics,Monitor,Apex,979.13,730.54,S0173
P002112,When Fiction,Books,Fiction,Vertex,1415.65,841.97,S0224
P002113,Purpose Shirts,Clothing,Shirts,PrimeGoods,1208.77,738.34,S0108
P002114,Friend Technology,Books,Technology,Vertex,893.06,634.34,S0427
P002115,Discuss Football,Sports,Football,GlobalMart,1104.18,909.82,S0436
P002116,Per Education,Books,Education,NovaTech,842.75,475.33,S0460
P002117,South Tablet,Electronics,Tablet,EverBuy,1479.97,884.9,S0312
P002118,Its Headphones,Electronics,Headphones,PrimeGoods,21.47,15.56,S0012
P002119,All Accessories,Clothing,Accessories,UrbanEdge,1023.53,806.21,S0383
P002120,Note Business,Books,Business,UrbanEdge,733.32,621.47,S0051
P002121,Seven Trousers,Clothing,Trousers,PrimeGoods,494.45,422.25,S0032
P002122,Nice Fitness,Sports,Fitness,NovaTech,373.45,258.63,S0420
P002123,While Smartphone,Electronics,Smartphone,Apex,1169.41,846.42,S0122
P002124,Manager Shirts,Clothing,Shirts,EverBuy,52.03,39.39,S0117
P002125,Ok Furniture,Home,Furniture,UrbanEdge,1105.63,913.65,S0221
P002126,Republican Fitness,Sports,Fitness,NextGen,1301.43,863.31,S0285
P002127,Yard Furniture,Home,Furniture,Vertex,1030.15,739.11,S0219
P002128,Our Running,Sports,Running,PrimeGoods,1244.21,920.45,S0007
P002129,Thank Smartphone,Electronics,Smartphone,PrimeGoods,449.11,343.89,S0336
P002130,Never Lighting,Home,Lighting,PrimeGoods,902.12,718.91,S0111
P002131,Anything Decor,Home,Decor,UrbanEdge,1042.96,641.13,S0038
P002132,Drop Monitor,Electronics,Monitor,NovaTech,112.08,85.11,S0306
P002133,Peace Appliances,Home,Appliances,PrimeGoods,598.58,519.8,S0153
P002134,Environmental Appliances,Home,Appliances,PrimeGoods,124.37,85.27,S0381
P002135,System Football,Sports,Football,Apex,1011.32,730.67,S0364
P002136,Central Kitchen,Home,Kitchen,EverBuy,282.61,215.94,S0215
P002137,Take Education,Books,Education,UrbanEdge,495.29,289.59,S0222
P002138,Effect Lighting,Home,Lighting,Apex,1348.45,768.2,S0110
P002139,Ask Comics,Books,Comics,GlobalMart,276.89,159.01,S0414
P002140,Line Business,Books,Business,NextGen,222.01,163.57,S0033
P002141,Ten Technology,Books,Technology,NextGen,30.05,20.59,S0057
P002142,Against Appliances,Home,Appliances,UrbanEdge,260.9,162.61,S0289
P002143,Who Smartphone,Electronics,Smartphone,EverBuy,253.44,220.2,S0318
P002144,Answer Lighting,Home,Lighting,NovaTech,932.88,714.54,S0350
P002145,Development Laptop,Electronics,Laptop,UrbanEdge,477.74,275.84,S0407
P002146,Defense Shoes,Clothing,Shoes,PrimeGoods,372.72,251.77,S0475
P002147,Everyone Outdoor,Sports,Outdoor,Apex,1031.79,836.24,S0349
P002148,Government Football,Sports,Football,NovaTech,343.67,283.13,S0159
P002149,State Football,Sports,Football,PrimeGoods,412.66,248.29,S0040
P002150,Shake Laptop,Electronics,Laptop,GlobalMart,1020.16,667.59,S0469
P002151,This Headphones,Electronics,Headphones,NextGen,416.43,238.25,S0174
P002152,People Decor,Home,Decor,Apex,719.43,414.05,S0444
P002153,Three Football,Sports,Football,NextGen,970.67,644.48,S0337
P002154,American Outdoor,Sports,Outdoor,Apex,552.97,334.26,S0197
P002155,Race Kitchen,Home,Kitchen,GlobalMart,895.14,763.09,S0479
P002156,Director Decor,Home,Decor,EverBuy,190.42,148.08,S0353
P002157,Usually Shirts,Clothing,Shirts,EverBuy,92.73,56.94,S0379
P002158,Week Lighting,Home,Lighting,Vertex,366.01,233.05,S0430
P002159,Where Trousers,Clothing,Trousers,Vertex,843.03,525.45,S0058
P002160,Structure Headphones,Electronics,Headphones,Apex,1180.79,814.39,S0133
P002161,Speak Appliances,Home,Appliances,Apex,1011.57,799.86,S0180
P002162,For Lighting,Home,Lighting,NextGen,459.55,314.75,S0392
P002163,Feeling Shoes,Clothing,Shoes,Vertex,436.22,257.98,S0064
P002164,Fund Technology,Books,Technology,NovaTech,1092.07,871.66,S0457
P002165,Before Furniture,Home,Furniture,NovaTech,850.74,519.63,S0075
P002166,Wear Fiction,Books,Fiction,Vertex,182.21,155.55,S0476
P002167,Toward Accessories,Clothing,Accessories,NovaTech,157.68,105.91,S0454
P002168,Wrong Monitor,Electronics,Monitor,NextGen,1223.54,802.9,S0140
P002169,Boy Appliances,Home,Appliances,EverBuy,1141.78,634.43,S0375
P002170,Many Outdoor,Sports,Outdoor,NovaTech,400.11,257.17,S0195
P002171,Professional Lighting,Home,Lighting,PrimeGoods,607.17,502.32,S0343
P002172,Book Fitness,Sports,Fitness,NovaTech,271.65,181.69,S0031
P002173,Enter Monitor,Electronics,Monitor,PrimeGoods,1721.94,991.54,S0190
P002174,Throughout Fitness,Sports,Fitness,Apex,287.46,168.18,S0211
P002175,Child Fiction,Books,Fiction,Apex,1329.05,880.99,S0429
P002176,Source Football,Sports,Football,EverBuy,1351.12,993.49,S0452
P002177,With Decor,Home,Decor,NextGen,470.4,342.12,S0197
P002178,Better Furniture,Home,Furniture,Vertex,522.82,403.14,S0354
P002179,Happen Monitor,Electronics,Monitor,UrbanEdge,89.02,75.15,S0487
P002180,Win Tablet,Electronics,Tablet,NovaTech,564.43,357.79,S0002
P002181,Better Football,Sports,Football,NextGen,336.9,216.15,S0200
P002182,Perform Technology,Books,Technology,UrbanEdge,585.26,364.89,S0157
P002183,None Fiction,Books,Fiction,PrimeGoods,617.09,500.99,S0031
P002184,Best Kitchen,Home,Kitchen,NovaTech,713.7,415.86,S0145
P002185,Indicate Monitor,Electronics,Monitor,PrimeGoods,960.31,771.15,S0408
P002186,Ten Decor,Home,Decor,Apex,253.03,154.91,S0254
P002187,Mission Furniture,Home,Furniture,Vertex,803.4,581.21,S0146
P002188,Not Laptop,Electronics,Laptop,NextGen,455.21,323.4,S0301
P002189,Pressure Accessories,Clothing,Accessories,NovaTech,503.61,399.69,S0436
P002190,Challenge Fitness,Sports,Fitness,Apex,629.34,401.64,S0456
P002191,Win Fitness,Sports,Fitness,NextGen,542.88,460.63,S0210
P002192,Woman Headphones,Electronics,Headphones,EverBuy,1078.96,656.47,S0139
P002193,Recent Business,Books,Business,Vertex,374.06,217.02,S0097
P002194,Fly Laptop,Electronics,Laptop,UrbanEdge,1266.0,782.34,S0338
P002195,Little Education,Books,Education,NextGen,1025.03,769.0,S0457
P002196,Reality Outdoor,Sports,Outdoor,GlobalMart,460.22,374.36,S0168
P002197,Total Comics,Books,Comics,NextGen,1326.38,763.09,S0298
P002198,Know Football,Sports,Football,Vertex,756.32,557.31,S0340
P002199,Every Trousers,Clothing,Trousers,NextGen,669.45,437.74,S0005
P002200,Door Headphones,Electronics,Headphones,NextGen,808.54,581.31,S0083
P002201,High Kitchen,Home,Kitchen,Apex,761.86,466.62,S0141
P002202,Painting Smartphone,Electronics,Smartphone,Apex,881.7,583.44,S0457
P002203,Individual Kitchen,Home,Kitchen,UrbanEdge,687.47,585.2,S0146
P002204,Agency Laptop,Electronics,Laptop,Apex,956.59,602.79,S0316
P002205,Win Smartphone,Electronics,Smartphone,UrbanEdge,1014.44,670.63,S0123
P002206,Security Education,Books,Education,UrbanEdge,808.86,477.65,S0310
P002207,Out Jackets,Clothing,Jackets,NovaTech,918.06,649.81,S0176
P002208,Minute Smartphone,Electronics,Smartphone,NextGen,610.16,378.77,S0127
P002209,Fire Decor,Home,Decor,PrimeGoods,536.87,358.63,S0208
P002210,Short Fitness,Sports,Fitness,UrbanEdge,1122.44,712.68,S0345
P002211,Heavy Kitchen,Home,Kitchen,PrimeGoods,189.08,106.74,S0108
P002212,Different Cricket,Sports,Cricket,PrimeGoods,1713.75,987.81,S0244
P002213,Person Outdoor,Sports,Outdoor,PrimeGoods,93.06,66.48,S0266
P002214,Maybe Education,Books,Education,UrbanEdge,363.3,247.25,S0396
P002215,Arrive Furniture,Home,Furniture,PrimeGoods,1243.14,983.99,S0050
P002216,Month Smartphone,Electronics,Smartphone,GlobalMart,1115.91,707.61,S0102
P002217,Concern Shirts,Clothing,Shirts,NextGen,1119.32,956.83,S0084
P002218,Must Headphones,Electronics,Headphones,GlobalMart,982.8,594.38,S0187
P002219,Tough Outdoor,Sports,Outdoor,UrbanEdge,407.86,254.5,S0011
P002220,Item Headphones,Electronics,Headphones,NextGen,807.15,538.34,S0489
P002221,Ball Headphones,Electronics,Headphones,PrimeGoods,314.32,230.32,S0191
P002222,Southern Laptop,Electronics,Laptop,GlobalMart,179.79,103.56,S0482
P002223,Discussion Trousers,Clothing,Trousers,NovaTech,888.0,717.02,S0059
P002224,Sell Outdoor,Sports,Outdoor,Apex,555.84,456.24,S0471
P002225,Shake Furniture,Home,Furniture,PrimeGoods,712.86,487.36,S0060
P002226,Majority Trousers,Clothing,Trousers,Vertex,402.38,223.56,S0456
P002227,Media Laptop,Electronics,Laptop,NovaTech,982.49,762.01,S0285
P002228,Population Monitor,Electronics,Monitor,NovaTech,1715.79,974.22,S0013
P002229,Return Fiction,Books,Fiction,NextGen,1357.77,943.81,S0267
P002230,Law Smartphone,Electronics,Smartphone,EverBuy,1525.6,914.56,S0164
P002231,Prepare Decor,Home,Decor,Vertex,1091.72,618.78,S0375
P002232,Rest Cricket,Sports,Cricket,Apex,363.15,240.01,S0075
P002233,Method Kitchen,Home,Kitchen,UrbanEdge,802.03,495.75,S0235
P002234,Future Laptop,Electronics,Laptop,NovaTech,1591.43,995.93,S0325
P002235,Stuff Accessories,Clothing,Accessories,Apex,1071.67,688.5,S0158
P002236,Admit Business,Books,Business,Apex,770.52,592.41,S0343
P002237,Consider Business,Books,Business,NovaTech,413.15,257.08,S0329
P002238,General Lighting,Home,Lighting,NextGen,990.9,695.51,S0212
P002239,Organization Laptop,Electronics,Laptop,NextGen,1705.63,971.56,S0248
P002240,Bit Furniture,Home,Furniture,EverBuy,792.27,464.63,S0324
P002241,Blue Tablet,Electronics,Tablet,UrbanEdge,490.88,331.91,S0174
P002242,Choice Shirts,Clothing,Shirts,NextGen,671.18,483.69,S0003
P002243,Type Laptop,Electronics,Laptop,Apex,1133.13,951.98,S0390
P002244,Certainly Smartphone,Electronics,Smartphone,NextGen,800.12,506.05,S0027
P002245,Reveal Business,Books,Business,NextGen,196.92,112.52,S0259
P002246,Quality Football,Sports,Football,UrbanEdge,711.44,395.6,S0178
P002247,Plant Trousers,Clothing,Trousers,GlobalMart,514.62,363.54,S0317
P002248,Race Lighting,Home,Lighting,Vertex,529.16,315.83,S0122
P002249,Term Lighting,Home,Lighting,NovaTech,95.22,76.48,S0240
P002250,Technology Monitor,Electronics,Monitor,NovaTech,1311.96,840.75,S0256
P002251,Wait Headphones,Electronics,Headphones,Vertex,1308.5,999.1,S0297
P002252,Term Outdoor,Sports,Outdoor,Apex,240.24,207.95,S0301
P002253,Decision Kitchen,Home,Kitchen,UrbanEdge,91.83,54.23,S0283
P002254,Walk Trousers,Clothing,Trousers,PrimeGoods,763.6,428.7,S0224
P002255,Activity Fitness,Sports,Fitness,EverBuy,1597.67,997.59,S0316
P002256,Stuff Tablet,Electronics,Tablet,EverBuy,247.24,144.81,S0136
P002257,Information Running,Sports,Running,PrimeGoods,1015.99,656.76,S0494
P002258,Son Outdoor,Sports,Outdoor,EverBuy,132.4,99.17,S0298
P002259,Same Fiction,Books,Fiction,PrimeGoods,1167.38,790.01,S0151
P002260,Without Monitor,Electronics,Monitor,NextGen,582.78,351.73,S0116
P002261,Keep Shirts,Clothing,Shirts,Apex,1453.13,812.85,S0172
P002262,Interview Laptop,Electronics,Laptop,NovaTech,1070.01,607.84,S0347
P002263,Color Trousers,Clothing,Trousers,UrbanEdge,468.33,334.01,S0396
P002264,Drug Running,Sports,Running,EverBuy,1503.3,942.48,S0358
P002265,Per Football,Sports,Football,EverBuy,179.48,132.97,S0414
P002266,Want Trousers,Clothing,Trousers,Apex,289.56,174.67,S0178
P002267,Through Comics,Books,Comics,PrimeGoods,703.23,457.9,S0491
P002268,Almost Smartphone,Electronics,Smartphone,NovaTech,322.24,197.32,S0319
P002269,Later Smartphone,Electronics,Smartphone,NovaTech,50.16,40.8,S0105
P002270,Doctor Shoes,Clothing,Shoes,GlobalMart,144.68,117.89,S0322
P002271,Hand Lighting,Home,Lighting,EverBuy,975.63,755.42,S0329
P002272,Food Headphones,Electronics,Headphones,Apex,305.48,217.97,S0491
P002273,A Education,Books,Education,UrbanEdge,370.38,311.08,S0228
P002274,Born Business,Books,Business,PrimeGoods,592.03,481.71,S0228
P002275,Candidate Technology,Books,Technology,GlobalMart,1137.33,800.12,S0186
P002276,Line Tablet,Electronics,Tablet,EverBuy,908.43,528.62,S0452
P002277,Over Furniture,Home,Furniture,Apex,239.86,169.93,S0214
P002278,Suggest Tablet,Electronics,Tablet,EverBuy,690.31,454.13,S0323
P002279,Matter Shoes,Clothing,Shoes,NextGen,690.29,414.62,S0456
P002280,Foot Trousers,Clothing,Trousers,EverBuy,570.89,419.27,S0073
P002281,Partner Business,Books,Business,NextGen,1277.14,752.9,S0222
P002282,Claim Education,Books,Education,Vertex,970.57,541.5,S0298
P002283,Since Education,Books,Education,UrbanEdge,794.11,501.29,S0424
P002284,Serious Comics,Books,Comics,NovaTech,367.94,292.29,S0190
P002285,Poor Accessories,Clothing,Accessories,Vertex,798.03,475.83,S0417
P002286,Law Shoes,Clothing,Shoes,NovaTech,783.26,612.62,S0296
P002287,Prevent Business,Books,Business,Apex,1156.62,961.64,S0141
P002288,Hospital Tablet,Electronics,Tablet,PrimeGoods,924.07,672.67,S0413
P002289,Impact Cricket,Sports,Cricket,NextGen,1372.39,815.63,S0352
P002290,Now Fitness,Sports,Fitness,EverBuy,28.51,22.22,S0015
P002291,Common Cricket,Sports,Cricket,GlobalMart,1374.35,847.07,S0444
P002292,Spend Headphones,Electronics,Headphones,GlobalMart,141.22,119.56,S0330
P002293,Either Appliances,Home,Appliances,EverBuy,113.11,74.22,S0340
P002294,Catch Football,Sports,Football,NovaTech,1131.39,761.5,S0131
P002295,Future Monitor,Electronics,Monitor,Vertex,25.36,20.61,S0406
P002296,Site Decor,Home,Decor,NovaTech,908.29,766.1,S0180
P002297,Of Football,Sports,Football,UrbanEdge,545.16,303.8,S0180
P002298,Entire Jackets,Clothing,Jackets,NovaTech,726.54,571.24,S0272
P002299,Determine Fitness,Sports,Fitness,Apex,374.76,216.09,S0036
P002300,Discussion Trousers,Clothing,Trousers,EverBuy,602.26,426.06,S0343
P002301,Feeling Business,Books,Business,NovaTech,128.12,100.81,S0355
P002302,Central Accessories,Clothing,Accessories,Vertex,173.55,115.82,S0383
P002303,Thousand Business,Books,Business,UrbanEdge,188.93,114.03,S0001
P002304,Across Laptop,Electronics,Laptop,PrimeGoods,1145.38,719.72,S0126
P002305,Friend Trousers,Clothing,Trousers,NovaTech,1633.53,957.42,S0107
P002306,Edge Football,Sports,Football,GlobalMart,102.81,61.01,S0452
P002307,Player Headphones,Electronics,Headphones,PrimeGoods,1035.12,712.98,S0334
P002308,Cost Fiction,Books,Fiction,EverBuy,1539.93,956.18,S0079
P002309,Until Business,Books,Business,PrimeGoods,971.21,657.02,S0255
P002310,Wind Cricket,Sports,Cricket,GlobalMart,1200.19,698.75,S0151
P002311,Ahead Technology,Books,Technology,UrbanEdge,1310.12,895.59,S0119
P002312,Property Decor,Home,Decor,EverBuy,524.85,436.29,S0020
P002313,Job Tablet,Electronics,Tablet,Apex,536.53,362.93,S0194
P002314,Sister Jackets,Clothing,Jackets,EverBuy,982.33,834.6,S0094
P002315,Wonder Education,Books,Education,EverBuy,495.87,380.57,S0242
P002316,Always Jackets,Clothing,Jackets,Apex,1524.64,883.97,S0485
P002317,Else Furniture,Home,Furniture,GlobalMart,597.04,337.46,S0221
P002318,Child Football,Sports,Football,Apex,952.32,568.0,S0255
P002319,Single Outdoor,Sports,Outdoor,Apex,1139.27,980.32,S0390
P002320,Record Technology,Books,Technology,Apex,656.53,458.6,S0353
P002321,Offer Fiction,Books,Fiction,NextGen,951.99,693.04,S0361
P002322,Culture Cricket,Sports,Cricket,Vertex,1157.84,975.82,S0042
P002323,Yes Football,Sports,Football,PrimeGoods,1269.79,947.35,S0438
P002324,Generation Lighting,Home,Lighting,NextGen,281.37,196.32,S0198
P002325,Next Running,Sports,Running,EverBuy,1116.97,962.66,S0260
P002326,Star Furniture,Home,Furniture,UrbanEdge,1329.24,990.36,S0316
P002327,Blue Kitchen,Home,Kitchen,Vertex,77.85,63.28,S0234
P002328,Form Fiction,Books,Fiction,NovaTech,977.9,609.88,S0155
P002329,Herself Outdoor,Sports,Outdoor,GlobalMart,776.93,574.32,S0005
P002330,People Cricket,Sports,Cricket,UrbanEdge,1165.16,938.1,S0429
P002331,Over Running,Sports,Running,GlobalMart,756.72,571.25,S0462
P002332,Such Football,Sports,Football,GlobalMart,113.16,95.33,S0384
P002333,Gun Kitchen,Home,Kitchen,EverBuy,872.88,662.79,S0413
P002334,Range Lighting,Home,Lighting,Vertex,1152.18,809.78,S0048
P002335,Moment Fitness,Sports,Fitness,EverBuy,652.03,426.93,S0425
P002336,Effect Accessories,Clothing,Accessories,GlobalMart,1422.56,975.85,S0010
P002337,Most Comics,Books,Comics,GlobalMart,1250.97,785.3,S0408
P002338,Watch Decor,Home,Decor,Vertex,705.87,603.79,S0205
P002339,Truth Outdoor,Sports,Outdoor,NovaTech,92.1,67.16,S0439
P002340,Per Kitchen,Home,Kitchen,Apex,931.01,780.59,S0403
P002341,Great Cricket,Sports,Cricket,Apex,1006.02,566.36,S0285
P002342,Color Technology,Books,Technology,NextGen,414.37,256.94,S0467
P002343,Dog Kitchen,Home,Kitchen,PrimeGoods,254.11,147.27,S0128
P002344,Success Trousers,Clothing,Trousers,Apex,1576.39,930.01,S0431
P002345,Daughter Shirts,Clothing,Shirts,PrimeGoods,120.2,71.07,S0090
P002346,Whose Lighting,Home,Lighting,NovaTech,1227.71,705.0,S0189
P002347,Important Shirts,Clothing,Shirts,NextGen,25.64,14.76,S0288
P002348,Raise Laptop,Electronics,Laptop,PrimeGoods,600.7,435.11,S0302
P002349,Tree Furniture,Home,Furniture,GlobalMart,351.62,270.85,S0280
P002350,Physical Lighting,Home,Lighting,Apex,713.91,511.86,S0233
P002351,Two Football,Sports,Football,EverBuy,1226.26,702.09,S0190
P002352,Especially Trousers,Clothing,Trousers,PrimeGoods,370.29,290.4,S0240
P002353,Create Furniture,Home,Furniture,Vertex,1109.1,782.07,S0433
P002354,Until Tablet,Electronics,Tablet,UrbanEdge,1571.5,982.62,S0049
P002355,Decision Laptop,Electronics,Laptop,NextGen,727.7,554.06,S0226
P002356,Give Appliances,Home,Appliances,NextGen,1005.63,862.42,S0045
P002357,Ask Tablet,Electronics,Tablet,UrbanEdge,216.61,132.91,S0226
P002358,Movie Laptop,Electronics,Laptop,NextGen,498.28,330.74,S0190
P002359,Manager Tablet,Electronics,Tablet,NovaTech,145.99,104.99,S0403
P002360,Purpose Headphones,Electronics,Headphones,EverBuy,684.44,443.6,S0280
P002361,Prove Trousers,Clothing,Trousers,EverBuy,1110.61,641.71,S0371
P002362,Watch Fitness,Sports,Fitness,Apex,1507.21,867.82,S0361
P002363,Throw Shirts,Clothing,Shirts,PrimeGoods,1068.44,693.99,S0284
P002364,Represent Tablet,Electronics,Tablet,Vertex,204.59,117.56,S0023
P002365,Least Appliances,Home,Appliances,Apex,132.81,85.68,S0372
P002366,Statement Appliances,Home,Appliances,NovaTech,1431.49,985.23,S0493
P002367,In Laptop,Electronics,Laptop,NovaTech,801.93,622.39,S0268
P002368,Good Accessories,Clothing,Accessories,NovaTech,202.69,129.71,S0434
P002369,Born Education,Books,Education,PrimeGoods,1599.61,933.6,S0386
P002370,Trial Furniture,Home,Furniture,EverBuy,1038.87,726.44,S0336
P002371,Onto Furniture,Home,Furniture,Vertex,1504.74,945.27,S0272
P002372,Need Jackets,Clothing,Jackets,NovaTech,827.11,501.93,S0403
P002373,Wear Smartphone,Electronics,Smartphone,GlobalMart,249.38,172.42,S0227
P002374,Stage Cricket,Sports,Cricket,NextGen,1239.14,713.01,S0402
P002375,Tonight Tablet,Electronics,Tablet,NextGen,1217.17,846.18,S0315
P002376,Subject Laptop,Electronics,Laptop,NovaTech,653.06,459.56,S0230
P002377,Meeting Laptop,Electronics,Laptop,PrimeGoods,628.62,442.39,S0169
P002378,Congress Lighting,Home,Lighting,Vertex,915.86,660.07,S0335
P002379,Hospital Lighting,Home,Lighting,GlobalMart,455.73,335.27,S0104
P002380,Center Running,Sports,Running,NovaTech,867.27,692.19,S0435
P002381,Water Accessories,Clothing,Accessories,EverBuy,649.86,509.67,S0115
P002382,Ability Trousers,Clothing,Trousers,GlobalMart,1201.94,784.0,S0195
P002383,Congress Comics,Books,Comics,EverBuy,1601.83,960.88,S0272
P002384,Share Cricket,Sports,Cricket,UrbanEdge,1070.59,687.86,S0362
P002385,Reveal Shoes,Clothing,Shoes,EverBuy,293.58,248.75,S0273
P002386,Growth Comics,Books,Comics,Apex,162.73,121.1,S0011
P002387,Attorney Comics,Books,Comics,UrbanEdge,688.46,499.8,S0161
P002388,Say Cricket,Sports,Cricket,NovaTech,1168.44,932.86,S0342
P002389,So Lighting,Home,Lighting,NovaTech,533.32,420.76,S0300
P002390,Stop Business,Books,Business,Apex,749.37,561.35,S0134
P002391,Three Education,Books,Education,GlobalMart,661.33,370.81,S0308
P002392,Head Business,Books,Business,NovaTech,1345.23,859.32,S0030
P002393,Wide Tablet,Electronics,Tablet,Vertex,1217.6,759.91,S0483
P002394,Adult Furniture,Home,Furniture,NovaTech,1172.04,675.46,S0244
P002395,Nearly Trousers,Clothing,Trousers,Apex,400.3,305.21,S0244
P002396,Memory Outdoor,Sports,Outdoor,Vertex,306.85,217.07,S0146
P002397,Answer Laptop,Electronics,Laptop,EverBuy,1338.16,808.17,S0363
P002398,Operation Laptop,Electronics,Laptop,Vertex,600.24,510.68,S0301
P002399,Put Lighting,Home,Lighting,Vertex,549.27,379.48,S0401
P002400,Article Education,Books,Education,NovaTech,39.69,25.81,S0003
P002401,Cultural Education,Books,Education,UrbanEdge,917.82,608.86,S0224
P002402,Change Football,Sports,Football,Apex,1200.9,991.75,S0364
P002403,Program Kitchen,Home,Kitchen,NovaTech,124.57,88.87,S0028
P002404,Attack Tablet,Electronics,Tablet,GlobalMart,819.04,601.49,S0072
P002405,Light Monitor,Electronics,Monitor,NovaTech,638.48,429.33,S0460
P002406,Since Monitor,Electronics,Monitor,PrimeGoods,1223.0,920.01,S0167
P002407,Across Fiction,Books,Fiction,GlobalMart,165.74,101.43,S0390
P002408,High Technology,Books,Technology,GlobalMart,277.29,202.58,S0490
P002409,Begin Monitor,Electronics,Monitor,NovaTech,104.96,88.31,S0346
P002410,Character Smartphone,Electronics,Smartphone,GlobalMart,607.7,385.28,S0316
P002411,Such Jackets,Clothing,Jackets,Vertex,855.35,586.33,S0068
P002412,A Running,Sports,Running,GlobalMart,98.88,72.91,S0494
P002413,That Lighting,Home,Lighting,PrimeGoods,425.63,320.39,S0379
P002414,Reflect Monitor,Electronics,Monitor,UrbanEdge,262.17,168.81,S0202
P002415,Because Smartphone,Electronics,Smartphone,PrimeGoods,1288.51,743.86,S0378
P002416,Law Football,Sports,Football,Vertex,868.67,484.77,S0017
P002417,Process Education,Books,Education,Apex,335.8,228.81,S0325
P002418,Agree Smartphone,Electronics,Smartphone,NextGen,62.83,39.16,S0338
P002419,Degree Business,Books,Business,UrbanEdge,405.99,279.25,S0396
P002420,Bit Fitness,Sports,Fitness,Vertex,1474.43,887.72,S0488
P002421,Opportunity Kitchen,Home,Kitchen,NextGen,873.3,626.03,S0404
P002422,Pay Football,Sports,Football,NextGen,1170.54,808.27,S0446
P002423,Decade Business,Books,Business,NextGen,84.66,73.37,S0085
P002424,Movement Monitor,Electronics,Monitor,Vertex,249.89,202.01,S0457
P002425,Ready Headphones,Electronics,Headphones,Apex,159.16,132.2,S0112
P002426,Direction Accessories,Clothing,Accessories,Apex,254.19,169.76,S0013
P002427,Security Outdoor,Sports,Outdoor,EverBuy,446.1,289.68,S0059
P002428,Window Appliances,Home,Appliances,NovaTech,1184.88,895.32,S0006
P002429,System Smartphone,Electronics,Smartphone,GlobalMart,328.55,194.87,S0293
P002430,Still Laptop,Electronics,Laptop,EverBuy,1264.14,789.82,S0194
P002431,What Football,Sports,Football,Apex,1488.28,882.6,S0348
P002432,Firm Running,Sports,Running,GlobalMart,526.0,372.95,S0153
P002433,Paper Monitor,Electronics,Monitor,PrimeGoods,1480.55,925.12,S0102
P002434,Wind Decor,Home,Decor,Apex,368.63,300.3,S0080
P002435,Moment Appliances,Home,Appliances,Vertex,343.78,225.47,S0165
P002436,Treatment Fitness,Sports,Fitness,UrbanEdge,962.96,765.58,S0384
P002437,Who Smartphone,Electronics,Smartphone,NovaTech,411.68,228.85,S0405
P002438,Company Headphones,Electronics,Headphones,Apex,648.25,473.27,S0271
P002439,Off Fiction,Books,Fiction,Vertex,53.7,32.41,S0116
P002440,Whether Furniture,Home,Furniture,NovaTech,95.24,80.83,S0146
P002441,Special Furniture,Home,Furniture,Vertex,129.48,108.73,S0210
P002442,Region Running,Sports,Running,NextGen,317.08,256.58,S0332
P002443,Image Laptop,Electronics,Laptop,Apex,1545.31,992.55,S0354
P002444,Second Cricket,Sports,Cricket,EverBuy,1547.55,890.32,S0139
P002445,Former Laptop,Electronics,Laptop,Vertex,564.01,400.7,S0136
P002446,Yet Furniture,Home,Furniture,EverBuy,835.75,697.44,S0093
P002447,Window Monitor,Electronics,Monitor,PrimeGoods,101.91,62.42,S0033
P002448,Reduce Technology,Books,Technology,Vertex,1138.06,767.1,S0352
P002449,Reveal Comics,Books,Comics,NovaTech,893.4,696.34,S0033
P002450,Involve Football,Sports,Football,GlobalMart,971.38,564.23,S0272
P002451,List Outdoor,Sports,Outdoor,EverBuy,1204.56,848.32,S0113
P002452,Whether Tablet,Electronics,Tablet,UrbanEdge,992.07,726.55,S0050
P002453,Ago Technology,Books,Technology,Apex,1190.39,667.47,S0406
P002454,Sport Trousers,Clothing,Trousers,NovaTech,963.15,788.84,S0303
P002455,Letter Lighting,Home,Lighting,Apex,52.63,30.79,S0425
P002456,Knowledge Shoes,Clothing,Shoes,EverBuy,692.11,434.56,S0348
P002457,Buy Outdoor,Sports,Outdoor,Apex,1307.36,985.21,S0304
P002458,Sport Decor,Home,Decor,Apex,572.98,337.18,S0278
P002459,Must Kitchen,Home,Kitchen,Apex,1354.7,948.76,S0500
P002460,Him Lighting,Home,Lighting,EverBuy,180.4,110.46,S0263
P002461,Give Shoes,Clothing,Shoes,Vertex,98.97,73.26,S0474
P002462,Show Shirts,Clothing,Shirts,Vertex,1046.9,590.97,S0487
P002463,Bag Trousers,Clothing,Trousers,NovaTech,617.34,371.02,S0490
P002464,Cultural Fitness,Sports,Fitness,GlobalMart,1340.47,779.44,S0035
P002465,Effort Smartphone,Electronics,Smartphone,NextGen,1017.33,763.84,S0402
P002466,Successful Shoes,Clothing,Shoes,EverBuy,269.85,212.5,S0035
P002467,Bill Fitness,Sports,Fitness,UrbanEdge,231.48,198.79,S0455
P002468,Example Running,Sports,Running,NextGen,362.12,205.91,S0311
P002469,Agency Football,Sports,Football,NextGen,688.19,542.31,S0468
P002470,Surface Comics,Books,Comics,UrbanEdge,909.49,595.41,S0066
P002471,Approach Smartphone,Electronics,Smartphone,PrimeGoods,938.85,637.73,S0484
P002472,Heart Accessories,Clothing,Accessories,UrbanEdge,386.38,221.71,S0040
P002473,Imagine Laptop,Electronics,Laptop,UrbanEdge,213.5,170.87,S0469
P002474,Day Fiction,Books,Fiction,Apex,312.13,255.84,S0035
P002475,Suggest Laptop,Electronics,Laptop,NextGen,774.64,455.71,S0231
P002476,Technology Smartphone,Electronics,Smartphone,Apex,834.49,479.61,S0405
P002477,Hundred Tablet,Electronics,Tablet,Apex,802.44,510.73,S0251
P002478,Station Headphones,Electronics,Headphones,Apex,760.23,543.99,S0332
P002479,Apply Tablet,Electronics,Tablet,UrbanEdge,862.16,556.66,S0350
P002480,Around Appliances,Home,Appliances,NovaTech,370.74,289.68,S0496
P002481,New Decor,Home,Decor,GlobalMart,1096.13,889.68,S0289
P002482,Full Jackets,Clothing,Jackets,EverBuy,464.1,319.27,S0361
P002483,House Cricket,Sports,Cricket,PrimeGoods,545.37,309.75,S0166
P002484,Bag Technology,Books,Technology,Vertex,1267.09,907.57,S0381
P002485,Skin Fitness,Sports,Fitness,PrimeGoods,660.04,396.28,S0336
P002486,Use Appliances,Home,Appliances,UrbanEdge,838.75,565.69,S0101
P002487,Not Smartphone,Electronics,Smartphone,UrbanEdge,115.05,70.01,S0029
P002488,Bed Running,Sports,Running,NextGen,1472.71,892.84,S0238
P002489,Star Comics,Books,Comics,GlobalMart,1528.93,989.5,S0183
P002490,Name Outdoor,Sports,Outdoor,GlobalMart,774.27,668.87,S0454
P002491,Source Trousers,Clothing,Trousers,EverBuy,95.42,67.17,S0468
P002492,Toward Running,Sports,Running,UrbanEdge,1155.2,683.91,S0499
P002493,Public Comics,Books,Comics,EverBuy,1232.99,988.97,S0352
P002494,Thousand Tablet,Electronics,Tablet,Vertex,356.14,304.09,S0369
P002495,Six Education,Books,Education,GlobalMart,555.78,461.72,S0475
P002496,Difference Cricket,Sports,Cricket,PrimeGoods,1066.61,774.06,S0085
P002497,Visit Fiction,Books,Fiction,PrimeGoods,399.24,326.89,S0358
P002498,They Fitness,Sports,Fitness,Apex,512.26,352.99,S0199
P002499,Mother Fiction,Books,Fiction,NovaTech,1142.84,667.31,S0421
P002500,Factor Outdoor,Sports,Outdoor,GlobalMart,103.13,78.82,S0033
P002501,Although Monitor,Electronics,Monitor,GlobalMart,1391.4,947.02,S0307
P002502,New Appliances,Home,Appliances,Vertex,30.14,23.27,S0425
P002503,Country Shoes,Clothing,Shoes,NovaTech,1378.1,845.33,S0324
P002504,Two Comics,Books,Comics,UrbanEdge,366.96,236.25,S0427
P002505,Road Shirts,Clothing,Shirts,UrbanEdge,715.03,456.75,S0372
P002506,Report Decor,Home,Decor,EverBuy,815.44,499.39,S0497
P002507,Animal Comics,Books,Comics,GlobalMart,184.22,141.62,S0106
P002508,Poor Education,Books,Education,UrbanEdge,33.44,22.29,S0345
P002509,Finish Monitor,Electronics,Monitor,Apex,494.3,417.72,S0192
P002510,Short Running,Sports,Running,PrimeGoods,828.88,702.65,S0205
P002511,Film Laptop,Electronics,Laptop,EverBuy,777.48,445.94,S0116
P002512,Again Decor,Home,Decor,EverBuy,1277.06,900.62,S0458
P002513,Since Smartphone,Electronics,Smartphone,UrbanEdge,577.55,368.61,S0442
P002514,Stuff Outdoor,Sports,Outdoor,UrbanEdge,74.78,46.96,S0209
P002515,Light Headphones,Electronics,Headphones,Vertex,1361.76,881.33,S0081
P002516,Vote Shirts,Clothing,Shirts,EverBuy,457.61,333.58,S0256
P002517,Down Football,Sports,Football,PrimeGoods,730.59,504.36,S0058
P002518,Despite Jackets,Clothing,Jackets,UrbanEdge,591.82,464.61,S0314
P002519,Week Outdoor,Sports,Outdoor,EverBuy,489.31,378.63,S0119
P002520,For Furniture,Home,Furniture,Apex,950.12,706.68,S0262
P002521,Low Running,Sports,Running,GlobalMart,718.9,506.36,S0486
P002522,By Lighting,Home,Lighting,NextGen,1217.29,696.23,S0180
P002523,Collection Monitor,Electronics,Monitor,GlobalMart,830.96,684.31,S0162
P002524,Seek Fitness,Sports,Fitness,UrbanEdge,30.39,21.53,S0205
P002525,Government Jackets,Clothing,Jackets,GlobalMart,1321.82,957.97,S0284
P002526,That Fiction,Books,Fiction,Apex,397.65,301.41,S0117
P002527,Order Shirts,Clothing,Shirts,Vertex,781.34,668.83,S0040
P002528,Up Headphones,Electronics,Headphones,PrimeGoods,930.01,576.78,S0314
P002529,Later Comics,Books,Comics,NextGen,1055.32,855.17,S0322
P002530,Animal Fitness,Sports,Fitness,Apex,691.43,556.23,S0432
P002531,Role Accessories,Clothing,Accessories,UrbanEdge,457.44,360.73,S0490
P002532,Imagine Technology,Books,Technology,NovaTech,30.02,22.77,S0493
P002533,Evidence Jackets,Clothing,Jackets,PrimeGoods,1163.55,957.14,S0146
P002534,Wear Tablet,Electronics,Tablet,GlobalMart,1239.44,761.68,S0033
P002535,Choose Shirts,Clothing,Shirts,EverBuy,1448.08,843.8,S0488
P002536,Analysis Fitness,Sports,Fitness,UrbanEdge,341.2,190.89,S0083
P002537,Bill Fitness,Sports,Fitness,GlobalMart,568.97,400.42,S0285
P002538,Wide Education,Books,Education,Apex,283.81,170.32,S0472
P002539,Reality Football,Sports,Football,PrimeGoods,261.76,162.28,S0381
P002540,Source Running,Sports,Running,NextGen,184.17,125.22,S0320
P002541,Nation Fiction,Books,Fiction,NextGen,1069.21,856.73,S0349
P002542,Toward Outdoor,Sports,Outdoor,Vertex,951.66,757.63,S0224
P002543,Network Kitchen,Home,Kitchen,EverBuy,399.2,297.24,S0496
P002544,Born Shoes,Clothing,Shoes,Apex,1249.65,920.04,S0057
P002545,Human Business,Books,Business,UrbanEdge,1051.71,641.74,S0418
P002546,Others Technology,Books,Technology,Apex,847.3,711.55,S0215
P002547,Perhaps Outdoor,Sports,Outdoor,PrimeGoods,50.45,29.16,S0456
P002548,We Kitchen,Home,Kitchen,GlobalMart,846.43,553.89,S0203
P002549,Eight Business,Books,Business,NovaTech,92.86,52.84,S0264
P002550,Article Jackets,Clothing,Jackets,NovaTech,739.59,604.34,S0438
P002551,According Decor,Home,Decor,EverBuy,1225.18,884.02,S0423
P002552,Song Running,Sports,Running,Apex,267.47,175.29,S0049
P002553,Increase Jackets,Clothing,Jackets,UrbanEdge,1197.09,716.48,S0007
P002554,Listen Tablet,Electronics,Tablet,EverBuy,1527.73,869.91,S0071
P002555,Turn Furniture,Home,Furniture,Apex,492.01,300.44,S0064
P002556,Culture Smartphone,Electronics,Smartphone,UrbanEdge,1077.19,648.26,S0232
P002557,Conference Shirts,Clothing,Shirts,EverBuy,1152.12,723.18,S0087
P002558,Available Shirts,Clothing,Shirts,GlobalMart,814.63,478.83,S0251
P002559,Drug Comics,Books,Comics,UrbanEdge,1232.5,728.3,S0282
P002560,Reality Monitor,Electronics,Monitor,Vertex,499.55,303.32,S0469
P002561,His Lighting,Home,Lighting,Apex,56.21,42.01,S0185
P002562,Ability Running,Sports,Running,PrimeGoods,794.09,463.12,S0151
P002563,Support Headphones,Electronics,Headphones,PrimeGoods,1104.6,889.12,S0148
P002564,During Kitchen,Home,Kitchen,UrbanEdge,677.65,504.14,S0447
P002565,Seem Headphones,Electronics,Headphones,EverBuy,1261.22,991.86,S0319
P002566,Consumer Business,Books,Business,PrimeGoods,373.75,262.42,S0407
P002567,Bad Smartphone,Electronics,Smartphone,Apex,1304.7,785.49,S0481
P002568,Dinner Furniture,Home,Furniture,NovaTech,1184.63,874.7,S0407
P002569,Table Smartphone,Electronics,Smartphone,PrimeGoods,1184.23,950.68,S0411
P002570,Couple Business,Books,Business,GlobalMart,543.82,450.7,S0224
P002571,Pay Technology,Books,Technology,UrbanEdge,561.41,399.51,S0450
P002572,Individual Appliances,Home,Appliances,UrbanEdge,270.81,190.52,S0136
P002573,Through Fiction,Books,Fiction,NextGen,1463.08,978.63,S0390
P002574,Daughter Comics,Books,Comics,PrimeGoods,1031.08,588.87,S0048
P002575,Quality Shirts,Clothing,Shirts,UrbanEdge,1141.99,704.41,S0144
P002576,Employee Lighting,Home,Lighting,EverBuy,532.54,351.22,S0390
P002577,Very Decor,Home,Decor,EverBuy,354.06,240.25,S0450
P002578,Whether Kitchen,Home,Kitchen,Apex,394.78,278.19,S0300
P002579,Foot Trousers,Clothing,Trousers,PrimeGoods,237.19,181.98,S0139
P002580,None Monitor,Electronics,Monitor,NextGen,644.15,418.28,S0461
P002581,Customer Headphones,Electronics,Headphones,UrbanEdge,63.56,44.43,S0495
P002582,Soldier Tablet,Electronics,Tablet,PrimeGoods,456.46,355.28,S0367
P002583,Manager Furniture,Home,Furniture,GlobalMart,781.48,434.3,S0326
P002584,Indeed Appliances,Home,Appliances,Vertex,675.94,393.65,S0466
P002585,Set Lighting,Home,Lighting,PrimeGoods,196.51,149.12,S0426
P002586,Where Appliances,Home,Appliances,EverBuy,499.5,325.63,S0064
P002587,Type Technology,Books,Technology,NextGen,1556.75,959.45,S0412
P002588,Management Business,Books,Business,PrimeGoods,795.69,523.44,S0304
P002589,Case Education,Books,Education,Apex,605.24,457.69,S0312
P002590,Writer Running,Sports,Running,NovaTech,1336.1,962.46,S0133
P002591,Toward Fitness,Sports,Fitness,UrbanEdge,1231.82,688.46,S0409
P002592,Ready Running,Sports,Running,UrbanEdge,396.36,265.94,S0438
P002593,Kitchen Fitness,Sports,Fitness,UrbanEdge,1164.02,855.98,S0401
P002594,Rate Football,Sports,Football,Vertex,104.43,66.74,S0253
P002595,Sit Technology,Books,Technology,PrimeGoods,892.59,727.04,S0145
P002596,Pay Fiction,Books,Fiction,EverBuy,586.01,438.99,S0439
P002597,Challenge Shoes,Clothing,Shoes,Apex,523.1,347.24,S0230
P002598,Run Shirts,Clothing,Shirts,Apex,203.81,135.78,S0186
P002599,Second Kitchen,Home,Kitchen,PrimeGoods,450.74,259.09,S0144
P002600,Pick Technology,Books,Technology,EverBuy,499.87,325.09,S0043
P002601,Right Trousers,Clothing,Trousers,Apex,688.21,595.58,S0147
P002602,Four Shoes,Clothing,Shoes,NextGen,1514.23,966.33,S0256
P002603,Since Kitchen,Home,Kitchen,PrimeGoods,134.81,116.85,S0156
P002604,Remember Fiction,Books,Fiction,Apex,866.57,528.13,S0428
P002605,Few Decor,Home,Decor,Apex,329.01,252.23,S0493
P002606,Within Business,Books,Business,UrbanEdge,1060.59,900.47,S0451
P002607,Tree Fitness,Sports,Fitness,UrbanEdge,787.51,511.81,S0157
P002608,Once Accessories,Clothing,Accessories,Vertex,1530.31,986.25,S0238
P002609,Strong Business,Books,Business,PrimeGoods,455.44,365.12,S0460
P002610,Blue Comics,Books,Comics,EverBuy,1137.2,951.02,S0315
P002611,Whose Monitor,Electronics,Monitor,GlobalMart,567.25,368.24,S0495
P002612,Interest Education,Books,Education,Apex,820.89,664.17,S0329
P002613,Yet Headphones,Electronics,Headphones,NovaTech,1058.02,609.9,S0152
P002614,Her Tablet,Electronics,Tablet,GlobalMart,702.76,463.31,S0156
P002615,Democratic Business,Books,Business,NextGen,376.11,246.77,S0433
P002616,Cause Tablet,Electronics,Tablet,EverBuy,191.9,134.96,S0193
P002617,Family Running,Sports,Running,GlobalMart,192.7,133.1,S0140
P002618,Across Fiction,Books,Fiction,Apex,1187.61,986.85,S0453
P002619,South Business,Books,Business,GlobalMart,1113.55,640.48,S0471
P002620,Recent Technology,Books,Technology,Vertex,766.04,488.95,S0230
P002621,Anyone Business,Books,Business,Vertex,672.87,512.48,S0444
P002622,Theory Fiction,Books,Fiction,Vertex,1722.64,965.88,S0042
P002623,Public Fiction,Books,Fiction,Vertex,641.15,532.16,S0056
P002624,Easy Smartphone,Electronics,Smartphone,NextGen,1167.07,720.32,S0194
P002625,Might Smartphone,Electronics,Smartphone,NextGen,337.13,188.42,S0112
P002626,Both Comics,Books,Comics,PrimeGoods,955.21,782.77,S0335
P002627,Also Headphones,Electronics,Headphones,PrimeGoods,26.23,21.48,S0057
P002628,Tree Shoes,Clothing,Shoes,UrbanEdge,1383.84,806.65,S0447
P002629,Third Fitness,Sports,Fitness,Apex,1002.13,600.69,S0117
P002630,Thing Trousers,Clothing,Trousers,PrimeGoods,638.14,434.44,S0258
P002631,Allow Comics,Books,Comics,GlobalMart,839.75,549.97,S0041
P002632,Season Cricket,Sports,Cricket,Vertex,195.57,115.87,S0236
P002633,Government Headphones,Electronics,Headphones,UrbanEdge,196.82,152.17,S0264
P002634,Democratic Laptop,Electronics,Laptop,UrbanEdge,1492.46,916.14,S0456
P002635,Put Shoes,Clothing,Shoes,Apex,1371.23,927.12,S0185
P002636,Read Appliances,Home,Appliances,GlobalMart,168.61,113.93,S0167
P002637,Than Kitchen,Home,Kitchen,NextGen,267.9,218.43,S0365
P002638,Research Smartphone,Electronics,Smartphone,Vertex,412.09,318.91,S0309
P002639,Clear Furniture,Home,Furniture,Apex,1151.29,667.25,S0210
P002640,Teach Running,Sports,Running,NovaTech,972.24,643.88,S0440
P002641,During Football,Sports,Football,Apex,896.04,680.2,S0491
P002642,Style Accessories,Clothing,Accessories,UrbanEdge,1326.04,902.91,S0214
P002643,Plan Trousers,Clothing,Trousers,NovaTech,790.52,550.13,S0384
P002644,Military Shirts,Clothing,Shirts,Apex,1010.36,650.02,S0397
P002645,Military Kitchen,Home,Kitchen,NextGen,1029.75,611.49,S0415
P002646,Role Running,Sports,Running,NovaTech,1083.77,737.83,S0298
P002647,Model Accessories,Clothing,Accessories,PrimeGoods,601.75,409.87,S0487
P002648,Scientist Lighting,Home,Lighting,UrbanEdge,816.81,698.27,S0040
P002649,Like Jackets,Clothing,Jackets,Vertex,519.08,395.98,S0410
P002650,Walk Trousers,Clothing,Trousers,UrbanEdge,755.71,634.34,S0246
P002651,Just Business,Books,Business,PrimeGoods,709.6,512.27,S0442
P002652,Offer Outdoor,Sports,Outdoor,UrbanEdge,1056.66,750.72,S0061
P002653,Phone Kitchen,Home,Kitchen,UrbanEdge,504.48,292.88,S0319
P002654,Than Decor,Home,Decor,Apex,1126.95,932.98,S0121
P002655,Send Outdoor,Sports,Outdoor,Apex,384.82,247.05,S0384
P002656,Political Lighting,Home,Lighting,NovaTech,1174.88,942.95,S0077
P002657,Check Kitchen,Home,Kitchen,Vertex,316.25,258.64,S0161
P002658,Tonight Business,Books,Business,PrimeGoods,1017.18,758.51,S0252
P002659,Community Comics,Books,Comics,Apex,376.67,290.04,S0004
P002660,Support Kitchen,Home,Kitchen,UrbanEdge,624.21,410.01,S0163
P002661,Attention Headphones,Electronics,Headphones,UrbanEdge,307.24,173.51,S0265
P002662,Child Kitchen,Home,Kitchen,NovaTech,1318.2,898.07,S0089
P002663,Morning Trousers,Clothing,Trousers,NextGen,303.81,175.99,S0130
P002664,Collection Furniture,Home,Furniture,EverBuy,779.64,510.85,S0339
P002665,Actually Business,Books,Business,Vertex,1067.83,748.43,S0166
P002666,Reveal Shirts,Clothing,Shirts,NextGen,167.15,101.43,S0319
P002667,Quickly Laptop,Electronics,Laptop,GlobalMart,206.4,162.25,S0394
P002668,Different Furniture,Home,Furniture,Apex,1222.51,753.01,S0478
P002669,Alone Comics,Books,Comics,EverBuy,800.88,695.93,S0326
P002670,Cup Furniture,Home,Furniture,EverBuy,1268.48,864.97,S0229
P002671,Surface Kitchen,Home,Kitchen,Apex,1426.74,847.79,S0110
P002672,Charge Kitchen,Home,Kitchen,Vertex,1010.54,601.8,S0426
P002673,Year Technology,Books,Technology,NovaTech,54.65,37.72,S0447
P002674,Just Smartphone,Electronics,Smartphone,NextGen,637.33,470.0,S0107
P002675,Meet Cricket,Sports,Cricket,EverBuy,623.63,364.97,S0307
P002676,Fund Education,Books,Education,UrbanEdge,553.53,399.86,S0163
P002677,Feel Trousers,Clothing,Trousers,Apex,82.31,49.13,S0451
P002678,Mr Monitor,Electronics,Monitor,Vertex,467.45,300.52,S0025
P002679,Project Business,Books,Business,Vertex,201.8,130.02,S0241
P002680,Mind Appliances,Home,Appliances,UrbanEdge,551.73,333.73,S0168
P002681,Beat Laptop,Electronics,Laptop,EverBuy,59.09,36.91,S0284
P002682,Picture Outdoor,Sports,Outdoor,Vertex,1225.38,772.98,S0444
P002683,Than Cricket,Sports,Cricket,NextGen,301.44,229.98,S0364
P002684,Nearly Football,Sports,Football,NovaTech,238.95,136.17,S0236
P002685,Best Technology,Books,Technology,NovaTech,433.62,360.13,S0458
P002686,Modern Cricket,Sports,Cricket,PrimeGoods,178.16,133.84,S0221
P002687,Treat Monitor,Electronics,Monitor,UrbanEdge,590.01,414.66,S0021
P002688,Result Monitor,Electronics,Monitor,Vertex,195.05,120.67,S0322
P002689,During Smartphone,Electronics,Smartphone,UrbanEdge,841.07,510.32,S0367
P002690,Month Appliances,Home,Appliances,PrimeGoods,94.15,61.07,S0276
P002691,Those Smartphone,Electronics,Smartphone,Vertex,867.65,550.35,S0026
P002692,Fire Comics,Books,Comics,UrbanEdge,1209.21,732.69,S0099
P002693,Hit Trousers,Clothing,Trousers,UrbanEdge,690.03,550.39,S0238
P002694,Figure Technology,Books,Technology,NextGen,566.24,348.67,S0053
P002695,Either Fiction,Books,Fiction,PrimeGoods,1274.54,842.94,S0015
P002696,Past Monitor,Electronics,Monitor,PrimeGoods,390.87,225.08,S0057
P002697,Suggest Fiction,Books,Fiction,NovaTech,1318.28,943.57,S0348
P002698,Star Shoes,Clothing,Shoes,UrbanEdge,212.44,125.43,S0218
P002699,Environmental Smartphone,Electronics,Smartphone,EverBuy,1370.89,889.92,S0080
P002700,Church Decor,Home,Decor,NextGen,570.24,317.18,S0316
P002701,Part Shoes,Clothing,Shoes,Apex,416.22,335.09,S0449
P002702,Total Football,Sports,Football,PrimeGoods,495.19,394.88,S0081
P002703,Police Comics,Books,Comics,NextGen,841.95,485.04,S0489
P002704,Attention Furniture,Home,Furniture,NextGen,279.04,157.99,S0142
P002705,Buy Running,Sports,Running,UrbanEdge,457.35,288.19,S0336
P002706,Decision Shoes,Clothing,Shoes,EverBuy,1380.8,870.38,S0065
P002707,Center Tablet,Electronics,Tablet,NovaTech,759.83,578.77,S0198
P002708,Exist Smartphone,Electronics,Smartphone,NovaTech,335.91,194.97,S0478
P002709,Move Cricket,Sports,Cricket,Apex,141.08,115.82,S0325
P002710,Inside Technology,Books,Technology,EverBuy,1067.38,622.76,S0453
P002711,Beautiful Outdoor,Sports,Outdoor,GlobalMart,873.13,548.17,S0151
P002712,Something Furniture,Home,Furniture,NovaTech,1144.91,923.61,S0120
P002713,Beat Cricket,Sports,Cricket,NovaTech,159.1,133.15,S0058
P002714,Cost Football,Sports,Football,UrbanEdge,902.75,733.93,S0385
P002715,Hear Shirts,Clothing,Shirts,GlobalMart,385.98,304.57,S0431
P002716,Include Outdoor,Sports,Outdoor,Vertex,550.86,315.89,S0298
P002717,Enter Shoes,Clothing,Shoes,NextGen,1466.73,940.3,S0331
P002718,Think Accessories,Clothing,Accessories,Apex,581.6,362.84,S0082
P002719,Rock Education,Books,Education,GlobalMart,113.19,64.56,S0491
P002720,Several Technology,Books,Technology,Apex,656.23,406.01,S0396
P002721,Price Shoes,Clothing,Shoes,NovaTech,743.88,415.69,S0482
P002722,Thought Shirts,Clothing,Shirts,GlobalMart,718.41,469.08,S0138
P002723,Foot Fitness,Sports,Fitness,NextGen,929.28,519.95,S0121
P002724,Receive Running,Sports,Running,NextGen,766.23,514.78,S0296
P002725,Oil Decor,Home,Decor,GlobalMart,1557.65,987.53,S0177
P002726,Majority Furniture,Home,Furniture,PrimeGoods,1200.66,713.58,S0231
P002727,Official Furniture,Home,Furniture,PrimeGoods,1284.86,940.75,S0204
P002728,Peace Fitness,Sports,Fitness,Vertex,431.37,295.24,S0179
P002729,Senior Shoes,Clothing,Shoes,NovaTech,38.91,24.28,S0203
P002730,Decade Shirts,Clothing,Shirts,EverBuy,274.36,205.49,S0448
P002731,Society Business,Books,Business,Vertex,550.29,451.31,S0110
P002732,Themselves Education,Books,Education,NextGen,237.72,199.89,S0449
P002733,Campaign Trousers,Clothing,Trousers,NextGen,83.98,54.09,S0225
P002734,Work Furniture,Home,Furniture,PrimeGoods,1520.91,895.23,S0114
P002735,Cell Cricket,Sports,Cricket,EverBuy,59.88,36.85,S0297
P002736,Career Monitor,Electronics,Monitor,NovaTech,1032.9,724.91,S0338
P002737,In Trousers,Clothing,Trousers,GlobalMart,298.36,239.15,S0166
P002738,Nice Education,Books,Education,Apex,1020.15,735.89,S0211
P002739,Method Fitness,Sports,Fitness,GlobalMart,886.57,494.7,S0352
P002740,Community Kitchen,Home,Kitchen,Vertex,774.33,523.04,S0380
P002741,Simply Furniture,Home,Furniture,Vertex,577.73,327.13,S0478
P002742,Head Monitor,Electronics,Monitor,Apex,885.89,668.08,S0419
P002743,Example Appliances,Home,Appliances,NovaTech,432.72,330.29,S0457
P002744,Office Education,Books,Education,PrimeGoods,833.55,464.02,S0409
P002745,Four Education,Books,Education,GlobalMart,607.79,440.31,S0142
P002746,Certainly Trousers,Clothing,Trousers,Vertex,1546.32,900.89,S0053
P002747,Upon Outdoor,Sports,Outdoor,UrbanEdge,830.22,659.65,S0134
P002748,Watch Education,Books,Education,GlobalMart,67.76,42.26,S0250
P002749,Religious Shirts,Clothing,Shirts,EverBuy,1109.04,741.14,S0027
P002750,Paper Fitness,Sports,Fitness,Vertex,1379.12,866.68,S0482
P002751,Ok Smartphone,Electronics,Smartphone,NovaTech,303.01,187.13,S0332
P002752,Way Fitness,Sports,Fitness,GlobalMart,575.71,343.2,S0130
P002753,Quickly Smartphone,Electronics,Smartphone,Vertex,891.03,528.42,S0093
P002754,Word Monitor,Electronics,Monitor,Vertex,789.62,634.97,S0346
P002755,Baby Tablet,Electronics,Tablet,PrimeGoods,272.25,199.55,S0269
P002756,Result Comics,Books,Comics,Apex,111.59,81.15,S0443
P002757,Professor Monitor,Electronics,Monitor,Vertex,587.98,427.44,S0374
P002758,Discussion Fiction,Books,Fiction,GlobalMart,1023.88,881.91,S0017
P002759,Foot Shirts,Clothing,Shirts,UrbanEdge,23.18,15.6,S0030
P002760,Similar Laptop,Electronics,Laptop,NextGen,1408.11,914.21,S0221
P002761,Relationship Business,Books,Business,EverBuy,1098.97,661.17,S0312
P002762,Student Furniture,Home,Furniture,GlobalMart,457.04,335.27,S0402
P002763,Current Comics,Books,Comics,Apex,30.76,17.92,S0066
P002764,Several Tablet,Electronics,Tablet,NextGen,944.39,716.94,S0484
P002765,Go Running,Sports,Running,NovaTech,666.02,558.69,S0428
P002766,Daughter Jackets,Clothing,Jackets,UrbanEdge,318.5,256.0,S0346
P002767,High Trousers,Clothing,Trousers,UrbanEdge,1236.21,912.75,S0249
P002768,Effect Appliances,Home,Appliances,NovaTech,829.35,522.82,S0264
P002769,Above Fiction,Books,Fiction,UrbanEdge,1213.87,940.82,S0360
P002770,Save Jackets,Clothing,Jackets,PrimeGoods,1083.05,756.21,S0425
P002771,Thing Shoes,Clothing,Shoes,Vertex,756.87,642.82,S0435
P002772,Course Tablet,Electronics,Tablet,EverBuy,289.58,249.91,S0013
P002773,Hotel Jackets,Clothing,Jackets,GlobalMart,33.6,28.73,S0296
P002774,Easy Headphones,Electronics,Headphones,GlobalMart,1515.43,874.56,S0283
P002775,Method Headphones,Electronics,Headphones,EverBuy,1398.9,777.33,S0437
P002776,Poor Shoes,Clothing,Shoes,Vertex,473.14,301.68,S0030
P002777,These Comics,Books,Comics,PrimeGoods,333.54,221.35,S0399
P002778,Including Education,Books,Education,UrbanEdge,937.01,774.2,S0035
P002779,Strong Decor,Home,Decor,EverBuy,1518.92,857.14,S0087
P002780,Play Furniture,Home,Furniture,Vertex,79.04,49.87,S0185
P002781,Tv Fiction,Books,Fiction,UrbanEdge,771.59,433.93,S0170
P002782,Hard Running,Sports,Running,NextGen,526.23,431.18,S0261
P002783,Three Monitor,Electronics,Monitor,Vertex,217.96,130.5,S0327
P002784,Rather Cricket,Sports,Cricket,NovaTech,862.1,590.76,S0434
P002785,Large Outdoor,Sports,Outdoor,Vertex,1402.77,935.94,S0064
P002786,Million Smartphone,Electronics,Smartphone,Apex,559.74,337.08,S0467
P002787,Discover Outdoor,Sports,Outdoor,Vertex,1083.97,785.58,S0348
P002788,Card Trousers,Clothing,Trousers,GlobalMart,1260.12,851.43,S0007
P002789,Improve Accessories,Clothing,Accessories,Vertex,869.93,730.41,S0061
P002790,Dark Lighting,Home,Lighting,UrbanEdge,1187.41,963.83,S0351
P002791,Natural Headphones,Electronics,Headphones,NovaTech,453.15,288.13,S0303
P002792,Shake Football,Sports,Football,UrbanEdge,1180.28,867.58,S0310
P002793,Purpose Kitchen,Home,Kitchen,PrimeGoods,1297.32,911.98,S0315
P002794,Mouth Cricket,Sports,Cricket,Apex,175.24,129.36,S0270
P002795,Spring Cricket,Sports,Cricket,GlobalMart,1195.64,689.47,S0183
P002796,Book Decor,Home,Decor,Apex,146.08,97.79,S0325
P002797,Read Laptop,Electronics,Laptop,Vertex,442.62,293.51,S0273
P002798,Total Laptop,Electronics,Laptop,PrimeGoods,373.08,304.29,S0296
P002799,Court Business,Books,Business,GlobalMart,473.2,393.15,S0475
P002800,Federal Laptop,Electronics,Laptop,Apex,954.36,613.45,S0258
P002801,Mrs Fiction,Books,Fiction,Apex,1555.07,911.77,S0058
P002802,Rule Shoes,Clothing,Shoes,UrbanEdge,97.66,69.42,S0196
P002803,Month Appliances,Home,Appliances,EverBuy,317.43,274.45,S0211
P002804,Well Fitness,Sports,Fitness,PrimeGoods,1079.02,679.97,S0435
P002805,Ready Kitchen,Home,Kitchen,UrbanEdge,1232.81,989.81,S0191
P002806,Oil Kitchen,Home,Kitchen,NovaTech,401.64,345.06,S0034
P002807,Answer Appliances,Home,Appliances,EverBuy,574.78,439.77,S0203
P002808,Defense Cricket,Sports,Cricket,UrbanEdge,892.9,597.61,S0254
P002809,Impact Comics,Books,Comics,EverBuy,374.03,245.46,S0158
P002810,Player Decor,Home,Decor,Vertex,841.5,570.31,S0199
P002811,Bad Football,Sports,Football,NovaTech,1523.89,857.26,S0253
P002812,Course Shirts,Clothing,Shirts,Vertex,632.02,516.45,S0468
P002813,Which Technology,Books,Technology,Vertex,936.79,568.71,S0469
P002814,Business Trousers,Clothing,Trousers,Vertex,1083.5,858.4,S0450
P002815,Hold Cricket,Sports,Cricket,NovaTech,169.79,144.89,S0091
P002816,Too Business,Books,Business,NovaTech,1195.78,937.55,S0471
P002817,Law Running,Sports,Running,EverBuy,630.27,398.32,S0199
P002818,Hold Appliances,Home,Appliances,Apex,865.71,734.19,S0023
P002819,Control Business,Books,Business,Vertex,969.44,836.93,S0307
P002820,Consider Appliances,Home,Appliances,Apex,1022.06,611.21,S0265
P002821,Because Lighting,Home,Lighting,PrimeGoods,859.48,480.45,S0414
P002822,Night Appliances,Home,Appliances,EverBuy,829.86,648.46,S0390
P002823,Accept Fiction,Books,Fiction,PrimeGoods,1084.01,658.25,S0072
P002824,Through Fitness,Sports,Fitness,PrimeGoods,727.4,486.35,S0390
P002825,These Decor,Home,Decor,Apex,570.39,415.88,S0432
P002826,Three Fitness,Sports,Fitness,UrbanEdge,758.12,439.88,S0064
P002827,Guess Business,Books,Business,NovaTech,373.67,233.73,S0242
P002828,Budget Decor,Home,Decor,GlobalMart,396.49,224.42,S0204
P002829,Billion Furniture,Home,Furniture,Vertex,137.26,107.61,S0185
P002830,Human Outdoor,Sports,Outdoor,Vertex,146.29,115.24,S0300
P002831,Past Fiction,Books,Fiction,Apex,1343.39,910.85,S0396
P002832,Continue Furniture,Home,Furniture,Apex,532.33,331.68,S0047
P002833,Step Fiction,Books,Fiction,NovaTech,221.62,152.21,S0225
P002834,Fish Lighting,Home,Lighting,NextGen,908.98,527.54,S0222
P002835,Radio Football,Sports,Football,UrbanEdge,1534.71,911.59,S0223
P002836,War Accessories,Clothing,Accessories,NextGen,1201.59,725.63,S0471
P002837,Receive Shoes,Clothing,Shoes,Vertex,1185.57,898.98,S0387
P002838,City Running,Sports,Running,UrbanEdge,1242.61,972.73,S0044
P002839,Firm Monitor,Electronics,Monitor,GlobalMart,355.73,205.47,S0347
P002840,Decide Tablet,Electronics,Tablet,NextGen,577.04,340.17,S0469
P002841,Performance Business,Books,Business,Apex,193.32,116.33,S0392
P002842,Positive Comics,Books,Comics,Vertex,759.18,521.45,S0061
P002843,East Shirts,Clothing,Shirts,NextGen,706.78,599.55,S0143
P002844,Source Fitness,Sports,Fitness,Apex,444.19,334.25,S0069
P002845,Evidence Fitness,Sports,Fitness,NovaTech,1118.1,902.84,S0093
P002846,Security Kitchen,Home,Kitchen,NovaTech,922.44,565.72,S0261
P002847,Send Appliances,Home,Appliances,PrimeGoods,1563.49,883.05,S0075
P002848,What Education,Books,Education,NextGen,1142.26,722.17,S0049
P002849,Father Laptop,Electronics,Laptop,PrimeGoods,33.7,18.9,S0493
P002850,Baby Accessories,Clothing,Accessories,UrbanEdge,137.87,79.98,S0123
P002851,Car Lighting,Home,Lighting,NextGen,292.51,171.6,S0323
P002852,On Decor,Home,Decor,Vertex,432.87,354.01,S0219
P002853,Term Comics,Books,Comics,GlobalMart,946.33,654.33,S0495
P002854,Outside Football,Sports,Football,GlobalMart,480.61,403.54,S0220
P002855,Something Education,Books,Education,EverBuy,837.82,477.07,S0179
P002856,Mention Decor,Home,Decor,UrbanEdge,223.92,165.14,S0438
P002857,Only Comics,Books,Comics,PrimeGoods,453.1,371.89,S0334
P002858,Process Accessories,Clothing,Accessories,UrbanEdge,828.76,483.11,S0281
P002859,Nature Kitchen,Home,Kitchen,NovaTech,233.73,183.81,S0115
P002860,Unit Comics,Books,Comics,GlobalMart,346.06,242.71,S0409
P002861,See Monitor,Electronics,Monitor,GlobalMart,1198.06,680.46,S0145
P002862,Approach Appliances,Home,Appliances,NextGen,1233.69,752.98,S0464
P002863,However Laptop,Electronics,Laptop,UrbanEdge,1404.28,796.68,S0335
P002864,Then Laptop,Electronics,Laptop,GlobalMart,724.39,406.54,S0111
P002865,Cup Monitor,Electronics,Monitor,NovaTech,560.68,397.88,S0265
P002866,She Business,Books,Business,Apex,217.08,181.85,S0182
P002867,Win Headphones,Electronics,Headphones,PrimeGoods,977.15,806.54,S0224
P002868,Actually Monitor,Electronics,Monitor,EverBuy,353.39,256.06,S0033
P002869,Fight Monitor,Electronics,Monitor,UrbanEdge,878.37,621.99,S0281
P002870,Also Fiction,Books,Fiction,NextGen,1307.09,845.68,S0067
P002871,Only Headphones,Electronics,Headphones,Vertex,755.33,456.72,S0116
P002872,Message Trousers,Clothing,Trousers,Apex,1248.07,792.57,S0331
P002873,Reason Accessories,Clothing,Accessories,Vertex,252.51,188.01,S0271
P002874,Majority Education,Books,Education,GlobalMart,570.83,345.88,S0412
P002875,Which Technology,Books,Technology,UrbanEdge,63.45,42.94,S0254
P002876,Foreign Shirts,Clothing,Shirts,EverBuy,741.55,582.83,S0237
P002877,Line Comics,Books,Comics,UrbanEdge,519.43,329.34,S0408
P002878,Range Monitor,Electronics,Monitor,PrimeGoods,1251.09,719.45,S0130
P002879,Able Comics,Books,Comics,Vertex,1028.19,871.8,S0464
P002880,Hundred Running,Sports,Running,GlobalMart,469.25,287.8,S0331
P002881,Eight Football,Sports,Football,Apex,93.68,67.91,S0219
P002882,Agency Fiction,Books,Fiction,NovaTech,1495.71,988.28,S0394
P002883,Help Technology,Books,Technology,EverBuy,447.81,354.96,S0390
P002884,Nice Decor,Home,Decor,Vertex,822.72,564.75,S0402
P002885,Eight Trousers,Clothing,Trousers,Apex,1224.9,725.34,S0064
P002886,Yard Cricket,Sports,Cricket,Apex,1164.17,867.65,S0314
P002887,Kitchen Business,Books,Business,Apex,112.2,94.49,S0053
P002888,Bit Smartphone,Electronics,Smartphone,PrimeGoods,267.45,214.36,S0058
P002889,Tax Fiction,Books,Fiction,Vertex,104.77,82.06,S0053
P002890,Mind Shirts,Clothing,Shirts,GlobalMart,710.27,515.52,S0335
P002891,Training Comics,Books,Comics,Apex,711.76,575.1,S0199
P002892,Claim Technology,Books,Technology,Vertex,1202.38,960.51,S0172
P002893,Environment Lighting,Home,Lighting,PrimeGoods,993.84,678.17,S0495
P002894,Citizen Fiction,Books,Fiction,PrimeGoods,82.02,64.01,S0485
P002895,Issue Education,Books,Education,Vertex,1106.04,877.96,S0422
P002896,Kitchen Kitchen,Home,Kitchen,EverBuy,1436.51,968.04,S0460
P002897,Seat Tablet,Electronics,Tablet,PrimeGoods,278.61,226.41,S0334
P002898,See Lighting,Home,Lighting,Vertex,1160.29,936.4,S0395
P002899,Tend Laptop,Electronics,Laptop,Vertex,323.2,217.02,S0491
P002900,Style Lighting,Home,Lighting,PrimeGoods,32.32,21.07,S0470
P002901,Prepare Technology,Books,Technology,NovaTech,1073.43,627.76,S0434
P002902,Form Business,Books,Business,NextGen,672.31,482.88,S0460
P002903,Husband Appliances,Home,Appliances,UrbanEdge,843.58,513.53,S0458
P002904,Issue Lighting,Home,Lighting,Apex,318.63,252.98,S0367
P002905,Ability Accessories,Clothing,Accessories,NovaTech,123.86,87.87,S0415
P002906,Necessary Decor,Home,Decor,NovaTech,211.9,179.15,S0129
P002907,Tonight Running,Sports,Running,Apex,272.02,158.16,S0441
P002908,Question Lighting,Home,Lighting,NovaTech,1003.91,655.21,S0022
P002909,Best Education,Books,Education,EverBuy,512.34,289.74,S0020
P002910,Him Trousers,Clothing,Trousers,EverBuy,419.54,274.87,S0013
P002911,Rate Cricket,Sports,Cricket,Apex,836.87,499.14,S0332
P002912,Decade Shoes,Clothing,Shoes,Apex,1153.91,750.96,S0481
P002913,Continue Trousers,Clothing,Trousers,Vertex,1489.06,911.29,S0310
P002914,Occur Trousers,Clothing,Trousers,EverBuy,187.04,146.79,S0463
P002915,Central Monitor,Electronics,Monitor,NovaTech,559.88,483.13,S0326
P002916,Carry Technology,Books,Technology,Apex,847.63,658.02,S0378
P002917,Campaign Appliances,Home,Appliances,NovaTech,1617.24,997.28,S0284
P002918,Paper Education,Books,Education,Vertex,1366.38,794.18,S0161
P002919,Group Football,Sports,Football,GlobalMart,1282.23,907.8,S0303
P002920,Offer Tablet,Electronics,Tablet,GlobalMart,291.69,207.16,S0488
P002921,Growth Tablet,Electronics,Tablet,NovaTech,1341.51,885.85,S0237
P002922,Trade Jackets,Clothing,Jackets,EverBuy,572.67,388.02,S0433
P002923,Special Headphones,Electronics,Headphones,NextGen,1470.0,853.99,S0496
P002924,Benefit Accessories,Clothing,Accessories,NextGen,236.74,163.29,S0060
P002925,Southern Lighting,Home,Lighting,EverBuy,535.27,367.16,S0201
P002926,Finally Cricket,Sports,Cricket,NovaTech,999.46,816.75,S0329
P002927,Responsibility Decor,Home,Decor,PrimeGoods,1242.59,942.77,S0127
P002928,Goal Shirts,Clothing,Shirts,UrbanEdge,754.72,515.02,S0427
P002929,Similar Headphones,Electronics,Headphones,NovaTech,630.76,367.11,S0109
P002930,Decision Tablet,Electronics,Tablet,UrbanEdge,329.93,282.92,S0039
P002931,Even Smartphone,Electronics,Smartphone,EverBuy,683.22,381.59,S0273
P002932,Sea Cricket,Sports,Cricket,UrbanEdge,767.85,443.37,S0136
P002933,Network Laptop,Electronics,Laptop,GlobalMart,1230.29,751.03,S0107
P002934,Memory Outdoor,Sports,Outdoor,NextGen,416.49,270.67,S0072
P002935,Into Education,Books,Education,NovaTech,368.36,240.84,S0168
P002936,Return Tablet,Electronics,Tablet,EverBuy,415.12,334.7,S0209
P002937,Trade Fiction,Books,Fiction,NextGen,1372.55,822.37,S0486
P002938,Each Cricket,Sports,Cricket,GlobalMart,957.01,739.17,S0062
P002939,Machine Smartphone,Electronics,Smartphone,EverBuy,1225.0,699.62,S0362
P002940,Girl Trousers,Clothing,Trousers,NextGen,930.43,520.14,S0165
P002941,Position Business,Books,Business,UrbanEdge,574.86,323.09,S0097
P002942,Away Football,Sports,Football,PrimeGoods,1370.16,790.01,S0032
P002943,Music Outdoor,Sports,Outdoor,PrimeGoods,1322.52,875.62,S0207
P002944,Side Outdoor,Sports,Outdoor,NextGen,56.92,36.42,S0037
P002945,Hundred Laptop,Electronics,Laptop,UrbanEdge,759.99,505.52,S0402
P002946,Tonight Education,Books,Education,GlobalMart,188.51,159.24,S0154
P002947,Continue Comics,Books,Comics,GlobalMart,564.04,338.7,S0233
P002948,Such Shoes,Clothing,Shoes,Vertex,571.76,495.59,S0314
P002949,Fine Lighting,Home,Lighting,NovaTech,1224.61,842.83,S0162
P002950,Take Football,Sports,Football,GlobalMart,324.68,181.92,S0120
P002951,Police Jackets,Clothing,Jackets,NovaTech,650.58,428.93,S0273
P002952,Large Furniture,Home,Furniture,Apex,888.89,724.2,S0068
P002953,Stuff Headphones,Electronics,Headphones,EverBuy,748.28,645.95,S0357
P002954,Drive Comics,Books,Comics,Vertex,858.24,641.1,S0045
P002955,White Outdoor,Sports,Outdoor,GlobalMart,1107.86,700.01,S0135
P002956,Add Football,Sports,Football,Vertex,1352.52,962.59,S0387
P002957,Word Furniture,Home,Furniture,UrbanEdge,1309.67,763.73,S0408
P002958,Home Lighting,Home,Lighting,Apex,916.47,688.09,S0145
P002959,Since Appliances,Home,Appliances,Vertex,1019.2,652.98,S0100
P002960,Set Shirts,Clothing,Shirts,NextGen,1097.67,698.82,S0459
P002961,Magazine Football,Sports,Football,PrimeGoods,1036.16,786.92,S0215
P002962,Majority Business,Books,Business,NextGen,507.2,338.45,S0488
P002963,Nearly Decor,Home,Decor,NovaTech,827.66,462.21,S0012
P002964,Base Running,Sports,Running,GlobalMart,1059.18,824.45,S0341
P002965,Green Running,Sports,Running,EverBuy,856.98,541.51,S0359
P002966,Market Decor,Home,Decor,EverBuy,190.05,113.56,S0341
P002967,Respond Accessories,Clothing,Accessories,UrbanEdge,452.57,336.63,S0074
P002968,Involve Shoes,Clothing,Shoes,Apex,1348.74,957.97,S0371
P002969,Have Headphones,Electronics,Headphones,Vertex,509.89,402.11,S0265
P002970,Region Tablet,Electronics,Tablet,EverBuy,842.3,644.68,S0270
P002971,Return Shirts,Clothing,Shirts,UrbanEdge,1007.34,852.3,S0096
P002972,If Shoes,Clothing,Shoes,UrbanEdge,172.67,125.94,S0414
P002973,Job Appliances,Home,Appliances,PrimeGoods,266.92,170.75,S0367
P002974,To Football,Sports,Football,NextGen,813.59,688.97,S0007
P002975,Type Tablet,Electronics,Tablet,NovaTech,1057.76,681.62,S0003
P002976,Development Trousers,Clothing,Trousers,NextGen,23.72,16.79,S0127
P002977,Something Headphones,Electronics,Headphones,Apex,1407.72,907.84,S0026
P002978,Stock Outdoor,Sports,Outdoor,Apex,1201.59,963.43,S0334
P002979,Friend Fiction,Books,Fiction,GlobalMart,324.36,234.38,S0140
P002980,Imagine Shirts,Clothing,Shirts,PrimeGoods,359.36,249.94,S0077
P002981,Available Lighting,Home,Lighting,UrbanEdge,1016.63,844.31,S0175
P002982,Care Football,Sports,Football,GlobalMart,674.53,577.22,S0220
P002983,You Accessories,Clothing,Accessories,Vertex,432.35,257.82,S0419
P002984,Doctor Accessories,Clothing,Accessories,NovaTech,480.26,366.37,S0062
P002985,Tax Running,Sports,Running,UrbanEdge,907.36,585.24,S0241
P002986,Tv Fitness,Sports,Fitness,NextGen,430.39,288.12,S0076
P002987,Region Accessories,Clothing,Accessories,NextGen,423.69,344.94,S0413
P002988,Wide Education,Books,Education,EverBuy,103.31,81.77,S0469
P002989,Treat Fitness,Sports,Fitness,NovaTech,304.43,209.07,S0098
P002990,Argue Business,Books,Business,PrimeGoods,664.14,522.16,S0044
P002991,Tonight Shoes,Clothing,Shoes,NovaTech,607.11,351.14,S0063
P002992,Store Jackets,Clothing,Jackets,Apex,1583.29,884.17,S0392
P002993,Measure Appliances,Home,Appliances,EverBuy,984.76,686.09,S0431
P002994,Before Shirts,Clothing,Shirts,UrbanEdge,1146.38,685.34,S0476
P002995,Wish Kitchen,Home,Kitchen,NovaTech,1021.66,840.29,S0040
P002996,Use Trousers,Clothing,Trousers,Apex,1369.02,928.94,S0261
P002997,Push Business,Books,Business,UrbanEdge,446.41,308.35,S0398
P002998,Treat Cricket,Sports,Cricket,EverBuy,774.41,592.5,S0297
P002999,Where Football,Sports,Football,PrimeGoods,304.17,206.31,S0251
P003000,Deal Outdoor,Sports,Outdoor,UrbanEdge,165.66,101.86,S0146
P003001,Yard Monitor,Electronics,Monitor,PrimeGoods,1242.43,924.35,S0268
P003002,Difficult Shirts,Clothing,Shirts,Vertex,730.4,508.49,S0184
P003003,Improve Monitor,Electronics,Monitor,EverBuy,1030.87,724.25,S0227
P003004,Blue Shoes,Clothing,Shoes,PrimeGoods,478.78,283.28,S0304
P003005,Instead Technology,Books,Technology,EverBuy,371.04,305.65,S0147
P003006,Himself Furniture,Home,Furniture,PrimeGoods,751.7,551.46,S0412
P003007,Ok Running,Sports,Running,Apex,1403.2,923.82,S0119
P003008,Claim Jackets,Clothing,Jackets,Apex,1394.31,826.66,S0331
P003009,Already Trousers,Clothing,Trousers,PrimeGoods,252.21,156.78,S0136
P003010,Test Tablet,Electronics,Tablet,UrbanEdge,432.72,296.15,S0197
P003011,Product Trousers,Clothing,Trousers,GlobalMart,1042.27,785.34,S0415
P003012,They Running,Sports,Running,NovaTech,1182.97,786.43,S0050
P003013,None Technology,Books,Technology,Vertex,606.15,383.68,S0272
P003014,Will Fiction,Books,Fiction,Apex,790.19,550.64,S0206
P003015,Station Lighting,Home,Lighting,NextGen,1207.42,695.62,S0197
P003016,Phone Running,Sports,Running,NovaTech,1174.86,851.35,S0280
P003017,Draw Accessories,Clothing,Accessories,UrbanEdge,195.16,126.1,S0121
P003018,American Shoes,Clothing,Shoes,NovaTech,854.81,738.93,S0149
P003019,Save Trousers,Clothing,Trousers,UrbanEdge,494.75,373.62,S0333
P003020,Number Jackets,Clothing,Jackets,EverBuy,846.05,731.17,S0056
P003021,Itself Shirts,Clothing,Shirts,Apex,939.36,790.06,S0232
P003022,Civil Decor,Home,Decor,UrbanEdge,1127.26,650.82,S0308
P003023,Grow Shirts,Clothing,Shirts,Apex,1050.35,906.01,S0017
P003024,See Fiction,Books,Fiction,NovaTech,861.37,512.74,S0133
P003025,Some Business,Books,Business,Vertex,331.1,246.22,S0391
P003026,Sometimes Jackets,Clothing,Jackets,PrimeGoods,938.51,676.11,S0346
P003027,Share Smartphone,Electronics,Smartphone,NovaTech,258.34,168.42,S0088
P003028,Finally Accessories,Clothing,Accessories,NovaTech,1028.39,807.7,S0344
P003029,Public Smartphone,Electronics,Smartphone,Vertex,423.17,276.97,S0350
P003030,His Monitor,Electronics,Monitor,NovaTech,388.8,251.04,S0070
P003031,Break Outdoor,Sports,Outdoor,EverBuy,225.2,148.27,S0083
P003032,Way Education,Books,Education,EverBuy,876.31,515.37,S0184
P003033,Happy Outdoor,Sports,Outdoor,EverBuy,756.85,442.43,S0324
P003034,Development Trousers,Clothing,Trousers,Vertex,703.68,525.53,S0111
P003035,Take Lighting,Home,Lighting,UrbanEdge,212.6,154.84,S0458
P003036,Yes Trousers,Clothing,Trousers,EverBuy,1156.15,866.02,S0412
P003037,Professional Business,Books,Business,NovaTech,1467.11,846.69,S0083
P003038,Turn Cricket,Sports,Cricket,NovaTech,131.24,113.71,S0109
P003039,Pretty Furniture,Home,Furniture,Apex,1016.49,871.89,S0359
P003040,Plan Laptop,Electronics,Laptop,Apex,513.41,396.24,S0423
P003041,Her Football,Sports,Football,Vertex,795.89,637.44,S0126
P003042,South Education,Books,Education,Vertex,365.18,211.08,S0229
P003043,Year Fitness,Sports,Fitness,UrbanEdge,905.23,555.44,S0015
P003044,Worker Smartphone,Electronics,Smartphone,NovaTech,268.67,198.8,S0468
P003045,Ask Football,Sports,Football,Vertex,608.75,415.9,S0399
P003046,Beat Jackets,Clothing,Jackets,GlobalMart,380.76,273.42,S0121
P003047,Site Outdoor,Sports,Outdoor,GlobalMart,763.69,549.39,S0449
P003048,Space Cricket,Sports,Cricket,UrbanEdge,1155.61,841.5,S0067
P003049,Entire Shoes,Clothing,Shoes,Vertex,704.62,512.48,S0008
P003050,Break Decor,Home,Decor,UrbanEdge,756.75,640.72,S0250
P003051,Face Accessories,Clothing,Accessories,NovaTech,656.47,388.74,S0021
P003052,Federal Technology,Books,Technology,PrimeGoods,600.35,363.0,S0426
P003053,Knowledge Monitor,Electronics,Monitor,PrimeGoods,121.46,69.5,S0222
P003054,Issue Education,Books,Education,PrimeGoods,52.97,41.81,S0342
P003055,Coach Shoes,Clothing,Shoes,UrbanEdge,899.76,759.3,S0258
P003056,Event Furniture,Home,Furniture,NovaTech,627.58,397.63,S0192
P003057,Us Tablet,Electronics,Tablet,UrbanEdge,1400.98,844.74,S0240
P003058,Knowledge Education,Books,Education,Vertex,1140.64,896.72,S0110
P003059,Artist Jackets,Clothing,Jackets,UrbanEdge,1399.17,818.9,S0469
P003060,Simple Shoes,Clothing,Shoes,Apex,1179.8,792.09,S0033
P003061,Coach Headphones,Electronics,Headphones,EverBuy,1350.93,818.14,S0178
P003062,Western Appliances,Home,Appliances,UrbanEdge,1151.71,926.5,S0337
P003063,Single Outdoor,Sports,Outdoor,UrbanEdge,194.71,127.58,S0043
P003064,Dog Outdoor,Sports,Outdoor,Vertex,1290.47,876.12,S0093
P003065,Pull Shoes,Clothing,Shoes,NextGen,155.8,95.76,S0077
P003066,Manage Accessories,Clothing,Accessories,Apex,210.36,138.02,S0046
P003067,Either Football,Sports,Football,NextGen,1088.2,800.55,S0104
P003068,Next Education,Books,Education,EverBuy,197.98,120.82,S0288
P003069,Base Education,Books,Education,Apex,904.4,696.44,S0148
P003070,Nearly Comics,Books,Comics,Apex,689.93,410.77,S0036
P003071,Congress Technology,Books,Technology,UrbanEdge,38.77,32.12,S0034
P003072,Week Shoes,Clothing,Shoes,NextGen,1349.34,965.19,S0330
P003073,Make Business,Books,Business,GlobalMart,1049.7,863.6,S0125
P003074,Tend Shirts,Clothing,Shirts,Apex,459.34,314.49,S0413
P003075,Have Cricket,Sports,Cricket,UrbanEdge,881.26,690.1,S0143
P003076,Evening Laptop,Electronics,Laptop,UrbanEdge,646.41,425.47,S0202
P003077,Suddenly Business,Books,Business,UrbanEdge,1274.32,708.85,S0106
P003078,Career Outdoor,Sports,Outdoor,NextGen,1063.94,740.13,S0366
P003079,Box Outdoor,Sports,Outdoor,Apex,1128.6,901.53,S0029
P003080,Camera Technology,Books,Technology,Apex,136.9,110.9,S0005
P003081,My Outdoor,Sports,Outdoor,Vertex,296.93,175.58,S0283
P003082,Mention Furniture,Home,Furniture,NextGen,1218.02,739.61,S0215
P003083,Be Cricket,Sports,Cricket,GlobalMart,998.99,811.59,S0449
P003084,Fear Monitor,Electronics,Monitor,Apex,515.06,328.58,S0126
P003085,Like Cricket,Sports,Cricket,PrimeGoods,1038.31,624.16,S0070
P003086,Bring Fitness,Sports,Fitness,Vertex,408.64,326.25,S0060
P003087,For Fitness,Sports,Fitness,UrbanEdge,1142.37,812.23,S0417
P003088,Loss Lighting,Home,Lighting,PrimeGoods,328.35,269.76,S0386
P003089,All Outdoor,Sports,Outdoor,NextGen,1211.3,803.72,S0121
P003090,Lot Football,Sports,Football,GlobalMart,401.85,236.21,S0294
P003091,Easy Appliances,Home,Appliances,EverBuy,1181.45,682.68,S0093
P003092,Color Technology,Books,Technology,GlobalMart,1249.2,742.08,S0205
P003093,Window Kitchen,Home,Kitchen,Vertex,1396.95,827.06,S0487
P003094,Yourself Running,Sports,Running,UrbanEdge,353.63,298.3,S0148
P003095,Wide Business,Books,Business,Apex,1091.21,657.04,S0310
P003096,Discover Fiction,Books,Fiction,Vertex,587.41,337.51,S0137
P003097,Letter Business,Books,Business,PrimeGoods,1268.58,737.1,S0067
P003098,Do Monitor,Electronics,Monitor,NovaTech,914.04,762.33,S0218
P003099,My Lighting,Home,Lighting,Apex,739.1,463.98,S0354
P003100,Nice Kitchen,Home,Kitchen,UrbanEdge,258.45,152.6,S0465
P003101,Method Tablet,Electronics,Tablet,PrimeGoods,225.61,133.09,S0347
P003102,Bad Headphones,Electronics,Headphones,PrimeGoods,615.1,348.6,S0158
P003103,Go Smartphone,Electronics,Smartphone,Apex,483.48,357.45,S0466
P003104,Guess Business,Books,Business,EverBuy,1648.45,927.68,S0261
P003105,Suffer Fitness,Sports,Fitness,Apex,553.95,312.45,S0310
P003106,Happy Decor,Home,Decor,Vertex,1089.3,755.56,S0370
P003107,Ok Jackets,Clothing,Jackets,EverBuy,499.17,283.07,S0329
P003108,It Lighting,Home,Lighting,UrbanEdge,870.72,572.5,S0423
P003109,Poor Accessories,Clothing,Accessories,UrbanEdge,1534.81,978.68,S0043
P003110,Happy Lighting,Home,Lighting,EverBuy,1143.1,788.95,S0453
P003111,Blue Shoes,Clothing,Shoes,UrbanEdge,1309.71,750.6,S0465
P003112,Certainly Comics,Books,Comics,NextGen,212.33,123.15,S0372
P003113,Enjoy Furniture,Home,Furniture,EverBuy,591.37,511.74,S0036
P003114,Week Cricket,Sports,Cricket,EverBuy,1002.02,625.92,S0358
P003115,Garden Monitor,Electronics,Monitor,NextGen,761.5,459.56,S0204
P003116,Either Cricket,Sports,Cricket,NovaTech,670.24,536.02,S0358
P003117,Half Monitor,Electronics,Monitor,NextGen,1090.77,823.13,S0103
P003118,Couple Lighting,Home,Lighting,Apex,560.02,420.86,S0361
P003119,Center Shirts,Clothing,Shirts,PrimeGoods,247.82,154.13,S0298
P003120,After Furniture,Home,Furniture,EverBuy,320.61,192.95,S0109
P003121,Group Appliances,Home,Appliances,Vertex,914.59,656.52,S0487
P003122,Make Technology,Books,Technology,PrimeGoods,381.99,228.01,S0173
P003123,Under Tablet,Electronics,Tablet,PrimeGoods,728.98,419.53,S0136
P003124,One Laptop,Electronics,Laptop,PrimeGoods,818.67,533.38,S0031
P003125,Country Fiction,Books,Fiction,PrimeGoods,103.28,71.14,S0253
P003126,Wind Tablet,Electronics,Tablet,UrbanEdge,1024.77,651.49,S0172
P003127,Able Smartphone,Electronics,Smartphone,EverBuy,577.63,472.26,S0175
P003128,Draw Lighting,Home,Lighting,GlobalMart,292.64,227.76,S0496
P003129,Experience Accessories,Clothing,Accessories,Apex,895.74,521.57,S0391
P003130,Administration Laptop,Electronics,Laptop,NextGen,646.7,543.69,S0481
P003131,Life Comics,Books,Comics,UrbanEdge,1550.59,885.87,S0464
P003132,Trip Outdoor,Sports,Outdoor,Vertex,1651.46,978.29,S0464
P003133,Commercial Technology,Books,Technology,NovaTech,416.86,303.73,S0109
P003134,Politics Appliances,Home,Appliances,UrbanEdge,414.98,311.16,S0125
P003135,Foreign Trousers,Clothing,Trousers,PrimeGoods,936.03,811.14,S0415
P003136,Water Technology,Books,Technology,NovaTech,612.61,350.16,S0326
P003137,Interesting Football,Sports,Football,GlobalMart,74.88,52.15,S0324
P003138,Grow Appliances,Home,Appliances,Apex,701.17,428.55,S0352
P003139,Game Jackets,Clothing,Jackets,NextGen,437.97,297.32,S0452
P003140,Full Jackets,Clothing,Jackets,NovaTech,1219.65,816.85,S0140
P003141,True Shoes,Clothing,Shoes,Vertex,326.76,277.87,S0476
P003142,Student Trousers,Clothing,Trousers,NovaTech,1315.51,919.39,S0216
P003143,Camera Appliances,Home,Appliances,Vertex,276.72,171.72,S0496
P003144,Resource Comics,Books,Comics,GlobalMart,157.3,104.09,S0468
P003145,Big Technology,Books,Technology,PrimeGoods,606.46,360.98,S0144
P003146,Medical Business,Books,Business,Apex,1144.5,925.0,S0311
P003147,Ago Smartphone,Electronics,Smartphone,Vertex,309.46,251.62,S0035
P003148,Pick Comics,Books,Comics,PrimeGoods,815.74,550.2,S0085
P003149,Born Shoes,Clothing,Shoes,NovaTech,145.42,87.64,S0380
P003150,International Jackets,Clothing,Jackets,GlobalMart,710.54,536.31,S0400
P003151,Brother Kitchen,Home,Kitchen,GlobalMart,927.27,547.85,S0242
P003152,Ago Cricket,Sports,Cricket,PrimeGoods,1159.44,789.77,S0182
P003153,Listen Cricket,Sports,Cricket,GlobalMart,1344.22,785.27,S0125
P003154,Everything Fitness,Sports,Fitness,Apex,500.79,432.54,S0469
P003155,See Furniture,Home,Furniture,NextGen,449.05,329.58,S0211
P003156,Statement Accessories,Clothing,Accessories,NovaTech,1656.94,976.29,S0391
P003157,Represent Shoes,Clothing,Shoes,EverBuy,1267.82,706.89,S0426
P003158,Politics Education,Books,Education,UrbanEdge,76.34,65.79,S0427
P003159,Right Comics,Books,Comics,NextGen,347.2,272.23,S0315
P003160,Whatever Appliances,Home,Appliances,UrbanEdge,971.35,753.13,S0006
P003161,Heavy Cricket,Sports,Cricket,Apex,778.98,553.77,S0385
P003162,Environmental Education,Books,Education,GlobalMart,1108.52,916.2,S0029
P003163,Food Comics,Books,Comics,EverBuy,1175.9,964.06,S0377
P003164,Administration Appliances,Home,Appliances,NovaTech,773.09,528.04,S0093
P003165,Center Furniture,Home,Furniture,Apex,1409.64,855.22,S0268
P003166,Player Kitchen,Home,Kitchen,NextGen,831.98,470.91,S0091
P003167,Through Appliances,Home,Appliances,Vertex,384.03,217.9,S0285
P003168,Energy Trousers,Clothing,Trousers,Apex,68.34,55.14,S0120
P003169,Spend Tablet,Electronics,Tablet,UrbanEdge,876.37,547.96,S0263
P003170,Our Monitor,Electronics,Monitor,EverBuy,494.44,418.35,S0087
P003171,Several Cricket,Sports,Cricket,Vertex,212.39,180.71,S0288
P003172,Technology Decor,Home,Decor,NovaTech,1180.47,996.5,S0463
P003173,Value Outdoor,Sports,Outdoor,NextGen,1205.22,843.48,S0242
P003174,Evidence Monitor,Electronics,Monitor,Apex,1434.95,804.79,S0230
P003175,Human Shoes,Clothing,Shoes,GlobalMart,1605.76,957.04,S0485
P003176,Likely Laptop,Electronics,Laptop,Apex,24.33,15.21,S0106
P003177,Occur Lighting,Home,Lighting,Vertex,893.32,752.94,S0279
P003178,Author Jackets,Clothing,Jackets,Apex,1106.06,809.72,S0269
P003179,Thank Smartphone,Electronics,Smartphone,GlobalMart,376.45,290.41,S0180
P003180,Assume Fiction,Books,Fiction,NovaTech,314.59,225.24,S0388
P003181,Game Monitor,Electronics,Monitor,GlobalMart,611.9,472.43,S0122
P003182,Old Shirts,Clothing,Shirts,PrimeGoods,663.24,393.33,S0205
P003183,Their Decor,Home,Decor,Apex,289.65,248.01,S0343
P003184,Enjoy Fitness,Sports,Fitness,GlobalMart,228.99,189.79,S0062
P003185,Write Smartphone,Electronics,Smartphone,NovaTech,170.88,122.04,S0475
P003186,Herself Business,Books,Business,NovaTech,1405.19,959.71,S0475
P003187,Behavior Smartphone,Electronics,Smartphone,NextGen,304.43,228.54,S0065
P003188,Challenge Running,Sports,Running,Apex,907.65,592.84,S0065
P003189,Forget Football,Sports,Football,Apex,459.17,259.79,S0232
P003190,Exist Jackets,Clothing,Jackets,NextGen,862.43,698.23,S0015
P003191,Parent Fiction,Books,Fiction,NextGen,717.62,435.15,S0074
P003192,Walk Tablet,Electronics,Tablet,Apex,491.72,305.52,S0256
P003193,Door Shirts,Clothing,Shirts,GlobalMart,1160.08,651.39,S0310
P003194,Policy Fiction,Books,Fiction,EverBuy,285.28,212.48,S0053
P003195,Whatever Fitness,Sports,Fitness,UrbanEdge,1061.71,615.19,S0418
P003196,Explain Headphones,Electronics,Headphones,NovaTech,183.5,126.42,S0255
P003197,Education Trousers,Clothing,Trousers,UrbanEdge,202.18,168.44,S0421
P003198,Raise Headphones,Electronics,Headphones,PrimeGoods,1338.62,901.9,S0265
P003199,Evening Headphones,Electronics,Headphones,EverBuy,175.35,117.26,S0452
P003200,Expect Jackets,Clothing,Jackets,Vertex,836.61,592.76,S0168
P003201,Reveal Laptop,Electronics,Laptop,Apex,141.21,86.58,S0104
P003202,Though Headphones,Electronics,Headphones,NovaTech,1003.7,727.88,S0020
P003203,Son Tablet,Electronics,Tablet,PrimeGoods,417.22,272.35,S0318
P003204,Center Education,Books,Education,NovaTech,1273.21,734.87,S0491
P003205,Worry Kitchen,Home,Kitchen,UrbanEdge,1205.09,737.61,S0334
P003206,Argue Monitor,Electronics,Monitor,Vertex,228.84,182.39,S0340
P003207,Suddenly Jackets,Clothing,Jackets,NovaTech,594.58,359.28,S0148
P003208,Actually Technology,Books,Technology,GlobalMart,101.87,69.1,S0268
P003209,Set Education,Books,Education,Apex,640.77,485.13,S0289
P003210,Responsibility Shirts,Clothing,Shirts,GlobalMart,1050.34,683.74,S0215
P003211,Capital Laptop,Electronics,Laptop,UrbanEdge,611.5,399.89,S0376
P003212,Scientist Smartphone,Electronics,Smartphone,NextGen,55.12,33.35,S0116
P003213,Born Accessories,Clothing,Accessories,PrimeGoods,451.53,252.32,S0280
P003214,Break Smartphone,Electronics,Smartphone,PrimeGoods,1080.17,645.35,S0025
P003215,International Comics,Books,Comics,UrbanEdge,963.06,772.85,S0496
P003216,Best Shoes,Clothing,Shoes,GlobalMart,1409.67,932.26,S0365
P003217,Human Technology,Books,Technology,EverBuy,790.08,615.45,S0270
P003218,Right Running,Sports,Running,NextGen,229.68,158.26,S0400
P003219,Western Accessories,Clothing,Accessories,NovaTech,1253.95,781.42,S0235
P003220,Make Running,Sports,Running,EverBuy,1116.08,831.04,S0333
P003221,Power Trousers,Clothing,Trousers,EverBuy,293.42,210.0,S0181
P003222,Technology Trousers,Clothing,Trousers,Apex,1400.34,973.46,S0322
P003223,Commercial Business,Books,Business,NextGen,1213.33,840.81,S0323
P003224,Money Jackets,Clothing,Jackets,Vertex,900.65,608.66,S0293
P003225,Ask Furniture,Home,Furniture,PrimeGoods,316.8,208.35,S0214
P003226,Difficult Decor,Home,Decor,GlobalMart,53.51,35.4,S0282
P003227,Hit Laptop,Electronics,Laptop,GlobalMart,432.95,294.09,S0065
P003228,Leg Kitchen,Home,Kitchen,NovaTech,717.72,507.28,S0209
P003229,Bill Smartphone,Electronics,Smartphone,PrimeGoods,257.9,184.83,S0304
P003230,Senior Football,Sports,Football,Vertex,171.41,116.17,S0021
P003231,Marriage Football,Sports,Football,NextGen,1177.01,915.25,S0093
P003232,Would Technology,Books,Technology,NextGen,501.41,323.09,S0350
P003233,Travel Technology,Books,Technology,Apex,481.12,358.75,S0370
P003234,Beyond Tablet,Electronics,Tablet,GlobalMart,1017.99,773.18,S0109
P003235,Across Decor,Home,Decor,PrimeGoods,956.48,699.07,S0195
P003236,Media Laptop,Electronics,Laptop,Apex,1311.12,808.94,S0493
P003237,Rise Running,Sports,Running,UrbanEdge,1001.27,775.49,S0355
P003238,Federal Fitness,Sports,Fitness,Apex,1151.34,705.15,S0333
P003239,Matter Decor,Home,Decor,NovaTech,201.3,172.59,S0392
P003240,Strategy Shirts,Clothing,Shirts,Vertex,933.41,623.65,S0241
P003241,Husband Technology,Books,Technology,PrimeGoods,805.01,462.37,S0005
P003242,Color Technology,Books,Technology,UrbanEdge,291.17,250.41,S0044
P003243,Through Furniture,Home,Furniture,Apex,758.34,505.7,S0036
P003244,Black Business,Books,Business,Vertex,584.0,426.8,S0229
P003245,Forget Laptop,Electronics,Laptop,NextGen,619.58,349.96,S0230
P003246,Home Technology,Books,Technology,UrbanEdge,790.71,474.52,S0061
P003247,In Football,Sports,Football,Vertex,822.38,690.4,S0355
P003248,North Education,Books,Education,EverBuy,1583.08,881.0,S0453
P003249,Data Comics,Books,Comics,PrimeGoods,1152.86,892.54,S0317
P003250,Say Kitchen,Home,Kitchen,Vertex,1249.65,738.52,S0106
P003251,Tax Monitor,Electronics,Monitor,NextGen,696.98,443.08,S0417
P003252,Early Running,Sports,Running,NextGen,1102.69,884.77,S0401
P003253,Hand Trousers,Clothing,Trousers,PrimeGoods,795.64,523.76,S0262
P003254,Indicate Outdoor,Sports,Outdoor,Apex,241.87,145.52,S0251
P003255,Hard Laptop,Electronics,Laptop,Vertex,1029.7,622.46,S0387
P003256,Quality Shoes,Clothing,Shoes,GlobalMart,1087.85,885.56,S0496
P003257,Mr Running,Sports,Running,GlobalMart,1589.18,904.18,S0086
P003258,Young Furniture,Home,Furniture,Apex,1185.61,952.12,S0074
P003259,Sing Tablet,Electronics,Tablet,PrimeGoods,337.43,222.82,S0189
P003260,Keep Shoes,Clothing,Shoes,Vertex,605.17,429.16,S0325
P003261,Side Shoes,Clothing,Shoes,EverBuy,445.21,381.47,S0421
P003262,Republican Jackets,Clothing,Jackets,Apex,229.88,140.58,S0354
P003263,Opportunity Technology,Books,Technology,NovaTech,505.55,393.95,S0243
P003264,Compare Technology,Books,Technology,UrbanEdge,705.62,586.44,S0166
P003265,Various Fiction,Books,Fiction,PrimeGoods,340.32,238.47,S0280
P003266,Degree Jackets,Clothing,Jackets,GlobalMart,210.51,120.15,S0483
P003267,His Fiction,Books,Fiction,Vertex,86.19,59.37,S0167
P003268,Player Jackets,Clothing,Jackets,UrbanEdge,1086.47,729.7,S0250
P003269,Plan Football,Sports,Football,NextGen,1769.79,989.51,S0135
P003270,Wife Smartphone,Electronics,Smartphone,Apex,873.31,592.93,S0299
P003271,Run Smartphone,Electronics,Smartphone,EverBuy,693.73,518.15,S0452
P003272,Blue Tablet,Electronics,Tablet,UrbanEdge,264.07,187.25,S0005
P003273,Owner Running,Sports,Running,Vertex,1383.09,837.42,S0327
P003274,Girl Education,Books,Education,Apex,314.65,253.91,S0449
P003275,Avoid Comics,Books,Comics,GlobalMart,825.15,464.18,S0384
P003276,Republican Tablet,Electronics,Tablet,NovaTech,698.8,543.33,S0288
P003277,Kind Appliances,Home,Appliances,GlobalMart,831.21,529.59,S0321
P003278,Important Shoes,Clothing,Shoes,NextGen,269.22,177.03,S0310
P003279,Later Technology,Books,Technology,Vertex,1131.48,807.53,S0382
P003280,Recently Outdoor,Sports,Outdoor,NovaTech,1047.7,599.69,S0111
P003281,Age Decor,Home,Decor,PrimeGoods,811.29,672.42,S0339
P003282,Too Shirts,Clothing,Shirts,NextGen,348.01,217.67,S0071
P003283,Left Education,Books,Education,UrbanEdge,639.79,490.24,S0435
P003284,Huge Trousers,Clothing,Trousers,GlobalMart,765.95,514.72,S0227
P003285,Various Lighting,Home,Lighting,NovaTech,586.94,457.89,S0411
P003286,Power Furniture,Home,Furniture,PrimeGoods,1571.8,986.7,S0102
P003287,Sound Football,Sports,Football,GlobalMart,219.58,150.22,S0119
P003288,Through Fitness,Sports,Fitness,NextGen,131.3,83.33,S0141
P003289,Now Technology,Books,Technology,GlobalMart,984.08,807.8,S0222
P003290,Page Laptop,Electronics,Laptop,UrbanEdge,184.92,110.98,S0379
P003291,Program Lighting,Home,Lighting,GlobalMart,50.95,33.2,S0085
P003292,Although Technology,Books,Technology,PrimeGoods,205.34,117.26,S0118
P003293,Full Football,Sports,Football,UrbanEdge,288.16,171.26,S0052
P003294,Boy Fitness,Sports,Fitness,UrbanEdge,1521.03,934.82,S0323
P003295,Need Lighting,Home,Lighting,Apex,1264.04,781.55,S0031
P003296,Blue Outdoor,Sports,Outdoor,EverBuy,675.49,540.41,S0326
P003297,National Furniture,Home,Furniture,NovaTech,1486.87,909.77,S0172
P003298,Both Fitness,Sports,Fitness,GlobalMart,400.24,322.39,S0215
P003299,Great Laptop,Electronics,Laptop,Vertex,1180.15,907.56,S0136
P003300,Threat Lighting,Home,Lighting,Apex,1321.38,936.76,S0298
P003301,Lawyer Cricket,Sports,Cricket,UrbanEdge,1356.7,854.8,S0207
P003302,Improve Fiction,Books,Fiction,GlobalMart,1161.95,720.36,S0139
P003303,Now Lighting,Home,Lighting,EverBuy,702.79,460.1,S0476
P003304,Around Football,Sports,Football,PrimeGoods,584.78,339.38,S0103
P003305,Question Laptop,Electronics,Laptop,GlobalMart,412.01,237.16,S0188
P003306,Full Education,Books,Education,NextGen,997.62,611.99,S0415
P003307,Yet Furniture,Home,Furniture,Apex,1426.67,814.02,S0389
P003308,Wear Decor,Home,Decor,PrimeGoods,826.9,482.58,S0427
P003309,Remember Technology,Books,Technology,Vertex,1317.93,764.45,S0245
P003310,Weight Football,Sports,Football,Vertex,607.5,364.22,S0176
P003311,Certain Appliances,Home,Appliances,Vertex,578.03,358.73,S0482
P003312,Event Trousers,Clothing,Trousers,EverBuy,970.16,644.81,S0313
P003313,Player Lighting,Home,Lighting,UrbanEdge,1041.64,683.34,S0489
P003314,Standard Smartphone,Electronics,Smartphone,NovaTech,1057.54,704.4,S0258
P003315,Theory Laptop,Electronics,Laptop,GlobalMart,131.58,113.32,S0044
P003316,Prepare Fitness,Sports,Fitness,Apex,1048.25,873.53,S0026
P003317,Until Laptop,Electronics,Laptop,Vertex,49.64,30.07,S0140
P003318,To Comics,Books,Comics,NextGen,896.36,565.5,S0455
P003319,True Comics,Books,Comics,UrbanEdge,334.99,197.32,S0478
P003320,Argue Cricket,Sports,Cricket,EverBuy,1382.12,849.22,S0071
P003321,Least Tablet,Electronics,Tablet,NovaTech,1119.75,763.65,S0418
P003322,Full Trousers,Clothing,Trousers,GlobalMart,1267.72,892.83,S0057
P003323,Doctor Tablet,Electronics,Tablet,NovaTech,81.95,56.06,S0214
P003324,Ever Fiction,Books,Fiction,PrimeGoods,1054.01,782.48,S0024
P003325,This Shoes,Clothing,Shoes,NextGen,812.0,623.07,S0393
P003326,Son Cricket,Sports,Cricket,Vertex,449.04,377.36,S0389
P003327,Imagine Laptop,Electronics,Laptop,UrbanEdge,1166.95,698.99,S0208
P003328,Soldier Outdoor,Sports,Outdoor,NovaTech,267.86,167.32,S0209
P003329,Happy Headphones,Electronics,Headphones,Apex,1530.23,981.91,S0350
P003330,Word Fitness,Sports,Fitness,UrbanEdge,1316.66,906.06,S0173
P003331,Put Running,Sports,Running,EverBuy,381.55,280.29,S0400
P003332,Threat Headphones,Electronics,Headphones,NextGen,1124.35,718.62,S0461
P003333,North Running,Sports,Running,GlobalMart,453.01,288.93,S0443
P003334,Dinner Jackets,Clothing,Jackets,Vertex,1200.81,911.73,S0095
P003335,That Monitor,Electronics,Monitor,PrimeGoods,903.9,726.6,S0331
P003336,Protect Decor,Home,Decor,UrbanEdge,762.5,443.16,S0155
P003337,High Appliances,Home,Appliances,Vertex,1139.57,702.79,S0057
P003338,Various Education,Books,Education,UrbanEdge,532.97,334.41,S0123
P003339,Design Headphones,Electronics,Headphones,NextGen,618.97,448.73,S0035
P003340,Chair Fiction,Books,Fiction,NextGen,1350.13,778.89,S0228
P003341,Item Outdoor,Sports,Outdoor,NextGen,157.22,128.89,S0105
P003342,Billion Tablet,Electronics,Tablet,UrbanEdge,455.29,364.58,S0191
P003343,Building Furniture,Home,Furniture,NovaTech,1072.42,900.44,S0302
P003344,Assume Shirts,Clothing,Shirts,NovaTech,375.71,237.01,S0444
P003345,Relate Football,Sports,Football,NovaTech,938.44,742.13,S0252
P003346,Plan Tablet,Electronics,Tablet,UrbanEdge,680.4,447.4,S0248
P003347,Power Comics,Books,Comics,PrimeGoods,100.45,64.35,S0238
P003348,Ball Shirts,Clothing,Shirts,Vertex,849.77,671.14,S0301
P003349,His Fitness,Sports,Fitness,NextGen,1084.43,709.44,S0259
P003350,Season Monitor,Electronics,Monitor,NextGen,452.96,271.27,S0415
P003351,Moment Running,Sports,Running,PrimeGoods,351.49,250.25,S0403
P003352,Factor Outdoor,Sports,Outdoor,PrimeGoods,476.13,344.66,S0462
P003353,Program Cricket,Sports,Cricket,GlobalMart,289.3,171.22,S0278
P003354,Third Fitness,Sports,Fitness,NovaTech,705.51,500.82,S0444
P003355,Example Education,Books,Education,UrbanEdge,111.83,87.72,S0079
P003356,Be Fitness,Sports,Fitness,GlobalMart,1399.3,963.37,S0232
P003357,Travel Technology,Books,Technology,Vertex,984.2,639.2,S0372
P003358,Cell Kitchen,Home,Kitchen,Vertex,393.94,223.56,S0463
P003359,Though Tablet,Electronics,Tablet,Apex,458.98,394.27,S0078
P003360,Something Laptop,Electronics,Laptop,NovaTech,253.28,187.87,S0140
P003361,Cold Running,Sports,Running,Vertex,1383.96,837.87,S0404
P003362,Decision Kitchen,Home,Kitchen,UrbanEdge,335.21,210.53,S0148
P003363,Part Football,Sports,Football,GlobalMart,1171.01,664.4,S0397
P003364,Huge Fitness,Sports,Fitness,UrbanEdge,645.48,539.29,S0380
P003365,Me Decor,Home,Decor,GlobalMart,612.13,426.64,S0102
P003366,Alone Appliances,Home,Appliances,UrbanEdge,951.98,674.85,S0151
P003367,Despite Running,Sports,Running,NextGen,645.72,513.89,S0095
P003368,Investment Comics,Books,Comics,UrbanEdge,984.3,763.77,S0232
P003369,Party Headphones,Electronics,Headphones,UrbanEdge,1544.13,864.02,S0197
P003370,Imagine Laptop,Electronics,Laptop,UrbanEdge,581.85,368.33,S0240
P003371,Our Jackets,Clothing,Jackets,UrbanEdge,208.95,180.81,S0472
P003372,Relate Trousers,Clothing,Trousers,UrbanEdge,864.52,724.31,S0274
P003373,Partner Running,Sports,Running,GlobalMart,604.78,437.81,S0151
P003374,Must Jackets,Clothing,Jackets,NovaTech,1530.01,883.6,S0048
P003375,Matter Education,Books,Education,GlobalMart,706.07,424.19,S0264
P003376,Require Furniture,Home,Furniture,GlobalMart,121.97,95.91,S0497
P003377,Learn Laptop,Electronics,Laptop,NextGen,1611.11,985.22,S0059
P003378,When Smartphone,Electronics,Smartphone,EverBuy,481.29,405.2,S0364
P003379,Physical Running,Sports,Running,EverBuy,955.23,573.37,S0493
P003380,Base Accessories,Clothing,Accessories,PrimeGoods,1346.17,795.9,S0118
P003381,Beautiful Tablet,Electronics,Tablet,EverBuy,187.54,109.49,S0496
P003382,Store Laptop,Electronics,Laptop,UrbanEdge,1232.52,780.55,S0150
P003383,Evidence Decor,Home,Decor,UrbanEdge,35.11,21.55,S0073
P003384,Story Fitness,Sports,Fitness,EverBuy,1078.0,671.79,S0359
P003385,Explain Furniture,Home,Furniture,GlobalMart,1006.94,737.52,S0443
P003386,Inside Laptop,Electronics,Laptop,Apex,853.14,563.45,S0147
P003387,Strong Trousers,Clothing,Trousers,Vertex,1068.17,862.7,S0347
P003388,Available Shoes,Clothing,Shoes,EverBuy,156.47,128.34,S0401
P003389,Property Appliances,Home,Appliances,PrimeGoods,931.05,657.1,S0084
P003390,Sport Kitchen,Home,Kitchen,EverBuy,256.23,175.83,S0035
P003391,Including Lighting,Home,Lighting,UrbanEdge,903.78,732.01,S0379
P003392,Pattern Fitness,Sports,Fitness,PrimeGoods,1128.82,670.92,S0244
P003393,Suffer Fiction,Books,Fiction,UrbanEdge,540.56,359.82,S0139
P003394,Attack Outdoor,Sports,Outdoor,PrimeGoods,782.91,657.63,S0373
P003395,Whole Comics,Books,Comics,NovaTech,593.92,413.81,S0162
P003396,Various Cricket,Sports,Cricket,Vertex,1420.64,959.31,S0201
P003397,Husband Fiction,Books,Fiction,GlobalMart,858.31,741.23,S0051
P003398,Help Fiction,Books,Fiction,PrimeGoods,1150.23,821.3,S0214
P003399,Ready Fitness,Sports,Fitness,Vertex,810.83,627.7,S0249
P003400,Science Fitness,Sports,Fitness,EverBuy,742.18,508.01,S0045
P003401,Power Technology,Books,Technology,NextGen,1101.07,757.56,S0147
P003402,Lead Running,Sports,Running,EverBuy,575.47,422.23,S0190
P003403,Large Lighting,Home,Lighting,Vertex,910.81,732.22,S0436
P003404,Option Lighting,Home,Lighting,Vertex,1334.73,871.49,S0126
P003405,Line Jackets,Clothing,Jackets,EverBuy,1028.77,712.57,S0356
P003406,Stand Running,Sports,Running,PrimeGoods,1110.19,898.02,S0008
P003407,Nor Fitness,Sports,Fitness,Apex,361.08,237.51,S0420
P003408,Realize Running,Sports,Running,Vertex,1126.2,748.96,S0275
P003409,Family Shirts,Clothing,Shirts,NovaTech,987.77,686.59,S0199
P003410,Structure Technology,Books,Technology,PrimeGoods,680.85,497.79,S0217
P003411,Not Smartphone,Electronics,Smartphone,NovaTech,572.46,331.92,S0190
P003412,Director Shoes,Clothing,Shoes,GlobalMart,1126.1,877.49,S0127
P003413,Any Outdoor,Sports,Outdoor,EverBuy,276.07,230.97,S0046
P003414,Sort Technology,Books,Technology,Vertex,854.51,587.23,S0469
P003415,Field Furniture,Home,Furniture,Apex,818.86,520.06,S0384
P003416,Show Jackets,Clothing,Jackets,PrimeGoods,1245.74,748.16,S0054
P003417,Oil Headphones,Electronics,Headphones,UrbanEdge,706.83,456.4,S0342
P003418,It Monitor,Electronics,Monitor,UrbanEdge,1594.83,958.41,S0251
P003419,Five Headphones,Electronics,Headphones,NovaTech,978.4,806.61,S0240
P003420,First Accessories,Clothing,Accessories,Apex,481.0,408.65,S0229
P003421,Difference Laptop,Electronics,Laptop,Vertex,877.24,600.41,S0014
P003422,Hold Kitchen,Home,Kitchen,NovaTech,1033.58,696.36,S0011
P003423,They Cricket,Sports,Cricket,GlobalMart,186.34,136.86,S0240
P003424,Morning Monitor,Electronics,Monitor,Apex,1130.34,647.83,S0211
P003425,Major Furniture,Home,Furniture,Vertex,1384.43,887.75,S0385
P003426,Approach Smartphone,Electronics,Smartphone,NextGen,46.68,30.8,S0044
P003427,Laugh Outdoor,Sports,Outdoor,NextGen,1057.62,647.04,S0296
P003428,Believe Running,Sports,Running,Vertex,305.06,265.17,S0247
P003429,We Headphones,Electronics,Headphones,UrbanEdge,1268.38,771.92,S0097
P003430,Fly Business,Books,Business,NovaTech,74.42,45.05,S0360
P003431,Establish Comics,Books,Comics,NovaTech,476.38,265.75,S0254
P003432,Find Technology,Books,Technology,NovaTech,276.29,207.7,S0014
P003433,Operation Accessories,Clothing,Accessories,PrimeGoods,450.7,274.12,S0470
P003434,Should Outdoor,Sports,Outdoor,EverBuy,749.32,421.37,S0340
P003435,Source Trousers,Clothing,Trousers,NovaTech,1426.86,886.07,S0223
P003436,Up Laptop,Electronics,Laptop,UrbanEdge,647.66,483.77,S0098
P003437,Ability Trousers,Clothing,Trousers,EverBuy,496.62,297.07,S0471
P003438,Idea Comics,Books,Comics,Vertex,1210.49,787.06,S0257
P003439,Quite Cricket,Sports,Cricket,UrbanEdge,1143.97,992.49,S0150
P003440,Product Running,Sports,Running,UrbanEdge,1418.49,902.11,S0135
P003441,Face Fiction,Books,Fiction,EverBuy,1644.74,947.16,S0038
P003442,Step Headphones,Electronics,Headphones,EverBuy,1529.51,899.18,S0056
P003443,Score Jackets,Clothing,Jackets,UrbanEdge,861.34,540.28,S0268
P003444,Almost Furniture,Home,Furniture,PrimeGoods,276.93,191.47,S0233
P003445,Another Furniture,Home,Furniture,EverBuy,126.92,72.55,S0145
P003446,Fish Outdoor,Sports,Outdoor,NextGen,52.85,34.65,S0134
P003447,Base Technology,Books,Technology,Apex,600.78,371.82,S0346
P003448,Bill Cricket,Sports,Cricket,UrbanEdge,894.5,632.67,S0174
P003449,Will Trousers,Clothing,Trousers,EverBuy,234.82,167.77,S0421
P003450,Investment Outdoor,Sports,Outdoor,GlobalMart,1169.08,705.18,S0408
P003451,Mention Business,Books,Business,NextGen,953.18,576.13,S0097
P003452,Fly Comics,Books,Comics,PrimeGoods,345.77,206.14,S0302
P003453,Long Decor,Home,Decor,PrimeGoods,1555.84,976.17,S0457
P003454,Voice Kitchen,Home,Kitchen,UrbanEdge,522.84,383.11,S0457
P003455,Total Tablet,Electronics,Tablet,Vertex,401.6,302.47,S0480
P003456,Either Appliances,Home,Appliances,NextGen,182.27,135.81,S0040
P003457,Want Smartphone,Electronics,Smartphone,NovaTech,802.41,645.5,S0100
P003458,Keep Trousers,Clothing,Trousers,NovaTech,369.75,211.77,S0405
P003459,Watch Headphones,Electronics,Headphones,NextGen,1487.78,931.69,S0354
P003460,Chair Football,Sports,Football,NextGen,160.27,124.11,S0422
P003461,Peace Trousers,Clothing,Trousers,EverBuy,1420.13,888.25,S0131
P003462,So Smartphone,Electronics,Smartphone,EverBuy,805.59,530.6,S0096
P003463,Wait Lighting,Home,Lighting,Apex,1408.19,789.59,S0468
P003464,High Smartphone,Electronics,Smartphone,NextGen,880.48,592.53,S0026
P003465,History Kitchen,Home,Kitchen,NextGen,1262.21,769.25,S0133
P003466,Head Cricket,Sports,Cricket,PrimeGoods,371.24,315.49,S0254
P003467,Anything Furniture,Home,Furniture,NovaTech,845.35,593.1,S0315
P003468,Show Furniture,Home,Furniture,EverBuy,785.37,587.38,S0412
P003469,Right Cricket,Sports,Cricket,GlobalMart,1153.25,991.59,S0088
P003470,Two Appliances,Home,Appliances,Apex,1079.42,706.08,S0390
P003471,Consumer Smartphone,Electronics,Smartphone,GlobalMart,1251.22,869.79,S0487
P003472,City Jackets,Clothing,Jackets,Vertex,632.61,540.62,S0005
P003473,Arrive Decor,Home,Decor,Vertex,369.35,219.28,S0221
P003474,Never Appliances,Home,Appliances,NovaTech,761.09,517.71,S0488
P003475,Represent Football,Sports,Football,Apex,895.39,684.97,S0016
P003476,Strong Accessories,Clothing,Accessories,NovaTech,230.76,158.11,S0233
P003477,Decide Outdoor,Sports,Outdoor,UrbanEdge,315.4,226.19,S0284
P003478,Within Education,Books,Education,GlobalMart,256.07,216.62,S0292
P003479,Control Football,Sports,Football,NextGen,241.18,198.34,S0127
P003480,Old Outdoor,Sports,Outdoor,NextGen,216.84,126.43,S0234
P003481,Statement Technology,Books,Technology,PrimeGoods,1625.82,995.86,S0214
P003482,Run Comics,Books,Comics,PrimeGoods,1397.18,793.13,S0392
P003483,Turn Accessories,Clothing,Accessories,Apex,449.64,334.87,S0245
P003484,Movie Furniture,Home,Furniture,GlobalMart,1395.23,864.39,S0120
P003485,Hotel Business,Books,Business,Vertex,472.68,343.4,S0113
P003486,Account Furniture,Home,Furniture,GlobalMart,702.78,591.93,S0406
P003487,Break Furniture,Home,Furniture,UrbanEdge,418.26,238.95,S0410
P003488,Happy Decor,Home,Decor,NovaTech,1306.65,749.11,S0390
P003489,Issue Appliances,Home,Appliances,UrbanEdge,967.45,836.72,S0195
P003490,Full Laptop,Electronics,Laptop,Apex,409.73,265.9,S0447
P003491,Player Appliances,Home,Appliances,EverBuy,444.09,337.84,S0224
P003492,Performance Cricket,Sports,Cricket,NovaTech,1341.24,935.31,S0179
P003493,Section Business,Books,Business,NovaTech,574.0,363.95,S0492
P003494,Us Shoes,Clothing,Shoes,Apex,1256.69,747.97,S0374
P003495,Article Technology,Books,Technology,EverBuy,841.98,481.92,S0164
P003496,Wall Laptop,Electronics,Laptop,NextGen,58.03,35.09,S0388
P003497,Sell Trousers,Clothing,Trousers,NextGen,1084.15,821.37,S0450
P003498,Left Education,Books,Education,NovaTech,886.42,657.55,S0323
P003499,Cold Business,Books,Business,Apex,909.46,583.48,S0500
P003500,Family Cricket,Sports,Cricket,NextGen,316.9,225.7,S0067
P003501,Structure Furniture,Home,Furniture,UrbanEdge,1036.06,846.04,S0332
P003502,Girl Headphones,Electronics,Headphones,PrimeGoods,24.68,17.79,S0233
P003503,Foreign Fiction,Books,Fiction,PrimeGoods,213.14,166.4,S0462
P003504,Sign Business,Books,Business,EverBuy,365.04,281.65,S0442
P003505,Officer Smartphone,Electronics,Smartphone,UrbanEdge,486.74,306.72,S0147
P003506,Across Jackets,Clothing,Jackets,UrbanEdge,546.49,367.79,S0054
P003507,Figure Furniture,Home,Furniture,EverBuy,183.72,155.12,S0060
P003508,Tonight Headphones,Electronics,Headphones,UrbanEdge,674.01,419.6,S0490
P003509,Reflect Jackets,Clothing,Jackets,GlobalMart,657.56,552.24,S0468
P003510,Claim Jackets,Clothing,Jackets,PrimeGoods,186.32,126.71,S0101
P003511,Great Fiction,Books,Fiction,NextGen,886.54,507.66,S0362
P003512,Sometimes Trousers,Clothing,Trousers,NextGen,1604.44,993.8,S0117
P003513,Great Monitor,Electronics,Monitor,EverBuy,797.29,521.42,S0413
P003514,Similar Outdoor,Sports,Outdoor,UrbanEdge,802.03,490.71,S0384
P003515,Doctor Laptop,Electronics,Laptop,UrbanEdge,1539.0,871.27,S0305
P003516,Culture Cricket,Sports,Cricket,NextGen,563.61,445.59,S0079
P003517,Even Monitor,Electronics,Monitor,NextGen,365.84,246.32,S0175
P003518,Of Fiction,Books,Fiction,Vertex,151.67,97.84,S0251
P003519,Pattern Comics,Books,Comics,EverBuy,731.44,469.51,S0157
P003520,Firm Tablet,Electronics,Tablet,EverBuy,473.14,374.99,S0370
P003521,Entire Running,Sports,Running,Vertex,402.44,226.23,S0401
P003522,Rule Cricket,Sports,Cricket,NovaTech,1326.45,891.88,S0327
P003523,Treat Fiction,Books,Fiction,PrimeGoods,1190.81,780.71,S0341
P003524,Yes Football,Sports,Football,Apex,212.33,120.83,S0198
P003525,Debate Comics,Books,Comics,GlobalMart,23.1,17.91,S0189
P003526,Address Accessories,Clothing,Accessories,UrbanEdge,844.48,643.53,S0373
P003527,Check Fiction,Books,Fiction,NovaTech,270.66,232.62,S0417
P003528,Office Accessories,Clothing,Accessories,EverBuy,738.57,494.71,S0257
P003529,Middle Monitor,Electronics,Monitor,GlobalMart,482.97,299.3,S0397
P003530,Fall Decor,Home,Decor,UrbanEdge,256.33,183.13,S0017
P003531,Teach Shoes,Clothing,Shoes,EverBuy,101.95,83.68,S0038
P003532,Phone Headphones,Electronics,Headphones,EverBuy,1388.65,933.21,S0197
P003533,Message Shirts,Clothing,Shirts,NextGen,1050.99,826.51,S0122
P003534,Continue Smartphone,Electronics,Smartphone,EverBuy,491.53,354.93,S0003
P003535,Best Shirts,Clothing,Shirts,PrimeGoods,324.31,270.55,S0011
P003536,Long Business,Books,Business,NextGen,359.5,256.83,S0302
P003537,Student Fiction,Books,Fiction,NextGen,265.19,167.7,S0146
P003538,Music Furniture,Home,Furniture,Apex,601.9,458.01,S0436
P003539,Well Headphones,Electronics,Headphones,NextGen,141.96,111.94,S0445
P003540,Plan Comics,Books,Comics,UrbanEdge,432.33,280.28,S0197
P003541,Fire Accessories,Clothing,Accessories,EverBuy,822.03,657.59,S0196
P003542,Oil Comics,Books,Comics,Apex,971.98,782.1,S0461
P003543,Family Technology,Books,Technology,Vertex,224.78,142.82,S0463
P003544,Floor Monitor,Electronics,Monitor,EverBuy,1011.39,740.05,S0121
P003545,Policy Football,Sports,Football,Vertex,1148.0,858.14,S0175
P003546,Manage Smartphone,Electronics,Smartphone,NovaTech,17.53,13.81,S0406
P003547,Head Jackets,Clothing,Jackets,NovaTech,338.78,206.38,S0177
P003548,Modern Fitness,Sports,Fitness,NextGen,1269.67,712.02,S0411
P003549,Environmental Education,Books,Education,NovaTech,1013.8,713.23,S0236
P003550,Bed Monitor,Electronics,Monitor,Apex,1024.94,648.04,S0048
P003551,Foot Outdoor,Sports,Outdoor,NovaTech,29.95,16.76,S0377
P003552,Base Running,Sports,Running,NextGen,1000.21,696.67,S0337
P003553,Central Laptop,Electronics,Laptop,EverBuy,529.23,423.12,S0167
P003554,Most Running,Sports,Running,EverBuy,973.79,656.08,S0043
P003555,Page Comics,Books,Comics,GlobalMart,439.66,261.63,S0053
P003556,Edge Smartphone,Electronics,Smartphone,NextGen,741.69,531.39,S0275
P003557,Increase Outdoor,Sports,Outdoor,EverBuy,1142.96,855.04,S0026
P003558,Top Jackets,Clothing,Jackets,UrbanEdge,378.63,256.6,S0083
P003559,Car Fiction,Books,Fiction,GlobalMart,493.24,357.9,S0113
P003560,Purpose Trousers,Clothing,Trousers,NextGen,968.9,832.19,S0405
P003561,Senior Monitor,Electronics,Monitor,NextGen,201.4,131.98,S0075
P003562,Safe Football,Sports,Football,UrbanEdge,840.0,695.63,S0336
P003563,Eight Decor,Home,Decor,Apex,827.54,544.91,S0045
P003564,Participant Football,Sports,Football,EverBuy,932.23,769.6,S0457
P003565,Area Business,Books,Business,NovaTech,960.86,688.04,S0154
P003566,Series Outdoor,Sports,Outdoor,NextGen,1070.19,816.25,S0025
P003567,However Decor,Home,Decor,Apex,587.01,487.72,S0095
P003568,Serious Kitchen,Home,Kitchen,EverBuy,348.57,253.43,S0151
P003569,Child Headphones,Electronics,Headphones,EverBuy,496.6,388.05,S0323
P003570,West Shirts,Clothing,Shirts,UrbanEdge,738.61,425.6,S0415
P003571,Role Appliances,Home,Appliances,NextGen,333.09,225.19,S0293
P003572,Thing Lighting,Home,Lighting,Apex,771.62,442.27,S0269
P003573,Go Fitness,Sports,Fitness,Vertex,468.47,280.08,S0220
P003574,Hear Shoes,Clothing,Shoes,NextGen,1217.99,740.81,S0344
P003575,Unit Lighting,Home,Lighting,NovaTech,338.09,236.01,S0242
P003576,Administration Furniture,Home,Furniture,UrbanEdge,858.4,708.35,S0106
P003577,Future Jackets,Clothing,Jackets,PrimeGoods,1408.11,845.79,S0346
P003578,Meeting Tablet,Electronics,Tablet,PrimeGoods,228.86,148.94,S0133
P003579,Billion Cricket,Sports,Cricket,UrbanEdge,1051.09,593.91,S0384
P003580,Easy Appliances,Home,Appliances,NovaTech,1036.72,851.15,S0067
P003581,Road Fitness,Sports,Fitness,UrbanEdge,1286.14,751.82,S0137
P003582,Bad Fiction,Books,Fiction,PrimeGoods,125.48,105.75,S0103
P003583,Half Appliances,Home,Appliances,NextGen,1088.55,658.42,S0231
P003584,What Decor,Home,Decor,NextGen,383.97,323.47,S0128
P003585,Service Business,Books,Business,Vertex,227.95,197.32,S0497
P003586,Drive Fiction,Books,Fiction,NovaTech,1061.55,849.82,S0007
P003587,Natural Business,Books,Business,Vertex,976.37,555.92,S0123
P003588,Hand Accessories,Clothing,Accessories,GlobalMart,942.32,618.73,S0124
P003589,Religious Decor,Home,Decor,Apex,1423.12,869.53,S0233
P003590,Eight Trousers,Clothing,Trousers,PrimeGoods,371.89,278.82,S0111
P003591,Huge Fiction,Books,Fiction,NovaTech,1401.83,855.17,S0225
P003592,Hear Education,Books,Education,UrbanEdge,54.5,32.05,S0175
P003593,Tonight Decor,Home,Decor,NovaTech,351.21,227.72,S0322
P003594,Star Running,Sports,Running,PrimeGoods,782.05,569.72,S0303
P003595,Fill Fiction,Books,Fiction,EverBuy,1213.23,797.47,S0252
P003596,Support Comics,Books,Comics,UrbanEdge,879.03,525.27,S0418
P003597,Purpose Education,Books,Education,UrbanEdge,673.23,383.78,S0446
P003598,Miss Education,Books,Education,NextGen,440.33,380.85,S0180
P003599,Tend Cricket,Sports,Cricket,UrbanEdge,158.54,103.82,S0449
P003600,Moment Laptop,Electronics,Laptop,UrbanEdge,984.2,750.02,S0320
P003601,Medical Headphones,Electronics,Headphones,PrimeGoods,415.01,256.45,S0352
P003602,Similar Lighting,Home,Lighting,NextGen,73.26,43.46,S0081
P003603,Fly Kitchen,Home,Kitchen,EverBuy,919.79,663.37,S0079
P003604,At Smartphone,Electronics,Smartphone,PrimeGoods,1016.16,659.86,S0326
P003605,Like Accessories,Clothing,Accessories,PrimeGoods,672.33,500.82,S0057
P003606,Light Comics,Books,Comics,Apex,1035.07,857.51,S0252
P003607,International Running,Sports,Running,Apex,1004.89,628.43,S0250
P003608,Data Shoes,Clothing,Shoes,EverBuy,614.56,345.5,S0249
P003609,Age Fitness,Sports,Fitness,UrbanEdge,644.35,367.55,S0427
P003610,Player Tablet,Electronics,Tablet,GlobalMart,1057.56,804.97,S0052
P003611,Sense Smartphone,Electronics,Smartphone,EverBuy,473.45,362.48,S0425
P003612,Real Education,Books,Education,EverBuy,34.51,23.01,S0351
P003613,Ever Fitness,Sports,Fitness,Apex,371.58,242.59,S0006
P003614,Her Education,Books,Education,UrbanEdge,612.27,439.73,S0220
P003615,Able Jackets,Clothing,Jackets,UrbanEdge,1146.55,818.17,S0036
P003616,Current Running,Sports,Running,PrimeGoods,1281.49,939.43,S0250
P003617,Involve Technology,Books,Technology,PrimeGoods,972.6,639.97,S0142
P003618,Rather Comics,Books,Comics,NextGen,562.6,391.25,S0155
P003619,Soon Appliances,Home,Appliances,GlobalMart,283.1,190.3,S0338
P003620,Entire Technology,Books,Technology,EverBuy,187.16,143.24,S0279
P003621,Dark Education,Books,Education,GlobalMart,1346.29,939.8,S0120
P003622,Attention Appliances,Home,Appliances,Vertex,857.79,584.36,S0047
P003623,Brother Fitness,Sports,Fitness,EverBuy,325.0,233.82,S0193
P003624,I Laptop,Electronics,Laptop,NextGen,1424.44,904.96,S0264
P003625,Social Jackets,Clothing,Jackets,EverBuy,320.27,184.35,S0260
P003626,Tend Headphones,Electronics,Headphones,EverBuy,1024.09,809.13,S0289
P003627,Say Trousers,Clothing,Trousers,PrimeGoods,923.66,682.9,S0102
P003628,Different Laptop,Electronics,Laptop,NextGen,908.48,675.61,S0125
P003629,Risk Tablet,Electronics,Tablet,GlobalMart,1139.67,677.4,S0128
P003630,Store Technology,Books,Technology,PrimeGoods,196.51,147.84,S0269
P003631,Thousand Football,Sports,Football,NovaTech,1229.13,995.07,S0441
P003632,Speech Laptop,Electronics,Laptop,NextGen,780.03,635.16,S0061
P003633,Son Shoes,Clothing,Shoes,NovaTech,1317.88,880.94,S0343
P003634,Age Fiction,Books,Fiction,UrbanEdge,1299.88,916.95,S0245
P003635,Reveal Decor,Home,Decor,Vertex,1429.27,945.27,S0291
P003636,Fly Technology,Books,Technology,NextGen,1006.59,750.5,S0062
P003637,Respond Fitness,Sports,Fitness,UrbanEdge,841.18,570.46,S0030
P003638,Against Monitor,Electronics,Monitor,Apex,583.54,339.06,S0415
P003639,Congress Trousers,Clothing,Trousers,Vertex,886.13,684.08,S0108
P003640,Tonight Shoes,Clothing,Shoes,NovaTech,1043.05,786.85,S0088
P003641,Room Smartphone,Electronics,Smartphone,GlobalMart,500.97,387.57,S0020
P003642,Bill Headphones,Electronics,Headphones,GlobalMart,652.36,541.43,S0327
P003643,Water Monitor,Electronics,Monitor,NovaTech,888.57,640.5,S0157
P003644,Sure Fiction,Books,Fiction,Vertex,530.83,335.49,S0453
P003645,Prepare Education,Books,Education,GlobalMart,53.59,30.59,S0135
P003646,Program Monitor,Electronics,Monitor,NovaTech,308.34,264.44,S0008
P003647,Discover Furniture,Home,Furniture,PrimeGoods,204.93,133.66,S0125
P003648,Indicate Running,Sports,Running,Vertex,61.73,50.86,S0344
P003649,Dinner Accessories,Clothing,Accessories,PrimeGoods,1206.59,991.15,S0402
P003650,Now Shirts,Clothing,Shirts,Vertex,271.12,189.77,S0471
P003651,Back Lighting,Home,Lighting,EverBuy,16.95,11.91,S0305
P003652,Spend Shoes,Clothing,Shoes,EverBuy,1182.19,936.26,S0153
P003653,Republican Football,Sports,Football,NovaTech,1526.46,931.01,S0454
P003654,Value Furniture,Home,Furniture,EverBuy,706.69,513.69,S0106
P003655,Threat Technology,Books,Technology,EverBuy,1404.68,901.67,S0384
P003656,Talk Furniture,Home,Furniture,NovaTech,1567.43,875.54,S0426
P003657,Firm Running,Sports,Running,Apex,1186.06,710.34,S0387
P003658,These Decor,Home,Decor,UrbanEdge,124.26,96.19,S0102
P003659,Idea Jackets,Clothing,Jackets,NextGen,161.23,104.06,S0296
P003660,Do Trousers,Clothing,Trousers,EverBuy,1079.63,726.9,S0459
P003661,Fly Education,Books,Education,Vertex,289.64,167.11,S0143
P003662,Pick Football,Sports,Football,Vertex,1070.61,627.84,S0289
P003663,Might Tablet,Electronics,Tablet,GlobalMart,502.41,288.28,S0232
P003664,New Football,Sports,Football,PrimeGoods,318.84,259.37,S0175
P003665,Charge Trousers,Clothing,Trousers,GlobalMart,1373.06,971.83,S0294
P003666,Let Accessories,Clothing,Accessories,GlobalMart,562.86,319.79,S0163
P003667,Account Laptop,Electronics,Laptop,GlobalMart,1078.28,811.51,S0311
P003668,Expect Running,Sports,Running,NextGen,1036.19,768.9,S0218
P003669,Economic Business,Books,Business,NextGen,623.34,401.67,S0062
P003670,Sport Cricket,Sports,Cricket,EverBuy,1304.68,762.47,S0456
P003671,Probably Lighting,Home,Lighting,Apex,1181.25,757.81,S0317
P003672,Own Jackets,Clothing,Jackets,NextGen,377.3,297.2,S0464
P003673,Mind Accessories,Clothing,Accessories,EverBuy,16.38,12.72,S0004
P003674,Gas Fitness,Sports,Fitness,UrbanEdge,1120.03,623.86,S0480
P003675,Card Outdoor,Sports,Outdoor,Apex,386.83,232.92,S0009
P003676,Season Technology,Books,Technology,EverBuy,1105.4,891.27,S0032
P003677,During Technology,Books,Technology,UrbanEdge,758.63,591.25,S0488
P003678,Help Monitor,Electronics,Monitor,EverBuy,1412.0,964.59,S0091
P003679,Join Appliances,Home,Appliances,Vertex,762.72,505.43,S0228
P003680,Day Football,Sports,Football,NextGen,1216.38,905.8,S0187
P003681,To Shirts,Clothing,Shirts,Apex,276.45,176.12,S0200
P003682,Create Furniture,Home,Furniture,NextGen,802.97,568.54,S0342
P003683,Would Comics,Books,Comics,NovaTech,652.0,518.09,S0194
P003684,Project Shirts,Clothing,Shirts,UrbanEdge,1307.39,911.16,S0378
P003685,Recently Cricket,Sports,Cricket,NextGen,417.48,290.24,S0459
P003686,School Headphones,Electronics,Headphones,EverBuy,665.81,515.15,S0060
P003687,Everything Headphones,Electronics,Headphones,EverBuy,1167.57,726.64,S0108
P003688,Reflect Kitchen,Home,Kitchen,EverBuy,1522.79,866.6,S0316
P003689,Assume Trousers,Clothing,Trousers,Apex,1619.95,956.28,S0325
P003690,Fire Running,Sports,Running,GlobalMart,555.16,403.88,S0195
P003691,His Smartphone,Electronics,Smartphone,NextGen,1234.09,801.1,S0341
P003692,Western Shoes,Clothing,Shoes,UrbanEdge,1180.85,776.08,S0386
P003693,Station Trousers,Clothing,Trousers,EverBuy,616.45,511.41,S0398
P003694,Force Trousers,Clothing,Trousers,NovaTech,431.52,263.61,S0497
P003695,Concern Tablet,Electronics,Tablet,Apex,66.62,51.68,S0026
P003696,Leader Accessories,Clothing,Accessories,GlobalMart,650.18,361.86,S0131
P003697,More Outdoor,Sports,Outdoor,Vertex,296.1,204.55,S0097
P003698,Effort Football,Sports,Football,PrimeGoods,751.7,631.55,S0440
P003699,Fire Fitness,Sports,Fitness,PrimeGoods,400.68,320.29,S0435
P003700,Other Appliances,Home,Appliances,UrbanEdge,110.09,67.1,S0143
P003701,College Football,Sports,Football,EverBuy,1271.94,905.54,S0349
P003702,Firm Lighting,Home,Lighting,GlobalMart,1112.6,627.07,S0177
P003703,Hear Accessories,Clothing,Accessories,Apex,915.99,562.2,S0307
P003704,Contain Furniture,Home,Furniture,GlobalMart,631.62,362.0,S0420
P003705,Community Education,Books,Education,UrbanEdge,827.08,557.1,S0337
P003706,Plant Fiction,Books,Fiction,Apex,1110.89,629.18,S0207
P003707,Television Monitor,Electronics,Monitor,UrbanEdge,103.16,75.33,S0353
P003708,Many Running,Sports,Running,NextGen,1083.47,659.77,S0495
P003709,Know Monitor,Electronics,Monitor,EverBuy,1013.37,731.13,S0297
P003710,Expert Fitness,Sports,Fitness,Vertex,168.99,97.6,S0055
P003711,Cultural Jackets,Clothing,Jackets,Vertex,159.12,115.87,S0226
P003712,After Jackets,Clothing,Jackets,GlobalMart,293.15,169.1,S0479
P003713,Unit Education,Books,Education,NovaTech,1342.28,806.12,S0173
P003714,Realize Monitor,Electronics,Monitor,UrbanEdge,1390.32,808.4,S0147
P003715,Statement Business,Books,Business,Vertex,837.95,605.54,S0104
P003716,Paper Decor,Home,Decor,NovaTech,424.87,314.79,S0379
P003717,Rich Outdoor,Sports,Outdoor,NovaTech,846.72,655.62,S0367
P003718,Positive Comics,Books,Comics,GlobalMart,220.01,141.6,S0319
P003719,Magazine Appliances,Home,Appliances,UrbanEdge,390.02,288.01,S0049
P003720,Not Cricket,Sports,Cricket,EverBuy,373.0,231.58,S0472
P003721,Why Smartphone,Electronics,Smartphone,Vertex,1254.26,994.91,S0343
P003722,Oil Comics,Books,Comics,EverBuy,698.99,565.56,S0186
P003723,Car Comics,Books,Comics,Apex,1495.61,905.1,S0149
P003724,Box Football,Sports,Football,NovaTech,685.61,581.12,S0327
P003725,Eat Comics,Books,Comics,NovaTech,34.52,22.48,S0254
P003726,Once Business,Books,Business,UrbanEdge,148.55,85.05,S0330
P003727,Career Jackets,Clothing,Jackets,Apex,1244.02,903.38,S0252
P003728,Describe Tablet,Electronics,Tablet,EverBuy,896.05,560.67,S0482
P003729,Today Fitness,Sports,Fitness,EverBuy,147.78,107.85,S0073
P003730,Phone Appliances,Home,Appliances,Apex,537.29,347.98,S0451
P003731,Enter Running,Sports,Running,PrimeGoods,639.8,393.1,S0066
P003732,Ball Appliances,Home,Appliances,Vertex,1002.01,689.98,S0107
P003733,Little Jackets,Clothing,Jackets,Apex,691.61,440.45,S0218
P003734,Machine Headphones,Electronics,Headphones,NovaTech,186.59,118.55,S0434
P003735,First Outdoor,Sports,Outdoor,PrimeGoods,798.06,594.08,S0228
P003736,Hotel Football,Sports,Football,UrbanEdge,1764.87,981.23,S0393
P003737,Door Shoes,Clothing,Shoes,EverBuy,856.95,568.77,S0165
P003738,Enjoy Monitor,Electronics,Monitor,NextGen,528.19,408.88,S0425
P003739,Population Comics,Books,Comics,GlobalMart,208.66,134.14,S0140
P003740,Consider Cricket,Sports,Cricket,Apex,1269.44,725.96,S0136
P003741,Job Shirts,Clothing,Shirts,PrimeGoods,1112.55,819.03,S0241
P003742,Task Fiction,Books,Fiction,GlobalMart,216.26,140.31,S0281
P003743,Someone Jackets,Clothing,Jackets,Apex,94.07,72.06,S0214
P003744,Production Lighting,Home,Lighting,PrimeGoods,564.73,414.21,S0024
P003745,Music Running,Sports,Running,GlobalMart,366.34,275.21,S0003
P003746,Get Running,Sports,Running,NextGen,340.62,262.23,S0408
P003747,Present Shoes,Clothing,Shoes,NovaTech,877.94,510.74,S0228
P003748,Give Technology,Books,Technology,UrbanEdge,1260.17,750.31,S0027
P003749,Drive Fitness,Sports,Fitness,GlobalMart,708.26,564.73,S0295
P003750,House Appliances,Home,Appliances,EverBuy,279.04,155.61,S0293
P003751,Action Jackets,Clothing,Jackets,GlobalMart,809.98,601.24,S0284
P003752,Rich Fitness,Sports,Fitness,Vertex,975.44,590.03,S0371
P003753,West Fiction,Books,Fiction,NextGen,649.76,511.44,S0292
P003754,Work Business,Books,Business,UrbanEdge,1124.98,969.51,S0165
P003755,Technology Tablet,Electronics,Tablet,EverBuy,598.38,345.23,S0409
P003756,Small Trousers,Clothing,Trousers,Apex,1544.78,928.4,S0225
P003757,Past Shoes,Clothing,Shoes,Apex,627.55,412.25,S0473
P003758,Could Shirts,Clothing,Shirts,UrbanEdge,1145.42,675.66,S0188
P003759,Receive Outdoor,Sports,Outdoor,GlobalMart,787.09,645.01,S0426
P003760,Science Decor,Home,Decor,Vertex,288.39,195.47,S0473
P003761,Though Tablet,Electronics,Tablet,UrbanEdge,1268.52,882.61,S0144
P003762,Will Education,Books,Education,NextGen,449.8,289.96,S0352
P003763,Pm Smartphone,Electronics,Smartphone,Vertex,1637.47,956.45,S0030
P003764,Nearly Running,Sports,Running,NextGen,338.15,245.1,S0270
P003765,Class Kitchen,Home,Kitchen,NovaTech,660.5,386.38,S0420
P003766,Treatment Fiction,Books,Fiction,GlobalMart,1424.85,898.38,S0169
P003767,Available Furniture,Home,Furniture,NextGen,1251.89,750.27,S0107
P003768,Big Cricket,Sports,Cricket,GlobalMart,235.56,179.33,S0110
P003769,Arm Football,Sports,Football,Vertex,586.73,440.56,S0441
P003770,Whose Outdoor,Sports,Outdoor,Apex,528.1,340.1,S0432
P003771,Military Kitchen,Home,Kitchen,Apex,714.8,437.64,S0258
P003772,Crime Comics,Books,Comics,PrimeGoods,750.51,631.5,S0147
P003773,Test Running,Sports,Running,PrimeGoods,156.46,101.93,S0437
P003774,Discover Appliances,Home,Appliances,NovaTech,262.86,176.13,S0017
P003775,Benefit Furniture,Home,Furniture,Vertex,1526.58,892.6,S0380
P003776,Consumer Fitness,Sports,Fitness,UrbanEdge,299.47,167.9,S0244
P003777,Positive Running,Sports,Running,NovaTech,1486.73,901.04,S0268
P003778,Long Laptop,Electronics,Laptop,NextGen,314.44,222.36,S0386
P003779,Rise Trousers,Clothing,Trousers,Apex,330.66,237.63,S0378
P003780,Sure Appliances,Home,Appliances,EverBuy,1334.48,851.45,S0170
P003781,Bad Shoes,Clothing,Shoes,UrbanEdge,775.66,553.37,S0412
P003782,Heart Fitness,Sports,Fitness,NextGen,411.09,250.15,S0196
P003783,Memory Furniture,Home,Furniture,Vertex,838.21,474.91,S0131
P003784,Worry Shoes,Clothing,Shoes,UrbanEdge,820.16,480.78,S0290
P003785,Court Shoes,Clothing,Shoes,NextGen,1088.07,764.67,S0268
P003786,Leave Furniture,Home,Furniture,EverBuy,727.03,525.3,S0246
P003787,Spring Headphones,Electronics,Headphones,GlobalMart,1278.45,779.83,S0185
P003788,Beat Running,Sports,Running,UrbanEdge,316.98,203.78,S0399
P003789,Hard Headphones,Electronics,Headphones,Vertex,168.12,135.02,S0249
P003790,Until Monitor,Electronics,Monitor,EverBuy,1743.74,997.95,S0255
P003791,Where Lighting,Home,Lighting,Apex,463.42,383.44,S0039
P003792,What Tablet,Electronics,Tablet,UrbanEdge,64.95,40.52,S0018
P003793,Whole Fitness,Sports,Fitness,NovaTech,849.48,572.34,S0022
P003794,Against Appliances,Home,Appliances,NovaTech,557.27,433.34,S0146
P003795,Throughout Appliances,Home,Appliances,NextGen,315.73,268.86,S0490
P003796,Someone Laptop,Electronics,Laptop,GlobalMart,195.8,157.57,S0342
P003797,Second Football,Sports,Football,Vertex,1100.12,843.76,S0274
P003798,Apply Football,Sports,Football,PrimeGoods,946.03,551.83,S0294
P003799,Health Jackets,Clothing,Jackets,EverBuy,328.6,224.17,S0438
P003800,Military Cricket,Sports,Cricket,EverBuy,1468.21,920.7,S0076
P003801,Memory Appliances,Home,Appliances,NovaTech,71.88,54.17,S0142
P003802,Hold Cricket,Sports,Cricket,NextGen,1091.76,633.67,S0399
P003803,Two Accessories,Clothing,Accessories,Vertex,878.9,615.49,S0107
P003804,Bring Trousers,Clothing,Trousers,NovaTech,1185.05,729.86,S0310
P003805,Issue Running,Sports,Running,Apex,1108.38,741.49,S0436
P003806,Thousand Decor,Home,Decor,Vertex,907.97,548.33,S0284
P003807,Study Business,Books,Business,Apex,1027.09,630.62,S0418
P003808,Financial Tablet,Electronics,Tablet,PrimeGoods,1192.8,736.2,S0422
P003809,Tree Appliances,Home,Appliances,NovaTech,780.67,500.31,S0339
P003810,Send Fitness,Sports,Fitness,GlobalMart,1512.7,850.13,S0283
P003811,Receive Trousers,Clothing,Trousers,NextGen,1055.2,747.59,S0162
P003812,Heavy Football,Sports,Football,UrbanEdge,899.5,531.5,S0237
P003813,Suggest Outdoor,Sports,Outdoor,Apex,1035.62,744.05,S0249
P003814,Line Kitchen,Home,Kitchen,Apex,1172.24,892.47,S0469
P003815,Outside Trousers,Clothing,Trousers,PrimeGoods,732.03,468.31,S0470
P003816,Whole Lighting,Home,Lighting,NovaTech,817.23,490.13,S0270
P003817,Because Fitness,Sports,Fitness,UrbanEdge,1239.75,752.08,S0343
P003818,Majority Comics,Books,Comics,UrbanEdge,650.99,428.17,S0261
P003819,Mention Headphones,Electronics,Headphones,GlobalMart,1309.01,911.26,S0167
P003820,Inside Appliances,Home,Appliances,GlobalMart,142.36,123.39,S0192
P003821,Bag Decor,Home,Decor,Apex,1142.47,674.06,S0117
P003822,Arm Running,Sports,Running,Vertex,1558.9,886.67,S0122
P003823,Measure Comics,Books,Comics,NextGen,1091.6,849.63,S0358
P003824,Personal Appliances,Home,Appliances,EverBuy,913.8,612.74,S0097
P003825,Feel Running,Sports,Running,GlobalMart,459.81,357.55,S0291
P003826,Increase Monitor,Electronics,Monitor,GlobalMart,227.82,187.25,S0411
P003827,Heavy Running,Sports,Running,Vertex,977.3,545.05,S0019
P003828,Number Technology,Books,Technology,PrimeGoods,259.41,196.18,S0446
P003829,Sing Outdoor,Sports,Outdoor,Apex,115.46,99.95,S0018
P003830,Animal Education,Books,Education,UrbanEdge,572.57,332.66,S0418
P003831,What Decor,Home,Decor,Vertex,790.42,603.48,S0236
P003832,Think Laptop,Electronics,Laptop,Vertex,263.93,172.86,S0347
P003833,Dream Smartphone,Electronics,Smartphone,EverBuy,1434.1,980.63,S0035
P003834,Adult Jackets,Clothing,Jackets,Apex,1156.18,970.29,S0003
P003835,Between Smartphone,Electronics,Smartphone,UrbanEdge,280.37,185.36,S0475
P003836,Work Accessories,Clothing,Accessories,GlobalMart,1775.43,990.26,S0339
P003837,Along Accessories,Clothing,Accessories,UrbanEdge,784.31,539.18,S0088
P003838,Until Running,Sports,Running,GlobalMart,214.33,153.39,S0334
P003839,Peace Tablet,Electronics,Tablet,Apex,1243.7,740.53,S0456
P003840,Tv Education,Books,Education,PrimeGoods,1292.02,727.97,S0004
P003841,Add Kitchen,Home,Kitchen,PrimeGoods,813.4,478.76,S0446
P003842,New Kitchen,Home,Kitchen,PrimeGoods,1356.89,805.56,S0396
P003843,Charge Smartphone,Electronics,Smartphone,Vertex,1326.85,936.77,S0439
P003844,Baby Cricket,Sports,Cricket,Vertex,537.62,407.1,S0128
P003845,Quickly Smartphone,Electronics,Smartphone,UrbanEdge,486.31,395.28,S0027
P003846,Create Trousers,Clothing,Trousers,Apex,1209.79,685.62,S0014
P003847,Feeling Outdoor,Sports,Outdoor,PrimeGoods,88.62,70.8,S0345
P003848,Know Fitness,Sports,Fitness,EverBuy,667.24,482.26,S0095
P003849,Condition Fitness,Sports,Fitness,NovaTech,846.1,532.31,S0249
P003850,Hour Education,Books,Education,PrimeGoods,127.65,92.05,S0194
P003851,Myself Accessories,Clothing,Accessories,NovaTech,471.22,300.77,S0397
P003852,Current Shoes,Clothing,Shoes,NovaTech,793.61,549.46,S0463
P003853,Tell Business,Books,Business,EverBuy,920.38,628.74,S0084
P003854,Real Shoes,Clothing,Shoes,NextGen,1075.94,664.35,S0135
P003855,Answer Appliances,Home,Appliances,EverBuy,1472.04,895.15,S0150
P003856,Whatever Fitness,Sports,Fitness,NextGen,740.4,419.41,S0151
P003857,Piece Tablet,Electronics,Tablet,NextGen,1414.73,791.78,S0217
P003858,Free Football,Sports,Football,EverBuy,897.29,778.92,S0286
P003859,Democrat Football,Sports,Football,NovaTech,135.56,88.6,S0119
P003860,Theory Outdoor,Sports,Outdoor,PrimeGoods,884.93,564.0,S0295
P003861,Be Accessories,Clothing,Accessories,EverBuy,326.17,250.24,S0036
P003862,Forward Fitness,Sports,Fitness,EverBuy,1192.56,876.96,S0144
P003863,Society Education,Books,Education,Apex,100.58,59.89,S0284
P003864,Trial Outdoor,Sports,Outdoor,NovaTech,692.98,412.95,S0161
P003865,Course Headphones,Electronics,Headphones,UrbanEdge,77.97,53.8,S0026
P003866,Officer Appliances,Home,Appliances,NovaTech,1608.62,940.86,S0351
P003867,Impact Kitchen,Home,Kitchen,Vertex,1231.21,945.55,S0401
P003868,Report Tablet,Electronics,Tablet,NextGen,1021.76,877.01,S0277
P003869,Yeah Outdoor,Sports,Outdoor,Apex,1519.85,982.99,S0319
P003870,Cut Cricket,Sports,Cricket,Vertex,441.61,251.17,S0143
P003871,Strong Furniture,Home,Furniture,GlobalMart,1144.41,824.46,S0314
P003872,Economic Lighting,Home,Lighting,NextGen,1117.24,710.52,S0423
P003873,Early Laptop,Electronics,Laptop,UrbanEdge,1255.75,998.76,S0004
P003874,True Shoes,Clothing,Shoes,GlobalMart,1074.24,623.43,S0436
P003875,Baby Monitor,Electronics,Monitor,EverBuy,359.7,290.37,S0156
P003876,Business Football,Sports,Football,PrimeGoods,1062.12,857.18,S0346
P003877,Less Comics,Books,Comics,NovaTech,975.03,737.73,S0086
P003878,Hour Monitor,Electronics,Monitor,PrimeGoods,1650.4,920.11,S0126
P003879,Rest Trousers,Clothing,Trousers,NovaTech,1007.1,559.87,S0133
P003880,Else Decor,Home,Decor,PrimeGoods,221.11,173.93,S0417
P003881,Something Fiction,Books,Fiction,NovaTech,1464.47,910.59,S0280
P003882,Do Lighting,Home,Lighting,EverBuy,879.94,506.64,S0032
P003883,Full Business,Books,Business,Vertex,563.04,483.79,S0253
P003884,Always Shirts,Clothing,Shirts,Vertex,138.06,109.08,S0134
P003885,Democratic Outdoor,Sports,Outdoor,PrimeGoods,1273.23,749.68,S0065
P003886,Against Trousers,Clothing,Trousers,NovaTech,1262.79,741.92,S0012
P003887,Consumer Lighting,Home,Lighting,PrimeGoods,672.25,506.77,S0218
P003888,Three Headphones,Electronics,Headphones,Vertex,859.35,587.08,S0482
P003889,Choose Football,Sports,Football,NextGen,352.64,255.26,S0414
P003890,Forward Monitor,Electronics,Monitor,Apex,848.23,636.27,S0167
P003891,Front Monitor,Electronics,Monitor,EverBuy,1001.85,649.67,S0288
P003892,Pretty Smartphone,Electronics,Smartphone,Vertex,935.13,770.12,S0355
P003893,Run Jackets,Clothing,Jackets,PrimeGoods,1273.39,982.18,S0049
P003894,Begin Appliances,Home,Appliances,NextGen,1526.12,975.84,S0495
P003895,Official Comics,Books,Comics,Vertex,1168.93,770.64,S0441
P003896,Send Furniture,Home,Furniture,PrimeGoods,1394.06,933.87,S0262
P003897,Space Laptop,Electronics,Laptop,NovaTech,1385.84,860.84,S0296
P003898,Also Tablet,Electronics,Tablet,Vertex,578.73,377.81,S0048
P003899,Court Appliances,Home,Appliances,UrbanEdge,532.34,414.87,S0215
P003900,Reveal Comics,Books,Comics,GlobalMart,1091.58,864.41,S0469
P003901,Pull Cricket,Sports,Cricket,EverBuy,977.42,794.84,S0454
P003902,Mr Jackets,Clothing,Jackets,GlobalMart,917.09,590.5,S0092
P003903,Outside Jackets,Clothing,Jackets,UrbanEdge,865.91,520.53,S0424
P003904,Decide Decor,Home,Decor,Vertex,943.59,700.18,S0016
P003905,Individual Education,Books,Education,NextGen,1041.24,808.02,S0143
P003906,Firm Shoes,Clothing,Shoes,NextGen,488.52,316.38,S0109
P003907,Peace Technology,Books,Technology,Vertex,949.72,738.98,S0319
P003908,First Accessories,Clothing,Accessories,Apex,809.46,664.51,S0450
P003909,Goal Accessories,Clothing,Accessories,Apex,742.47,614.66,S0378
P003910,Suddenly Comics,Books,Comics,PrimeGoods,717.36,426.61,S0408
P003911,Discussion Jackets,Clothing,Jackets,GlobalMart,962.28,697.65,S0124
P003912,Crime Smartphone,Electronics,Smartphone,NextGen,857.21,589.73,S0271
P003913,Turn Decor,Home,Decor,PrimeGoods,791.91,503.86,S0003
P003914,Idea Education,Books,Education,PrimeGoods,1265.71,822.42,S0157
P003915,Matter Tablet,Electronics,Tablet,EverBuy,1568.79,871.89,S0446
P003916,Contain Jackets,Clothing,Jackets,EverBuy,1033.45,627.87,S0464
P003917,American Technology,Books,Technology,NextGen,139.22,105.99,S0500
P003918,Democratic Smartphone,Electronics,Smartphone,UrbanEdge,1154.07,769.58,S0377
P003919,Paper Decor,Home,Decor,NextGen,881.12,568.56,S0231
P003920,Poor Monitor,Electronics,Monitor,Vertex,1175.63,860.86,S0150
P003921,Decision Outdoor,Sports,Outdoor,GlobalMart,1598.76,954.27,S0255
P003922,Toward Shoes,Clothing,Shoes,NextGen,84.15,57.01,S0491
P003923,Office Comics,Books,Comics,GlobalMart,871.77,692.84,S0432
P003924,A Laptop,Electronics,Laptop,Vertex,1415.92,931.34,S0202
P003925,Long Comics,Books,Comics,EverBuy,68.04,51.31,S0090
P003926,Space Running,Sports,Running,GlobalMart,860.92,727.12,S0410
P003927,Effort Cricket,Sports,Cricket,Apex,71.23,48.25,S0080
P003928,Read Trousers,Clothing,Trousers,EverBuy,1026.46,818.49,S0436
P003929,Keep Running,Sports,Running,PrimeGoods,1137.99,975.72,S0046
P003930,Lot Furniture,Home,Furniture,NextGen,210.6,122.34,S0156
P003931,My Headphones,Electronics,Headphones,GlobalMart,658.53,518.89,S0379
P003932,Actually Running,Sports,Running,EverBuy,337.27,199.06,S0040
P003933,Modern Education,Books,Education,PrimeGoods,628.78,439.62,S0166
P003934,Performance Furniture,Home,Furniture,NovaTech,1154.64,735.6,S0410
P003935,Speak Shirts,Clothing,Shirts,PrimeGoods,558.41,316.7,S0423
P003936,Political Appliances,Home,Appliances,GlobalMart,201.95,168.3,S0151
P003937,Push Laptop,Electronics,Laptop,EverBuy,524.04,404.65,S0360
P003938,Soldier Accessories,Clothing,Accessories,GlobalMart,1199.17,712.4,S0243
P003939,Boy Smartphone,Electronics,Smartphone,NextGen,1476.23,838.11,S0104
P003940,Through Comics,Books,Comics,NextGen,735.23,546.42,S0341
P003941,Page Headphones,Electronics,Headphones,PrimeGoods,452.41,286.32,S0276
P003942,Relate Laptop,Electronics,Laptop,UrbanEdge,881.42,724.73,S0286
P003943,Cell Decor,Home,Decor,NextGen,1500.78,873.15,S0312
P003944,Couple Football,Sports,Football,EverBuy,1551.03,863.15,S0190
P003945,Prevent Jackets,Clothing,Jackets,GlobalMart,709.02,530.99,S0274
P003946,To Fiction,Books,Fiction,EverBuy,1515.31,850.33,S0290
P003947,Often Smartphone,Electronics,Smartphone,NovaTech,1079.25,628.69,S0413
P003948,Age Shoes,Clothing,Shoes,NextGen,404.08,265.99,S0420
P003949,Wonder Appliances,Home,Appliances,GlobalMart,143.85,107.7,S0294
P003950,Amount Decor,Home,Decor,PrimeGoods,710.62,604.44,S0015
P003951,Work Headphones,Electronics,Headphones,NovaTech,958.52,560.0,S0229
P003952,Low Tablet,Electronics,Tablet,NextGen,806.16,464.47,S0085
P003953,Later Kitchen,Home,Kitchen,Apex,353.41,262.23,S0368
P003954,Including Furniture,Home,Furniture,PrimeGoods,1038.47,639.6,S0387
P003955,Catch Appliances,Home,Appliances,NextGen,1749.54,977.34,S0335
P003956,Pass Football,Sports,Football,EverBuy,961.71,548.48,S0467
P003957,Federal Cricket,Sports,Cricket,Vertex,156.01,124.53,S0316
P003958,Similar Shoes,Clothing,Shoes,Vertex,573.98,358.68,S0031
P003959,Doctor Kitchen,Home,Kitchen,PrimeGoods,224.95,140.22,S0316
P003960,Point Kitchen,Home,Kitchen,EverBuy,1413.31,901.0,S0075
P003961,Same Accessories,Clothing,Accessories,EverBuy,181.05,118.95,S0229
P003962,Student Running,Sports,Running,Apex,74.89,54.55,S0490
P003963,Officer Technology,Books,Technology,Vertex,483.22,282.11,S0360
P003964,Leave Tablet,Electronics,Tablet,NovaTech,1102.07,823.77,S0403
P003965,Would Business,Books,Business,PrimeGoods,912.67,531.75,S0263
P003966,Want Outdoor,Sports,Outdoor,NextGen,314.61,244.7,S0241
P003967,Everybody Trousers,Clothing,Trousers,GlobalMart,466.77,336.58,S0038
P003968,Conference Jackets,Clothing,Jackets,GlobalMart,584.79,382.89,S0215
P003969,She Fitness,Sports,Fitness,EverBuy,464.32,265.13,S0324
P003970,Mind Fitness,Sports,Fitness,GlobalMart,202.05,173.35,S0360
P003971,Know Education,Books,Education,EverBuy,319.55,228.11,S0468
P003972,By Fiction,Books,Fiction,Apex,1202.19,763.77,S0330
P003973,Able Trousers,Clothing,Trousers,EverBuy,315.35,244.71,S0081
P003974,Rich Decor,Home,Decor,UrbanEdge,588.15,343.64,S0161
P003975,Really Fiction,Books,Fiction,EverBuy,425.97,293.41,S0011
P003976,Right Lighting,Home,Lighting,PrimeGoods,1103.69,651.44,S0212
P003977,Nothing Lighting,Home,Lighting,PrimeGoods,755.7,428.83,S0385
P003978,Ten Jackets,Clothing,Jackets,UrbanEdge,778.55,517.33,S0331
P003979,Capital Tablet,Electronics,Tablet,NovaTech,1575.83,894.91,S0283
P003980,Memory Running,Sports,Running,Apex,872.8,585.77,S0359
P003981,Democrat Headphones,Electronics,Headphones,UrbanEdge,567.78,400.22,S0490
P003982,Billion Fiction,Books,Fiction,GlobalMart,456.0,298.5,S0397
P003983,Religious Fiction,Books,Fiction,UrbanEdge,728.22,442.95,S0374
P003984,Participant Outdoor,Sports,Outdoor,NextGen,277.65,239.24,S0061
P003985,Per Outdoor,Sports,Outdoor,NextGen,112.39,96.86,S0140
P003986,Weight Kitchen,Home,Kitchen,Apex,764.83,600.42,S0456
P003987,Expert Technology,Books,Technology,NovaTech,350.17,260.8,S0359
P003988,Sing Outdoor,Sports,Outdoor,EverBuy,365.96,281.47,S0090
P003989,Teach Jackets,Clothing,Jackets,NovaTech,1443.53,914.21,S0308
P003990,Resource Cricket,Sports,Cricket,UrbanEdge,542.02,439.78,S0365
P003991,Require Comics,Books,Comics,GlobalMart,405.11,305.12,S0477
P003992,Return Business,Books,Business,GlobalMart,476.26,268.32,S0307
P003993,Interest Shoes,Clothing,Shoes,Apex,456.07,277.88,S0336
P003994,Service Tablet,Electronics,Tablet,GlobalMart,232.34,152.53,S0107
P003995,Reflect Monitor,Electronics,Monitor,PrimeGoods,766.49,553.37,S0053
P003996,Catch Running,Sports,Running,UrbanEdge,222.74,127.55,S0266
P003997,Listen Trousers,Clothing,Trousers,EverBuy,786.71,647.85,S0130
P003998,Employee Monitor,Electronics,Monitor,Apex,636.79,402.46,S0006
P003999,Live Fitness,Sports,Fitness,NovaTech,1378.25,927.29,S0321
P004000,Because Jackets,Clothing,Jackets,EverBuy,741.47,606.83,S0098
P004001,Modern Decor,Home,Decor,Vertex,203.3,114.13,S0316
P004002,Cost Laptop,Electronics,Laptop,Vertex,1216.88,854.31,S0009
P004003,Turn Technology,Books,Technology,Apex,1318.0,830.06,S0195
P004004,Home Tablet,Electronics,Tablet,EverBuy,637.25,483.41,S0047
P004005,Everything Laptop,Electronics,Laptop,EverBuy,619.57,468.16,S0473
P004006,Ago Shirts,Clothing,Shirts,GlobalMart,779.82,489.23,S0275
P004007,Like Technology,Books,Technology,NextGen,659.06,382.02,S0134
P004008,Knowledge Fiction,Books,Fiction,NovaTech,803.71,630.4,S0354
P004009,Life Tablet,Electronics,Tablet,EverBuy,1460.04,962.31,S0124
P004010,Themselves Jackets,Clothing,Jackets,NovaTech,1142.49,831.83,S0386
P004011,Oil Laptop,Electronics,Laptop,Vertex,428.66,281.26,S0452
P004012,Want Comics,Books,Comics,NovaTech,840.07,614.43,S0234
P004013,Pass Laptop,Electronics,Laptop,PrimeGoods,1165.6,704.09,S0425
P004014,American Fiction,Books,Fiction,UrbanEdge,1176.3,753.53,S0333
P004015,May Shirts,Clothing,Shirts,Apex,974.43,763.02,S0293
P004016,Baby Outdoor,Sports,Outdoor,PrimeGoods,1209.23,940.16,S0463
P004017,Still Football,Sports,Football,GlobalMart,1485.45,971.87,S0008
P004018,Policy Decor,Home,Decor,Vertex,816.26,577.84,S0089
P004019,Policy Trousers,Clothing,Trousers,EverBuy,394.53,273.69,S0017
P004020,Language Smartphone,Electronics,Smartphone,NovaTech,510.9,311.25,S0041
P004021,People Accessories,Clothing,Accessories,NovaTech,1508.61,889.76,S0250
P004022,Player Headphones,Electronics,Headphones,GlobalMart,876.89,612.66,S0281
P004023,Ability Furniture,Home,Furniture,PrimeGoods,1048.38,793.49,S0438
P004024,Three Outdoor,Sports,Outdoor,PrimeGoods,265.28,181.19,S0463
P004025,Official Shirts,Clothing,Shirts,GlobalMart,888.9,635.98,S0006
P004026,Cut Shirts,Clothing,Shirts,EverBuy,1165.26,812.54,S0472
P004027,Second Fiction,Books,Fiction,Vertex,1086.39,784.09,S0039
P004028,Political Headphones,Electronics,Headphones,GlobalMart,184.69,134.64,S0217
P004029,But Headphones,Electronics,Headphones,NovaTech,929.2,588.3,S0217
P004030,Hot Jackets,Clothing,Jackets,NextGen,832.62,546.98,S0147
P004031,Wish Technology,Books,Technology,NextGen,1044.13,769.55,S0093
P004032,Subject Fiction,Books,Fiction,PrimeGoods,990.83,810.72,S0447
P004033,Sing Shoes,Clothing,Shoes,EverBuy,191.34,106.57,S0417
P004034,Fear Appliances,Home,Appliances,NovaTech,1418.33,801.78,S0074
P004035,Tonight Shirts,Clothing,Shirts,NextGen,1188.34,930.28,S0293
P004036,Office Laptop,Electronics,Laptop,Vertex,956.76,572.12,S0323
P004037,Range Kitchen,Home,Kitchen,Vertex,560.86,336.02,S0207
P004038,Standard Comics,Books,Comics,Apex,1039.97,838.56,S0059
P004039,Establish Furniture,Home,Furniture,NovaTech,561.45,364.34,S0492
P004040,Bit Tablet,Electronics,Tablet,PrimeGoods,374.46,248.22,S0130
P004041,Member Education,Books,Education,Apex,321.48,185.25,S0246
P004042,Action Fiction,Books,Fiction,PrimeGoods,1039.33,825.15,S0232
P004043,Author Running,Sports,Running,Vertex,111.46,93.15,S0030
P004044,Majority Shoes,Clothing,Shoes,UrbanEdge,916.01,655.48,S0342
P004045,War Smartphone,Electronics,Smartphone,GlobalMart,500.54,329.26,S0232
P004046,Watch Decor,Home,Decor,UrbanEdge,550.61,432.05,S0227
P004047,Even Monitor,Electronics,Monitor,EverBuy,104.1,67.32,S0116
P004048,Level Jackets,Clothing,Jackets,UrbanEdge,644.16,367.69,S0098
P004049,She Education,Books,Education,Apex,1073.03,877.7,S0221
P004050,Real Shirts,Clothing,Shirts,EverBuy,1487.79,837.79,S0133
P004051,Strategy Kitchen,Home,Kitchen,Apex,1306.22,855.4,S0084
P004052,Door Technology,Books,Technology,NextGen,267.76,163.57,S0466
P004053,Partner Education,Books,Education,EverBuy,1396.53,886.38,S0013
P004054,School Shoes,Clothing,Shoes,EverBuy,353.09,257.04,S0251
P004055,Response Comics,Books,Comics,NextGen,1431.8,988.4,S0496
P004056,Enough Tablet,Electronics,Tablet,Vertex,1118.02,636.0,S0114
P004057,World Appliances,Home,Appliances,NextGen,26.38,16.39,S0385
P004058,Final Fiction,Books,Fiction,NextGen,355.16,273.45,S0176
P004059,Soon Cricket,Sports,Cricket,GlobalMart,1034.12,675.55,S0148
P004060,Create Cricket,Sports,Cricket,GlobalMart,746.05,627.64,S0085
P004061,Such Outdoor,Sports,Outdoor,UrbanEdge,1384.51,953.9,S0030
P004062,American Comics,Books,Comics,NovaTech,1350.67,921.98,S0140
P004063,Training Technology,Books,Technology,GlobalMart,324.11,249.42,S0471
P004064,Ten Fiction,Books,Fiction,EverBuy,615.26,374.25,S0017
P004065,Usually Education,Books,Education,NextGen,547.22,362.21,S0153
P004066,Wide Headphones,Electronics,Headphones,UrbanEdge,904.36,785.97,S0004
P004067,Standard Comics,Books,Comics,NovaTech,716.64,415.66,S0278
P004068,Whatever Appliances,Home,Appliances,PrimeGoods,695.43,448.54,S0081
P004069,Environment Lighting,Home,Lighting,PrimeGoods,739.41,477.4,S0238
P004070,First Furniture,Home,Furniture,Vertex,812.57,639.89,S0114
P004071,I Cricket,Sports,Cricket,NovaTech,1563.84,963.97,S0164
P004072,Exist Cricket,Sports,Cricket,EverBuy,158.99,107.86,S0440
P004073,Language Kitchen,Home,Kitchen,NovaTech,809.7,656.9,S0467
P004074,Serious Smartphone,Electronics,Smartphone,GlobalMart,1619.29,911.01,S0016
P004075,Animal Technology,Books,Technology,NextGen,800.49,476.81,S0007
P004076,Certainly Shoes,Clothing,Shoes,PrimeGoods,1542.77,938.56,S0246
P004077,Skill Monitor,Electronics,Monitor,UrbanEdge,1131.93,896.12,S0055
P004078,Claim Education,Books,Education,NovaTech,116.82,68.69,S0440
P004079,Only Comics,Books,Comics,UrbanEdge,1660.76,983.93,S0277
P004080,Occur Education,Books,Education,GlobalMart,1088.94,852.53,S0017
P004081,Left Fiction,Books,Fiction,Vertex,663.11,436.12,S0313
P004082,Perform Trousers,Clothing,Trousers,EverBuy,549.4,409.35,S0354
P004083,Good Comics,Books,Comics,PrimeGoods,116.1,99.76,S0478
P004084,Drug Headphones,Electronics,Headphones,PrimeGoods,1349.72,856.41,S0174
P004085,Themselves Accessories,Clothing,Accessories,UrbanEdge,1289.54,732.14,S0350
P004086,Voice Running,Sports,Running,GlobalMart,170.64,115.53,S0284
P004087,Policy Comics,Books,Comics,Apex,265.05,164.97,S0210
P004088,Go Cricket,Sports,Cricket,Apex,65.04,50.62,S0178
P004089,Talk Business,Books,Business,Apex,1475.09,986.47,S0145
P004090,Away Technology,Books,Technology,UrbanEdge,781.27,524.57,S0086
P004091,Most Cricket,Sports,Cricket,Vertex,566.32,332.87,S0063
P004092,Will Kitchen,Home,Kitchen,PrimeGoods,710.59,565.84,S0426
P004093,Administration Jackets,Clothing,Jackets,Apex,486.17,340.59,S0349
P004094,Believe Lighting,Home,Lighting,GlobalMart,1198.07,668.27,S0203
P004095,Growth Education,Books,Education,EverBuy,247.51,208.12,S0252
P004096,Site Fitness,Sports,Fitness,Vertex,1258.77,841.44,S0492
P004097,Individual Accessories,Clothing,Accessories,Apex,390.27,258.45,S0162
P004098,Threat Appliances,Home,Appliances,Apex,1003.61,795.37,S0488
P004099,Laugh Kitchen,Home,Kitchen,PrimeGoods,1001.11,638.91,S0175
P004100,Successful Appliances,Home,Appliances,GlobalMart,492.89,372.69,S0208
P004101,Prove Shirts,Clothing,Shirts,UrbanEdge,1408.17,848.35,S0264
P004102,Without Jackets,Clothing,Jackets,Vertex,1079.55,737.33,S0294
P004103,Seem Business,Books,Business,Apex,714.18,403.66,S0038
P004104,Just Monitor,Electronics,Monitor,GlobalMart,484.96,293.76,S0467
P004105,Soon Lighting,Home,Lighting,Vertex,137.21,98.07,S0304
P004106,Under Technology,Books,Technology,Vertex,914.13,792.33,S0010
P004107,Offer Business,Books,Business,NovaTech,359.15,297.82,S0103
P004108,Whose Tablet,Electronics,Tablet,UrbanEdge,563.73,442.26,S0088
P004109,Where Shirts,Clothing,Shirts,NextGen,870.61,693.93,S0034
P004110,Easy Comics,Books,Comics,GlobalMart,1022.62,735.5,S0091
P004111,Class Decor,Home,Decor,UrbanEdge,587.23,420.75,S0332
P004112,Discover Headphones,Electronics,Headphones,NextGen,852.19,608.08,S0402
P004113,Card Outdoor,Sports,Outdoor,Vertex,131.58,97.32,S0063
P004114,Far Education,Books,Education,GlobalMart,638.39,399.66,S0334
P004115,Both Cricket,Sports,Cricket,EverBuy,1163.62,940.14,S0331
P004116,Discuss Cricket,Sports,Cricket,GlobalMart,135.14,109.21,S0357
P004117,Leg Fitness,Sports,Fitness,Apex,961.85,744.01,S0275
P004118,Win Business,Books,Business,GlobalMart,700.07,437.49,S0388
P004119,Parent Accessories,Clothing,Accessories,NovaTech,1219.09,955.36,S0171
P004120,Some Shoes,Clothing,Shoes,NovaTech,1084.39,802.09,S0319
P004121,Ago Monitor,Electronics,Monitor,Apex,804.9,457.28,S0380
P004122,Hundred Trousers,Clothing,Trousers,Vertex,345.13,199.01,S0331
P004123,There Cricket,Sports,Cricket,NovaTech,220.67,168.34,S0161
P004124,Compare Jackets,Clothing,Jackets,NextGen,1453.46,889.94,S0146
P004125,Democratic Laptop,Electronics,Laptop,EverBuy,1187.44,679.91,S0208
P004126,Some Comics,Books,Comics,EverBuy,916.28,697.1,S0445
P004127,Close Accessories,Clothing,Accessories,GlobalMart,876.54,626.07,S0161
P004128,Here Decor,Home,Decor,PrimeGoods,1132.43,970.47,S0346
P004129,Campaign Lighting,Home,Lighting,UrbanEdge,1601.37,994.02,S0033
P004130,Knowledge Shirts,Clothing,Shirts,Apex,761.63,455.28,S0369
P004131,Approach Appliances,Home,Appliances,Apex,224.12,133.96,S0480
P004132,Let Shoes,Clothing,Shoes,Apex,204.3,125.63,S0111
P004133,Pm Furniture,Home,Furniture,Apex,53.32,33.46,S0222
P004134,Whose Fitness,Sports,Fitness,Apex,1024.73,867.71,S0416
P004135,Table Kitchen,Home,Kitchen,Vertex,1188.73,983.36,S0328
P004136,Write Football,Sports,Football,GlobalMart,1091.54,606.99,S0384
P004137,Against Comics,Books,Comics,GlobalMart,447.99,321.9,S0172
P004138,Property Running,Sports,Running,Apex,1194.81,980.6,S0077
P004139,Clear Smartphone,Electronics,Smartphone,PrimeGoods,406.67,272.86,S0010
P004140,Say Education,Books,Education,PrimeGoods,422.94,354.58,S0496
P004141,Your Education,Books,Education,UrbanEdge,1142.28,655.47,S0217
P004142,Weight Appliances,Home,Appliances,Vertex,1719.52,971.49,S0200
P004143,Establish Tablet,Electronics,Tablet,NovaTech,635.76,493.82,S0407
P004144,Support Technology,Books,Technology,NextGen,1396.6,800.56,S0117
P004145,Half Technology,Books,Technology,UrbanEdge,1182.5,824.16,S0355
P004146,Ready Business,Books,Business,Apex,465.12,325.88,S0139
P004147,Far Kitchen,Home,Kitchen,Vertex,1007.65,581.51,S0231
P004148,Million Technology,Books,Technology,Vertex,286.75,190.8,S0011
P004149,Expert Football,Sports,Football,NextGen,143.64,98.83,S0249
P004150,Machine Education,Books,Education,NextGen,265.87,172.64,S0046
P004151,Owner Laptop,Electronics,Laptop,PrimeGoods,747.27,613.75,S0277
P004152,Use Education,Books,Education,PrimeGoods,1257.57,716.77,S0380
P004153,Note Decor,Home,Decor,UrbanEdge,1355.67,769.76,S0479
P004154,Important Comics,Books,Comics,NextGen,979.76,775.4,S0171
P004155,School Technology,Books,Technology,NovaTech,1444.79,834.28,S0098
P004156,Those Cricket,Sports,Cricket,Vertex,655.03,378.09,S0488
P004157,Side Business,Books,Business,PrimeGoods,775.95,433.66,S0206
P004158,Let Headphones,Electronics,Headphones,Apex,505.89,360.97,S0448
P004159,School Monitor,Electronics,Monitor,PrimeGoods,1222.42,902.13,S0497
P004160,Walk Cricket,Sports,Cricket,Apex,73.72,41.06,S0475
P004161,Send Technology,Books,Technology,Vertex,1366.15,995.75,S0355
P004162,Entire Technology,Books,Technology,PrimeGoods,554.8,365.31,S0325
P004163,Television Shoes,Clothing,Shoes,GlobalMart,857.31,537.02,S0474
P004164,Beautiful Kitchen,Home,Kitchen,Vertex,217.1,173.96,S0049
P004165,Plant Shirts,Clothing,Shirts,PrimeGoods,878.53,709.01,S0037
P004166,Still Fiction,Books,Fiction,PrimeGoods,1549.33,923.12,S0286
P004167,Spring Shirts,Clothing,Shirts,NextGen,67.28,43.13,S0035
P004168,Start Trousers,Clothing,Trousers,NextGen,459.3,326.81,S0180
P004169,Card Decor,Home,Decor,GlobalMart,1051.48,835.14,S0336
P004170,Once Fitness,Sports,Fitness,Apex,967.8,684.85,S0089
P004171,Describe Trousers,Clothing,Trousers,GlobalMart,793.82,464.79,S0059
P004172,Church Technology,Books,Technology,GlobalMart,500.85,291.53,S0130
P004173,Game Football,Sports,Football,PrimeGoods,999.62,854.18,S0273
P004174,Recent Tablet,Electronics,Tablet,PrimeGoods,427.15,327.56,S0127
P004175,Choose Accessories,Clothing,Accessories,UrbanEdge,1006.27,596.78,S0492
P004176,Financial Shirts,Clothing,Shirts,UrbanEdge,831.16,702.67,S0247
P004177,Other Business,Books,Business,EverBuy,1010.86,597.68,S0410
P004178,Others Headphones,Electronics,Headphones,Vertex,848.48,661.34,S0455
P004179,Beyond Kitchen,Home,Kitchen,Vertex,1010.24,626.75,S0371
P004180,Economic Trousers,Clothing,Trousers,EverBuy,1078.29,657.19,S0132
P004181,Pick Kitchen,Home,Kitchen,PrimeGoods,888.73,608.96,S0264
P004182,Market Shoes,Clothing,Shoes,PrimeGoods,626.66,455.08,S0481
P004183,Drop Tablet,Electronics,Tablet,GlobalMart,597.36,450.51,S0415
P004184,Citizen Accessories,Clothing,Accessories,EverBuy,689.74,591.38,S0203
P004185,World Lighting,Home,Lighting,GlobalMart,1070.23,633.11,S0206
P004186,Necessary Laptop,Electronics,Laptop,GlobalMart,429.51,328.6,S0431
P004187,Too Football,Sports,Football,PrimeGoods,597.38,412.45,S0434
P004188,Recent Shoes,Clothing,Shoes,EverBuy,1090.96,669.52,S0215
P004189,About Fitness,Sports,Fitness,Vertex,1343.68,801.98,S0208
P004190,Mother Business,Books,Business,UrbanEdge,1303.08,932.84,S0376
P004191,Price Laptop,Electronics,Laptop,GlobalMart,1310.89,927.2,S0216
P004192,Memory Technology,Books,Technology,Apex,642.65,496.43,S0424
P004193,Cover Accessories,Clothing,Accessories,Vertex,1258.74,721.34,S0395
P004194,College Technology,Books,Technology,GlobalMart,390.36,272.04,S0454
P004195,Color Fiction,Books,Fiction,Vertex,488.48,329.91,S0367
P004196,Ability Technology,Books,Technology,Vertex,1084.1,937.89,S0105
P004197,Whatever Business,Books,Business,PrimeGoods,1283.41,806.52,S0494
P004198,Answer Education,Books,Education,Vertex,1289.93,913.65,S0247
P004199,My Accessories,Clothing,Accessories,EverBuy,577.26,337.78,S0442
P004200,Director Cricket,Sports,Cricket,Apex,1357.79,794.41,S0283
P004201,Choice Business,Books,Business,Vertex,1568.7,881.32,S0379
P004202,Consider Tablet,Electronics,Tablet,Apex,732.43,597.9,S0188
P004203,Development Smartphone,Electronics,Smartphone,NextGen,1095.64,925.8,S0272
P004204,Three Trousers,Clothing,Trousers,NextGen,947.4,631.28,S0335
P004205,Piece Shoes,Clothing,Shoes,EverBuy,71.28,42.46,S0461
P004206,Protect Education,Books,Education,GlobalMart,1114.84,762.14,S0394
P004207,Evidence Appliances,Home,Appliances,EverBuy,651.92,452.94,S0477
P004208,Situation Business,Books,Business,NovaTech,982.41,748.53,S0017
P004209,Down Trousers,Clothing,Trousers,UrbanEdge,666.23,390.0,S0335
P004210,Thousand Smartphone,Electronics,Smartphone,PrimeGoods,370.5,231.38,S0247
P004211,Push Comics,Books,Comics,UrbanEdge,1569.41,966.69,S0472
P004212,Page Comics,Books,Comics,UrbanEdge,717.57,408.7,S0138
P004213,Sound Headphones,Electronics,Headphones,PrimeGoods,252.35,148.54,S0037
P004214,Perform Accessories,Clothing,Accessories,PrimeGoods,427.84,337.7,S0049
P004215,Value Football,Sports,Football,PrimeGoods,419.81,265.93,S0491
P004216,Late Trousers,Clothing,Trousers,Apex,1039.14,872.94,S0230
P004217,Me Decor,Home,Decor,EverBuy,642.81,443.56,S0104
P004218,Research Lighting,Home,Lighting,UrbanEdge,836.01,501.38,S0312
P004219,Rather Fitness,Sports,Fitness,UrbanEdge,785.15,508.58,S0390
P004220,Choose Monitor,Electronics,Monitor,NovaTech,684.85,547.47,S0318
P004221,Task Outdoor,Sports,Outdoor,UrbanEdge,1632.82,928.73,S0153
P004222,Change Laptop,Electronics,Laptop,GlobalMart,901.93,779.8,S0297
P004223,Arm Tablet,Electronics,Tablet,GlobalMart,1159.7,707.91,S0092
P004224,Guess Tablet,Electronics,Tablet,Apex,1426.81,859.24,S0218
P004225,Language Smartphone,Electronics,Smartphone,EverBuy,760.7,423.35,S0059
P004226,Quite Kitchen,Home,Kitchen,EverBuy,710.42,469.34,S0018
P004227,Design Technology,Books,Technology,NovaTech,845.92,654.53,S0300
P004228,Republican Shirts,Clothing,Shirts,GlobalMart,268.02,207.38,S0478
P004229,Event Monitor,Electronics,Monitor,Apex,877.04,654.23,S0313
P004230,Boy Fiction,Books,Fiction,PrimeGoods,780.22,663.68,S0436
P004231,Phone Trousers,Clothing,Trousers,PrimeGoods,1022.38,749.34,S0398
P004232,Vote Running,Sports,Running,PrimeGoods,789.0,649.93,S0193
P004233,Movement Technology,Books,Technology,PrimeGoods,1037.02,699.66,S0193
P004234,Public Trousers,Clothing,Trousers,NextGen,1166.18,760.06,S0049
P004235,Suddenly Appliances,Home,Appliances,Apex,990.22,852.94,S0221
P004236,Body Jackets,Clothing,Jackets,GlobalMart,1217.22,838.67,S0153
P004237,Education Laptop,Electronics,Laptop,UrbanEdge,482.0,317.43,S0464
P004238,Consider Decor,Home,Decor,Vertex,1029.28,865.71,S0239
P004239,Trial Jackets,Clothing,Jackets,NovaTech,381.55,213.18,S0123
P004240,Mother Monitor,Electronics,Monitor,PrimeGoods,649.71,478.82,S0347
P004241,They Appliances,Home,Appliances,UrbanEdge,639.96,389.2,S0317
P004242,Everything Fitness,Sports,Fitness,UrbanEdge,1363.37,984.36,S0068
P004243,Space Headphones,Electronics,Headphones,Vertex,988.06,603.82,S0496
P004244,Compare Tablet,Electronics,Tablet,PrimeGoods,55.95,36.06,S0167
P004245,Exactly Appliances,Home,Appliances,GlobalMart,340.64,276.22,S0334
P004246,Lead Trousers,Clothing,Trousers,GlobalMart,420.16,259.95,S0071
P004247,Democratic Decor,Home,Decor,NextGen,811.51,698.88,S0048
P004248,Require Shoes,Clothing,Shoes,UrbanEdge,1272.85,814.83,S0212
P004249,Break Technology,Books,Technology,Vertex,987.65,615.24,S0286
P004250,Risk Tablet,Electronics,Tablet,PrimeGoods,161.76,125.46,S0261
P004251,Program Trousers,Clothing,Trousers,Vertex,405.58,276.58,S0377
P004252,Business Smartphone,Electronics,Smartphone,PrimeGoods,32.67,25.32,S0315
P004253,Drug Laptop,Electronics,Laptop,Apex,693.81,441.32,S0101
P004254,Type Running,Sports,Running,UrbanEdge,34.84,26.5,S0121
P004255,Ball Smartphone,Electronics,Smartphone,Vertex,656.6,409.52,S0162
P004256,Bed Laptop,Electronics,Laptop,NovaTech,906.82,768.0,S0034
P004257,Wife Outdoor,Sports,Outdoor,Vertex,1644.25,931.77,S0403
P004258,Indicate Business,Books,Business,NextGen,36.9,23.14,S0422
P004259,Culture Technology,Books,Technology,UrbanEdge,820.79,610.49,S0434
P004260,Determine Outdoor,Sports,Outdoor,NovaTech,347.38,225.35,S0462
P004261,Agent Cricket,Sports,Cricket,PrimeGoods,1675.09,986.9,S0337
P004262,Why Decor,Home,Decor,NovaTech,708.04,480.5,S0428
P004263,Great Football,Sports,Football,EverBuy,479.64,292.93,S0057
P004264,Bad Technology,Books,Technology,NextGen,1546.61,971.92,S0437
P004265,Degree Running,Sports,Running,NovaTech,319.43,240.34,S0386
P004266,Central Kitchen,Home,Kitchen,EverBuy,640.42,431.16,S0349
P004267,Serious Football,Sports,Football,Apex,1327.14,888.9,S0148
P004268,Top Education,Books,Education,NextGen,19.02,11.4,S0319
P004269,Surface Smartphone,Electronics,Smartphone,UrbanEdge,114.83,95.69,S0445
P004270,Discussion Education,Books,Education,Apex,547.91,475.9,S0003
P004271,Arrive Laptop,Electronics,Laptop,Vertex,344.66,219.31,S0412
P004272,Far Football,Sports,Football,Vertex,281.83,240.03,S0086
P004273,Increase Football,Sports,Football,Apex,320.36,180.63,S0112
P004274,Investment Outdoor,Sports,Outdoor,NextGen,237.49,177.17,S0283
P004275,Five Decor,Home,Decor,EverBuy,990.66,629.36,S0323
P004276,Line Headphones,Electronics,Headphones,EverBuy,259.11,201.72,S0040
P004277,Community Furniture,Home,Furniture,PrimeGoods,615.89,375.25,S0037
P004278,Then Business,Books,Business,UrbanEdge,737.97,641.3,S0498
P004279,Feeling Trousers,Clothing,Trousers,PrimeGoods,724.15,535.77,S0426
P004280,Participant Football,Sports,Football,UrbanEdge,623.28,472.38,S0298
P004281,Standard Fiction,Books,Fiction,NovaTech,791.79,478.58,S0483
P004282,Newspaper Football,Sports,Football,NextGen,114.38,77.51,S0190
P004283,Our Football,Sports,Football,GlobalMart,689.16,424.04,S0339
P004284,That Furniture,Home,Furniture,Vertex,1136.9,941.16,S0032
P004285,Moment Jackets,Clothing,Jackets,PrimeGoods,921.89,625.85,S0360
P004286,Evidence Monitor,Electronics,Monitor,Vertex,803.96,504.88,S0388
P004287,Discussion Fitness,Sports,Fitness,UrbanEdge,781.64,621.91,S0271
P004288,Space Education,Books,Education,UrbanEdge,262.15,221.96,S0116
P004289,Career Shirts,Clothing,Shirts,NextGen,514.74,350.75,S0305
P004290,Brother Trousers,Clothing,Trousers,Vertex,283.63,229.19,S0385
P004291,Particularly Headphones,Electronics,Headphones,PrimeGoods,930.28,528.78,S0243
P004292,Alone Headphones,Electronics,Headphones,Apex,1277.76,959.79,S0224
P004293,Car Football,Sports,Football,PrimeGoods,111.06,81.98,S0075
P004294,Conference Cricket,Sports,Cricket,PrimeGoods,1072.48,714.9,S0110
P004295,Least Outdoor,Sports,Outdoor,Apex,955.95,584.63,S0277
P004296,Citizen Monitor,Electronics,Monitor,PrimeGoods,305.86,188.75,S0315
P004297,Push Decor,Home,Decor,NovaTech,714.64,498.77,S0049
P004298,Great Headphones,Electronics,Headphones,Apex,1511.96,953.69,S0236
P004299,Part Appliances,Home,Appliances,EverBuy,1135.54,692.47,S0413
P004300,Agent Fitness,Sports,Fitness,UrbanEdge,233.66,138.24,S0017
P004301,Effort Fitness,Sports,Fitness,EverBuy,78.48,48.44,S0297
P004302,Yeah Monitor,Electronics,Monitor,Vertex,82.95,57.97,S0185
P004303,Trip Tablet,Electronics,Tablet,Vertex,161.23,131.94,S0288
P004304,Clearly Comics,Books,Comics,EverBuy,688.01,501.85,S0401
P004305,Tonight Lighting,Home,Lighting,EverBuy,1198.8,978.36,S0426
P004306,Enter Trousers,Clothing,Trousers,NovaTech,890.12,725.75,S0067
P004307,Series Comics,Books,Comics,GlobalMart,283.89,225.04,S0230
P004308,Approach Jackets,Clothing,Jackets,Apex,1072.35,785.13,S0300
P004309,Green Kitchen,Home,Kitchen,GlobalMart,762.37,540.69,S0216
P004310,Four Accessories,Clothing,Accessories,NextGen,835.96,597.62,S0169
P004311,Box Monitor,Electronics,Monitor,NextGen,898.77,625.45,S0079
P004312,Country Headphones,Electronics,Headphones,EverBuy,1046.05,783.6,S0310
P004313,Too Headphones,Electronics,Headphones,NovaTech,969.39,816.85,S0326
P004314,Something Laptop,Electronics,Laptop,NextGen,599.68,426.05,S0173
P004315,Air Business,Books,Business,UrbanEdge,445.02,303.27,S0271
P004316,House Laptop,Electronics,Laptop,GlobalMart,229.78,195.76,S0415
P004317,Outside Fitness,Sports,Fitness,Vertex,480.24,414.91,S0212
P004318,Cover Kitchen,Home,Kitchen,NextGen,937.71,532.07,S0469
P004319,Meeting Fiction,Books,Fiction,NovaTech,69.14,46.57,S0408
P004320,Especially Shirts,Clothing,Shirts,PrimeGoods,1678.17,998.24,S0081
P004321,Budget Shoes,Clothing,Shoes,UrbanEdge,867.36,695.38,S0491
P004322,Wonder Accessories,Clothing,Accessories,NovaTech,1235.92,957.98,S0422
P004323,Institution Comics,Books,Comics,NovaTech,464.14,258.1,S0298
P004324,Movie Trousers,Clothing,Trousers,Apex,298.82,214.48,S0031
P004325,Later Laptop,Electronics,Laptop,PrimeGoods,1095.23,763.29,S0129
P004326,Shake Jackets,Clothing,Jackets,Vertex,124.39,78.66,S0056
P004327,Treat Laptop,Electronics,Laptop,UrbanEdge,55.14,40.61,S0193
P004328,Outside Cricket,Sports,Cricket,NextGen,20.3,16.33,S0196
P004329,National Fitness,Sports,Fitness,NextGen,1030.13,868.68,S0020
P004330,Concern Lighting,Home,Lighting,NextGen,773.39,631.68,S0261
P004331,Sort Comics,Books,Comics,NovaTech,844.94,548.96,S0101
P004332,Table Monitor,Electronics,Monitor,GlobalMart,1102.63,647.67,S0264
P004333,South Trousers,Clothing,Trousers,UrbanEdge,1126.67,748.12,S0393
P004334,Cup Business,Books,Business,GlobalMart,1589.65,931.66,S0405
P004335,Property Tablet,Electronics,Tablet,NextGen,733.66,436.37,S0452
P004336,Everybody Cricket,Sports,Cricket,Vertex,576.96,404.06,S0214
P004337,Tonight Comics,Books,Comics,NextGen,1186.96,740.8,S0258
P004338,Head Decor,Home,Decor,NextGen,1236.38,728.05,S0484
P004339,Identify Trousers,Clothing,Trousers,PrimeGoods,1464.07,877.42,S0401
P004340,Believe Business,Books,Business,GlobalMart,1180.29,808.8,S0306
P004341,Tough Cricket,Sports,Cricket,PrimeGoods,1063.6,596.21,S0109
P004342,Be Running,Sports,Running,NovaTech,124.06,96.84,S0010
P004343,Even Shirts,Clothing,Shirts,EverBuy,1062.05,728.33,S0491
P004344,Fast Shoes,Clothing,Shoes,NextGen,453.82,290.74,S0269
P004345,Between Fiction,Books,Fiction,Vertex,308.98,192.36,S0497
P004346,Organization Trousers,Clothing,Trousers,EverBuy,39.79,22.55,S0123
P004347,Paper Jackets,Clothing,Jackets,Vertex,615.63,405.68,S0274
P004348,Two Business,Books,Business,UrbanEdge,180.24,121.32,S0013
P004349,Later Cricket,Sports,Cricket,NovaTech,489.58,279.37,S0289
P004350,Rich Decor,Home,Decor,Apex,83.38,50.03,S0494
P004351,Such Accessories,Clothing,Accessories,GlobalMart,134.41,77.26,S0182
P004352,Class Shoes,Clothing,Shoes,PrimeGoods,666.25,387.76,S0254
P004353,Fly Education,Books,Education,Vertex,259.26,223.49,S0468
P004354,Suffer Monitor,Electronics,Monitor,UrbanEdge,575.24,369.9,S0423
P004355,Whether Business,Books,Business,PrimeGoods,564.54,466.27,S0352
P004356,Indicate Outdoor,Sports,Outdoor,Vertex,431.71,293.67,S0487
P004357,By Business,Books,Business,GlobalMart,1528.17,877.72,S0447
P004358,Chance Laptop,Electronics,Laptop,PrimeGoods,549.37,375.59,S0248
P004359,Into Business,Books,Business,Apex,844.72,530.63,S0046
P004360,International Education,Books,Education,Apex,692.53,544.95,S0463
P004361,He Business,Books,Business,GlobalMart,1596.67,919.14,S0134
P004362,Present Fitness,Sports,Fitness,Vertex,318.61,239.53,S0139
P004363,Effect Fiction,Books,Fiction,PrimeGoods,1043.89,693.75,S0160
P004364,Trial Laptop,Electronics,Laptop,PrimeGoods,283.14,193.66,S0349
P004365,Reason Appliances,Home,Appliances,PrimeGoods,470.98,395.16,S0339
P004366,Tree Technology,Books,Technology,Vertex,81.77,56.01,S0246
P004367,Guess Accessories,Clothing,Accessories,NovaTech,1411.33,962.07,S0283
P004368,Describe Appliances,Home,Appliances,Apex,1053.92,593.11,S0447
P004369,Must Business,Books,Business,NovaTech,1031.4,798.52,S0212
P004370,Customer Fitness,Sports,Fitness,UrbanEdge,280.45,158.02,S0213
P004371,Affect Fitness,Sports,Fitness,GlobalMart,1277.71,739.07,S0065
P004372,Machine Technology,Books,Technology,Apex,891.02,640.77,S0387
P004373,Draw Lighting,Home,Lighting,EverBuy,463.86,324.9,S0451
P004374,Smile Decor,Home,Decor,GlobalMart,1277.93,889.28,S0155
P004375,Worry Laptop,Electronics,Laptop,PrimeGoods,462.74,399.07,S0198
P004376,Check Furniture,Home,Furniture,EverBuy,1547.76,957.07,S0082
P004377,Collection Cricket,Sports,Cricket,UrbanEdge,1341.86,845.71,S0418
P004378,The Cricket,Sports,Cricket,EverBuy,1376.55,836.66,S0267
P004379,Training Fiction,Books,Fiction,NextGen,1035.7,870.53,S0344
P004380,Throughout Kitchen,Home,Kitchen,Apex,1237.95,994.06,S0139
P004381,Country Fiction,Books,Fiction,NovaTech,602.88,404.16,S0264
P004382,Speech Monitor,Electronics,Monitor,UrbanEdge,350.63,290.64,S0451
P004383,Religious Cricket,Sports,Cricket,EverBuy,161.28,137.25,S0421
P004384,Investment Kitchen,Home,Kitchen,PrimeGoods,133.77,81.26,S0353
P004385,At Trousers,Clothing,Trousers,PrimeGoods,1445.7,893.53,S0259
P004386,Would Jackets,Clothing,Jackets,PrimeGoods,357.4,228.21,S0166
P004387,See Kitchen,Home,Kitchen,GlobalMart,475.91,279.99,S0413
P004388,Allow Business,Books,Business,Apex,1049.73,802.06,S0149
P004389,Travel Headphones,Electronics,Headphones,UrbanEdge,1172.73,881.07,S0448
P004390,Nature Kitchen,Home,Kitchen,NextGen,244.17,201.1,S0320
P004391,Everything Outdoor,Sports,Outdoor,Apex,743.64,511.92,S0015
P004392,Those Appliances,Home,Appliances,UrbanEdge,736.45,454.63,S0032
P004393,Court Appliances,Home,Appliances,NovaTech,104.71,60.23,S0213
P004394,Yourself Fiction,Books,Fiction,NextGen,385.08,286.94,S0032
P004395,Exist Fiction,Books,Fiction,NovaTech,247.18,205.48,S0130
P004396,Society Monitor,Electronics,Monitor,NextGen,736.98,570.97,S0238
P004397,World Shirts,Clothing,Shirts,GlobalMart,1482.65,935.12,S0308
P004398,Set Trousers,Clothing,Trousers,NovaTech,1419.12,848.43,S0493
P004399,Body Shoes,Clothing,Shoes,NovaTech,818.34,520.07,S0491
P004400,Line Headphones,Electronics,Headphones,NovaTech,19.19,12.79,S0078
P004401,Reflect Monitor,Electronics,Monitor,GlobalMart,846.91,638.53,S0194
P004402,Hit Trousers,Clothing,Trousers,UrbanEdge,650.19,412.55,S0037
P004403,Smile Appliances,Home,Appliances,GlobalMart,60.55,41.46,S0073
P004404,Opportunity Shoes,Clothing,Shoes,EverBuy,59.91,35.01,S0450
P004405,Large Technology,Books,Technology,Apex,193.11,153.28,S0284
P004406,Perform Shoes,Clothing,Shoes,Apex,689.08,523.26,S0325
P004407,Visit Kitchen,Home,Kitchen,NovaTech,706.0,487.85,S0304
P004408,Matter Football,Sports,Football,NextGen,1407.48,902.64,S0182
P004409,State Fiction,Books,Fiction,PrimeGoods,1694.38,954.46,S0296
P004410,Away Business,Books,Business,PrimeGoods,559.72,365.77,S0043
P004411,Stand Tablet,Electronics,Tablet,GlobalMart,728.63,426.78,S0127
P004412,Some Comics,Books,Comics,PrimeGoods,886.26,589.92,S0500
P004413,At Lighting,Home,Lighting,PrimeGoods,305.82,237.55,S0277
P004414,Detail Running,Sports,Running,NextGen,1058.08,659.9,S0177
P004415,Similar Football,Sports,Football,GlobalMart,633.28,351.91,S0437
P004416,Claim Jackets,Clothing,Jackets,NextGen,880.76,638.55,S0410
P004417,Nor Fiction,Books,Fiction,Apex,679.94,423.53,S0490
P004418,Mouth Fiction,Books,Fiction,PrimeGoods,651.53,437.71,S0208
P004419,This Education,Books,Education,GlobalMart,162.54,105.35,S0126
P004420,Represent Shoes,Clothing,Shoes,GlobalMart,178.49,122.8,S0103
P004421,Drug Fiction,Books,Fiction,PrimeGoods,617.15,349.01,S0073
P004422,Establish Accessories,Clothing,Accessories,NovaTech,1198.11,864.78,S0036
P004423,Speech Running,Sports,Running,EverBuy,865.14,729.23,S0143
P004424,Statement Accessories,Clothing,Accessories,GlobalMart,749.28,488.07,S0346
P004425,Organization Fiction,Books,Fiction,NextGen,1025.51,613.46,S0386
P004426,Finally Technology,Books,Technology,PrimeGoods,1614.76,992.62,S0205
P004427,Expect Monitor,Electronics,Monitor,UrbanEdge,1290.0,735.95,S0135
P004428,Manager Headphones,Electronics,Headphones,NovaTech,903.61,679.52,S0498
P004429,Right Comics,Books,Comics,EverBuy,471.48,263.46,S0196
P004430,Toward Appliances,Home,Appliances,GlobalMart,1098.5,785.79,S0134
P004431,Represent Monitor,Electronics,Monitor,PrimeGoods,1194.97,714.92,S0061
P004432,Identify Education,Books,Education,UrbanEdge,1057.23,770.78,S0358
P004433,Fire Jackets,Clothing,Jackets,Apex,653.67,548.37,S0063
P004434,Vote Smartphone,Electronics,Smartphone,PrimeGoods,1111.67,773.86,S0051
P004435,Individual Trousers,Clothing,Trousers,Vertex,471.62,380.24,S0338
P004436,Star Football,Sports,Football,Vertex,234.71,176.18,S0175
P004437,Song Fitness,Sports,Fitness,NextGen,65.67,36.8,S0285
P004438,Story Shoes,Clothing,Shoes,Apex,1362.17,769.34,S0279
P004439,Weight Shoes,Clothing,Shoes,Vertex,187.06,136.14,S0447
P004440,Painting Comics,Books,Comics,PrimeGoods,1194.66,906.85,S0311
P004441,Write Jackets,Clothing,Jackets,NovaTech,729.4,578.75,S0169
P004442,Machine Furniture,Home,Furniture,GlobalMart,965.79,804.04,S0308
P004443,Character Decor,Home,Decor,NovaTech,998.47,570.53,S0327
P004444,Feel Technology,Books,Technology,PrimeGoods,93.81,64.2,S0002
P004445,Want Furniture,Home,Furniture,Vertex,339.53,283.93,S0474
P004446,Short Furniture,Home,Furniture,EverBuy,1040.93,812.71,S0359
P004447,Herself Comics,Books,Comics,UrbanEdge,411.82,265.37,S0335
P004448,I Accessories,Clothing,Accessories,PrimeGoods,1070.9,887.86,S0228
P004449,Pick Outdoor,Sports,Outdoor,Apex,41.71,28.62,S0376
P004450,Item Headphones,Electronics,Headphones,UrbanEdge,58.24,44.92,S0303
P004451,Activity Jackets,Clothing,Jackets,Vertex,333.07,237.33,S0349
P004452,Discover Running,Sports,Running,GlobalMart,787.11,499.24,S0079
P004453,Notice Football,Sports,Football,Vertex,753.2,460.56,S0466
P004454,Southern Jackets,Clothing,Jackets,PrimeGoods,478.06,299.9,S0244
P004455,Statement Fiction,Books,Fiction,PrimeGoods,980.52,569.18,S0386
P004456,Fast Appliances,Home,Appliances,PrimeGoods,1158.01,919.12,S0015
P004457,Appear Kitchen,Home,Kitchen,PrimeGoods,515.88,370.45,S0066
P004458,Put Shirts,Clothing,Shirts,NextGen,548.5,346.66,S0103
P004459,War Furniture,Home,Furniture,NovaTech,800.51,484.41,S0070
P004460,Month Headphones,Electronics,Headphones,UrbanEdge,425.94,282.91,S0263
P004461,Democratic Headphones,Electronics,Headphones,EverBuy,1056.21,868.39,S0219
P004462,Physical Education,Books,Education,NovaTech,1300.84,895.9,S0244
P004463,Summer Lighting,Home,Lighting,Vertex,779.92,497.97,S0355
P004464,Eye Technology,Books,Technology,NextGen,61.7,40.32,S0157
P004465,Green Cricket,Sports,Cricket,PrimeGoods,582.43,478.3,S0269
P004466,Rate Kitchen,Home,Kitchen,NovaTech,550.9,379.06,S0024
P004467,Especially Headphones,Electronics,Headphones,Vertex,1519.45,926.22,S0175
P004468,Low Running,Sports,Running,PrimeGoods,468.37,320.27,S0368
P004469,None Fitness,Sports,Fitness,NovaTech,653.46,395.19,S0407
P004470,Civil Shirts,Clothing,Shirts,UrbanEdge,976.22,691.61,S0007
P004471,Deal Accessories,Clothing,Accessories,GlobalMart,1184.67,956.51,S0278
P004472,Research Trousers,Clothing,Trousers,NovaTech,1263.56,702.2,S0347
P004473,Reveal Outdoor,Sports,Outdoor,NextGen,1052.42,649.96,S0053
P004474,Year Monitor,Electronics,Monitor,NovaTech,272.04,184.48,S0205
P004475,Eat Outdoor,Sports,Outdoor,NovaTech,1425.54,809.84,S0285
P004476,Issue Appliances,Home,Appliances,EverBuy,1640.22,934.95,S0030
P004477,Many Education,Books,Education,UrbanEdge,272.36,227.38,S0071
P004478,Order Smartphone,Electronics,Smartphone,Vertex,1128.07,659.4,S0245
P004479,Road Shirts,Clothing,Shirts,GlobalMart,791.19,556.99,S0417
P004480,May Monitor,Electronics,Monitor,UrbanEdge,184.76,143.08,S0285
P004481,Goal Laptop,Electronics,Laptop,GlobalMart,819.54,592.14,S0168
P004482,Often Accessories,Clothing,Accessories,UrbanEdge,300.78,180.3,S0075
P004483,Action Tablet,Electronics,Tablet,GlobalMart,497.95,398.83,S0460
P004484,Consider Technology,Books,Technology,UrbanEdge,21.77,18.38,S0374
P004485,Already Running,Sports,Running,GlobalMart,915.12,680.02,S0409
P004486,Yes Running,Sports,Running,NovaTech,1106.2,616.89,S0221
P004487,Manager Jackets,Clothing,Jackets,PrimeGoods,817.94,582.99,S0292
P004488,Bit Shoes,Clothing,Shoes,EverBuy,334.46,217.08,S0365
P004489,Scene Technology,Books,Technology,UrbanEdge,285.16,237.05,S0304
P004490,Him Fitness,Sports,Fitness,NextGen,1397.39,831.96,S0426
P004491,Recent Fitness,Sports,Fitness,EverBuy,1237.98,740.61,S0157
P004492,Wall Technology,Books,Technology,PrimeGoods,701.03,513.53,S0106
P004493,Before Tablet,Electronics,Tablet,GlobalMart,113.33,74.65,S0264
P004494,After Fiction,Books,Fiction,Apex,412.52,316.11,S0386
P004495,Help Comics,Books,Comics,NextGen,108.98,63.78,S0271
P004496,Hold Laptop,Electronics,Laptop,PrimeGoods,192.34,115.63,S0269
P004497,Congress Cricket,Sports,Cricket,GlobalMart,835.0,552.04,S0464
P004498,Require Outdoor,Sports,Outdoor,GlobalMart,1235.69,785.93,S0053
P004499,Show Shoes,Clothing,Shoes,Apex,511.95,297.8,S0103
P004500,May Decor,Home,Decor,UrbanEdge,475.65,270.09,S0093
P004501,Teacher Decor,Home,Decor,UrbanEdge,554.94,416.89,S0333
P004502,Sure Football,Sports,Football,UrbanEdge,332.36,228.9,S0430
P004503,Throughout Appliances,Home,Appliances,NovaTech,1151.98,851.19,S0246
P004504,A Decor,Home,Decor,Apex,1186.34,682.37,S0043
P004505,Second Laptop,Electronics,Laptop,GlobalMart,541.85,424.0,S0382
P004506,Laugh Fitness,Sports,Fitness,PrimeGoods,1226.66,924.88,S0485
P004507,Sell Smartphone,Electronics,Smartphone,NovaTech,78.99,45.0,S0490
P004508,Side Headphones,Electronics,Headphones,UrbanEdge,871.83,521.12,S0232
P004509,Society Furniture,Home,Furniture,Apex,1308.86,840.35,S0278
P004510,Middle Education,Books,Education,UrbanEdge,109.05,64.63,S0157
P004511,Computer Accessories,Clothing,Accessories,GlobalMart,323.84,237.81,S0022
P004512,Person Business,Books,Business,EverBuy,802.56,684.19,S0079
P004513,Exactly Lighting,Home,Lighting,NovaTech,339.64,198.58,S0321
P004514,Sense Education,Books,Education,UrbanEdge,927.17,660.77,S0448
P004515,Bring Lighting,Home,Lighting,Apex,706.39,423.78,S0046
P004516,Tree Smartphone,Electronics,Smartphone,NovaTech,588.69,360.48,S0162
P004517,Authority Comics,Books,Comics,Vertex,1377.98,828.95,S0456
P004518,Structure Appliances,Home,Appliances,PrimeGoods,266.9,195.66,S0201
P004519,Rich Technology,Books,Technology,EverBuy,146.18,125.75,S0319
P004520,Throw Cricket,Sports,Cricket,UrbanEdge,58.01,38.66,S0406
P004521,Range Tablet,Electronics,Tablet,Apex,390.42,258.45,S0403
P004522,Idea Headphones,Electronics,Headphones,EverBuy,409.94,349.41,S0076
P004523,Pay Education,Books,Education,EverBuy,610.45,443.53,S0203
P004524,Investment Tablet,Electronics,Tablet,Vertex,821.47,689.34,S0396
P004525,Down Outdoor,Sports,Outdoor,GlobalMart,703.54,408.84,S0248
P004526,Room Education,Books,Education,NextGen,540.28,435.75,S0209
P004527,Material Accessories,Clothing,Accessories,Vertex,983.57,635.41,S0380
P004528,Economic Smartphone,Electronics,Smartphone,UrbanEdge,1137.08,823.13,S0262
P004529,General Cricket,Sports,Cricket,NextGen,559.98,426.38,S0359
P004530,Her Technology,Books,Technology,NovaTech,1116.58,682.93,S0054
P004531,Education Smartphone,Electronics,Smartphone,GlobalMart,572.39,355.57,S0102
P004532,Very Fitness,Sports,Fitness,EverBuy,619.46,519.26,S0172
P004533,Put Outdoor,Sports,Outdoor,GlobalMart,59.0,50.94,S0242
P004534,Pattern Monitor,Electronics,Monitor,PrimeGoods,197.93,159.75,S0016
P004535,Laugh Shoes,Clothing,Shoes,NextGen,90.76,54.64,S0459
P004536,Similar Shirts,Clothing,Shirts,NextGen,928.59,646.21,S0465
P004537,Experience Running,Sports,Running,NextGen,770.13,654.29,S0119
P004538,Standard Shoes,Clothing,Shoes,EverBuy,379.49,242.99,S0346
P004539,Now Trousers,Clothing,Trousers,Apex,812.55,452.0,S0047
P004540,Thank Decor,Home,Decor,UrbanEdge,729.39,576.3,S0191
P004541,Become Cricket,Sports,Cricket,NextGen,809.67,597.91,S0215
P004542,Since Education,Books,Education,GlobalMart,1358.89,780.59,S0297
P004543,Heavy Comics,Books,Comics,NovaTech,1233.24,982.13,S0304
P004544,Today Technology,Books,Technology,UrbanEdge,594.37,337.84,S0179
P004545,Wrong Shirts,Clothing,Shirts,UrbanEdge,721.2,470.2,S0125
P004546,Cell Tablet,Electronics,Tablet,UrbanEdge,667.51,559.29,S0354
P004547,Skin Lighting,Home,Lighting,Apex,681.29,554.05,S0101
P004548,Second Headphones,Electronics,Headphones,NextGen,1006.44,648.65,S0307
P004549,Region Laptop,Electronics,Laptop,Apex,377.78,237.71,S0302
P004550,Drug Outdoor,Sports,Outdoor,EverBuy,1107.0,769.91,S0338
P004551,Event Kitchen,Home,Kitchen,Apex,149.77,108.43,S0374
P004552,Great Technology,Books,Technology,GlobalMart,892.07,722.62,S0438
P004553,Report Fitness,Sports,Fitness,EverBuy,146.31,95.3,S0078
P004554,Answer Decor,Home,Decor,Apex,1370.31,927.31,S0488
P004555,Continue Furniture,Home,Furniture,PrimeGoods,1362.64,914.42,S0130
P004556,Drug Business,Books,Business,EverBuy,987.53,815.36,S0215
P004557,Cost Comics,Books,Comics,EverBuy,1050.19,813.57,S0327
P004558,North Technology,Books,Technology,EverBuy,497.35,380.88,S0084
P004559,Just Monitor,Electronics,Monitor,UrbanEdge,370.68,236.7,S0448
P004560,Hit Monitor,Electronics,Monitor,EverBuy,229.5,173.1,S0397
P004561,Sport Appliances,Home,Appliances,PrimeGoods,1560.79,909.64,S0341
P004562,Miss Laptop,Electronics,Laptop,EverBuy,1194.86,863.63,S0065
P004563,Door Outdoor,Sports,Outdoor,PrimeGoods,161.63,93.12,S0269
P004564,Month Laptop,Electronics,Laptop,PrimeGoods,709.47,560.65,S0395
P004565,Break Outdoor,Sports,Outdoor,NextGen,593.19,368.29,S0014
P004566,Moment Outdoor,Sports,Outdoor,PrimeGoods,103.72,83.49,S0162
P004567,That Technology,Books,Technology,NovaTech,166.76,137.07,S0215
P004568,Account Monitor,Electronics,Monitor,EverBuy,425.29,291.24,S0293
P004569,Look Fitness,Sports,Fitness,NextGen,802.91,471.15,S0189
P004570,Catch Running,Sports,Running,Apex,817.43,561.05,S0141
P004571,Television Jackets,Clothing,Jackets,EverBuy,1478.84,878.9,S0424
P004572,Just Business,Books,Business,UrbanEdge,1446.56,917.18,S0277
P004573,Somebody Tablet,Electronics,Tablet,EverBuy,1086.33,841.54,S0183
P004574,Become Decor,Home,Decor,Apex,849.56,503.44,S0474
P004575,Half Monitor,Electronics,Monitor,EverBuy,566.14,375.64,S0419
P004576,Leave Fitness,Sports,Fitness,Vertex,1323.49,928.48,S0288
P004577,Skin Tablet,Electronics,Tablet,PrimeGoods,861.29,579.28,S0021
P004578,Cup Laptop,Electronics,Laptop,GlobalMart,239.04,181.93,S0021
P004579,Make Smartphone,Electronics,Smartphone,GlobalMart,751.94,565.47,S0037
P004580,Effort Kitchen,Home,Kitchen,GlobalMart,1487.51,940.24,S0410
P004581,Direction Football,Sports,Football,Vertex,175.98,118.8,S0478
P004582,Other Monitor,Electronics,Monitor,NovaTech,967.56,745.06,S0341
P004583,Task Cricket,Sports,Cricket,UrbanEdge,1607.51,938.61,S0163
P004584,Easy Laptop,Electronics,Laptop,PrimeGoods,590.15,467.27,S0230
P004585,Performance Football,Sports,Football,Vertex,511.21,383.43,S0357
P004586,Far Accessories,Clothing,Accessories,UrbanEdge,389.41,235.26,S0202
P004587,State Lighting,Home,Lighting,NovaTech,1207.35,861.05,S0357
P004588,Service Fiction,Books,Fiction,NextGen,28.27,22.33,S0242
P004589,Yard Education,Books,Education,EverBuy,104.81,66.26,S0111
P004590,Yard Kitchen,Home,Kitchen,GlobalMart,182.37,103.65,S0094
P004591,Discuss Business,Books,Business,EverBuy,371.67,267.89,S0190
P004592,Wide Accessories,Clothing,Accessories,Vertex,458.74,292.51,S0364
P004593,War Fiction,Books,Fiction,Vertex,1398.86,959.22,S0189
P004594,Listen Tablet,Electronics,Tablet,NovaTech,541.59,353.48,S0303
P004595,Politics Outdoor,Sports,Outdoor,NextGen,1175.48,891.06,S0291
P004596,Operation Decor,Home,Decor,UrbanEdge,637.21,381.4,S0137
P004597,Number Shoes,Clothing,Shoes,NextGen,1488.13,898.85,S0323
P004598,Management Tablet,Electronics,Tablet,Apex,49.46,28.45,S0296
P004599,Draw Furniture,Home,Furniture,NovaTech,507.53,299.55,S0208
P004600,Herself Cricket,Sports,Cricket,NextGen,755.24,437.96,S0009
P004601,Certain Tablet,Electronics,Tablet,Vertex,173.0,122.75,S0049
P004602,Drop Headphones,Electronics,Headphones,NextGen,89.07,69.21,S0012
P004603,Nature Shirts,Clothing,Shirts,PrimeGoods,198.44,125.92,S0245
P004604,Mention Cricket,Sports,Cricket,UrbanEdge,1247.91,733.68,S0207
P004605,Though Smartphone,Electronics,Smartphone,NovaTech,66.67,41.24,S0008
P004606,Resource Outdoor,Sports,Outdoor,Vertex,1318.99,869.45,S0480
P004607,Production Business,Books,Business,Vertex,281.37,186.01,S0062
P004608,Lay Trousers,Clothing,Trousers,PrimeGoods,924.34,667.2,S0235
P004609,Woman Fitness,Sports,Fitness,Apex,701.89,594.35,S0264
P004610,Value Running,Sports,Running,GlobalMart,98.19,60.53,S0016
P004611,Final Lighting,Home,Lighting,PrimeGoods,259.26,168.6,S0037
P004612,Strong Jackets,Clothing,Jackets,UrbanEdge,776.29,530.9,S0292
P004613,Green Lighting,Home,Lighting,NovaTech,600.72,412.54,S0360
P004614,Listen Kitchen,Home,Kitchen,Vertex,547.91,455.75,S0295
P004615,Reveal Laptop,Electronics,Laptop,PrimeGoods,902.71,668.83,S0474
P004616,Them Furniture,Home,Furniture,UrbanEdge,45.85,37.56,S0155
P004617,Garden Furniture,Home,Furniture,NovaTech,768.06,443.65,S0204
P004618,Section Smartphone,Electronics,Smartphone,EverBuy,1049.88,651.73,S0483
P004619,Raise Technology,Books,Technology,NextGen,66.42,45.17,S0447
P004620,Help Trousers,Clothing,Trousers,EverBuy,1052.81,901.53,S0046
P004621,Fire Business,Books,Business,PrimeGoods,871.02,582.8,S0091
P004622,Woman Fitness,Sports,Fitness,GlobalMart,557.56,400.68,S0130
P004623,Close Jackets,Clothing,Jackets,EverBuy,83.83,59.43,S0129
P004624,Describe Fiction,Books,Fiction,UrbanEdge,731.23,559.31,S0026
P004625,Water Shoes,Clothing,Shoes,PrimeGoods,1419.04,810.91,S0441
P004626,Million Monitor,Electronics,Monitor,EverBuy,531.6,387.18,S0022
P004627,Keep Cricket,Sports,Cricket,NovaTech,870.81,630.35,S0029
P004628,Part Smartphone,Electronics,Smartphone,PrimeGoods,247.53,168.88,S0384
P004629,Every Lighting,Home,Lighting,Apex,1259.62,700.72,S0074
P004630,I Accessories,Clothing,Accessories,UrbanEdge,1082.83,833.16,S0078
P004631,Message Education,Books,Education,NextGen,130.36,107.03,S0151
P004632,Approach Headphones,Electronics,Headphones,Apex,970.27,626.38,S0355
P004633,School Shoes,Clothing,Shoes,Apex,1411.64,883.44,S0474
P004634,Candidate Outdoor,Sports,Outdoor,NextGen,396.1,244.21,S0129
P004635,Data Laptop,Electronics,Laptop,NextGen,1726.21,993.68,S0190
P004636,Not Football,Sports,Football,UrbanEdge,1339.88,994.19,S0009
P004637,Have Kitchen,Home,Kitchen,EverBuy,274.36,221.15,S0342
P004638,Green Outdoor,Sports,Outdoor,GlobalMart,394.72,278.08,S0346
P004639,How Football,Sports,Football,Vertex,574.71,426.68,S0054
P004640,Yet Appliances,Home,Appliances,NovaTech,177.26,128.56,S0208
P004641,Note Running,Sports,Running,EverBuy,1107.06,630.02,S0271
P004642,Often Shirts,Clothing,Shirts,NextGen,929.71,521.79,S0400
P004643,Image Shoes,Clothing,Shoes,PrimeGoods,1001.97,703.98,S0376
P004644,Others Decor,Home,Decor,NovaTech,1282.02,822.26,S0275
P004645,Down Shoes,Clothing,Shoes,NextGen,46.97,36.86,S0102
P004646,Talk Laptop,Electronics,Laptop,Vertex,139.93,117.89,S0387
P004647,Prevent Decor,Home,Decor,UrbanEdge,1528.29,895.09,S0065
P004648,Common Tablet,Electronics,Tablet,GlobalMart,799.11,461.89,S0474
P004649,Start Cricket,Sports,Cricket,EverBuy,640.97,443.12,S0071
P004650,Simply Kitchen,Home,Kitchen,Apex,231.02,130.04,S0267
P004651,Wish Business,Books,Business,NovaTech,1573.59,893.6,S0474
P004652,Bag Outdoor,Sports,Outdoor,GlobalMart,480.51,375.58,S0293
P004653,Fear Running,Sports,Running,PrimeGoods,603.38,457.73,S0284
P004654,Business Shoes,Clothing,Shoes,Vertex,950.11,547.39,S0021
P004655,Number Fitness,Sports,Fitness,PrimeGoods,188.43,149.69,S0403
P004656,Matter Cricket,Sports,Cricket,UrbanEdge,1354.84,794.89,S0088
P004657,Force Comics,Books,Comics,Vertex,817.66,647.82,S0129
P004658,New Furniture,Home,Furniture,NextGen,986.83,667.64,S0193
P004659,End Smartphone,Electronics,Smartphone,EverBuy,1175.98,826.89,S0494
P004660,His Laptop,Electronics,Laptop,EverBuy,364.99,273.57,S0159
P004661,Compare Monitor,Electronics,Monitor,Apex,1465.22,833.41,S0219
P004662,Yard Running,Sports,Running,NovaTech,136.56,108.13,S0212
P004663,Base Lighting,Home,Lighting,PrimeGoods,124.95,97.6,S0286
P004664,Area Fiction,Books,Fiction,GlobalMart,1027.37,590.98,S0052
P004665,Believe Trousers,Clothing,Trousers,Vertex,264.12,203.3,S0353
P004666,Fund Technology,Books,Technology,NovaTech,91.16,52.27,S0268
P004667,Ago Furniture,Home,Furniture,Vertex,1128.12,665.71,S0485
P004668,Paper Smartphone,Electronics,Smartphone,Apex,1200.54,859.88,S0252
P004669,None Smartphone,Electronics,Smartphone,UrbanEdge,365.74,227.74,S0154
P004670,Surface Trousers,Clothing,Trousers,UrbanEdge,674.36,388.77,S0081
P004671,Nature Business,Books,Business,Vertex,922.51,617.03,S0162
P004672,Here Outdoor,Sports,Outdoor,GlobalMart,951.88,531.01,S0368
P004673,Process Trousers,Clothing,Trousers,UrbanEdge,597.23,333.7,S0313
P004674,Very Business,Books,Business,NextGen,1222.52,889.81,S0243
P004675,Within Kitchen,Home,Kitchen,NextGen,1141.92,643.19,S0205
P004676,Relate Fiction,Books,Fiction,EverBuy,985.54,749.88,S0252
P004677,Card Appliances,Home,Appliances,UrbanEdge,1168.56,748.3,S0130
P004678,Approach Shoes,Clothing,Shoes,Apex,500.48,283.37,S0068
P004679,Cup Jackets,Clothing,Jackets,NextGen,83.84,61.6,S0107
P004680,Business Football,Sports,Football,NextGen,1096.69,800.54,S0251
P004681,Management Headphones,Electronics,Headphones,PrimeGoods,395.55,337.53,S0186
P004682,Difficult Accessories,Clothing,Accessories,EverBuy,1450.76,883.11,S0188
P004683,Population Business,Books,Business,EverBuy,314.98,186.09,S0107
P004684,Arm Laptop,Electronics,Laptop,EverBuy,1332.61,785.54,S0210
P004685,Million Jackets,Clothing,Jackets,EverBuy,380.89,249.67,S0191
P004686,Evidence Technology,Books,Technology,UrbanEdge,245.13,186.9,S0195
P004687,Language Lighting,Home,Lighting,EverBuy,147.84,103.22,S0066
P004688,Play Headphones,Electronics,Headphones,Vertex,977.26,789.26,S0128
P004689,Economy Laptop,Electronics,Laptop,Vertex,398.39,247.61,S0141
P004690,President Business,Books,Business,NovaTech,49.85,32.85,S0217
P004691,True Monitor,Electronics,Monitor,NovaTech,868.69,551.09,S0423
P004692,Return Running,Sports,Running,NovaTech,1409.76,996.41,S0064
P004693,Still Technology,Books,Technology,Apex,1211.28,995.55,S0135
P004694,High Headphones,Electronics,Headphones,EverBuy,1114.54,762.69,S0336
P004695,Can Running,Sports,Running,NovaTech,171.9,147.07,S0175
P004696,Performance Decor,Home,Decor,GlobalMart,1684.87,996.52,S0403
P004697,Father Fiction,Books,Fiction,NextGen,119.57,85.8,S0318
P004698,Pretty Football,Sports,Football,NovaTech,273.06,236.36,S0235
P004699,Technology Laptop,Electronics,Laptop,Apex,414.66,292.23,S0121
P004700,Rise Education,Books,Education,NovaTech,167.23,96.58,S0293
P004701,Conference Outdoor,Sports,Outdoor,EverBuy,891.57,677.4,S0275
P004702,More Business,Books,Business,Apex,124.01,80.6,S0056
P004703,Degree Business,Books,Business,GlobalMart,793.34,551.75,S0387
P004704,Role Monitor,Electronics,Monitor,Apex,1093.19,906.97,S0075
P004705,Expert Fitness,Sports,Fitness,UrbanEdge,900.97,712.98,S0167
P004706,Just Smartphone,Electronics,Smartphone,UrbanEdge,1099.33,818.65,S0292
P004707,Program Tablet,Electronics,Tablet,EverBuy,1072.8,858.96,S0495
P004708,Each Trousers,Clothing,Trousers,UrbanEdge,1611.14,913.13,S0387
P004709,Act Laptop,Electronics,Laptop,Apex,615.77,392.9,S0314
P004710,Form Monitor,Electronics,Monitor,UrbanEdge,551.84,386.67,S0450
P004711,Hear Jackets,Clothing,Jackets,PrimeGoods,97.17,79.14,S0085
P004712,Entire Tablet,Electronics,Tablet,Apex,786.69,554.41,S0450
P004713,Forget Monitor,Electronics,Monitor,NextGen,617.05,500.44,S0101
P004714,Argue Decor,Home,Decor,PrimeGoods,196.13,118.96,S0057
P004715,We Technology,Books,Technology,GlobalMart,405.67,249.56,S0149
P004716,Score Shirts,Clothing,Shirts,Vertex,1602.74,947.59,S0487
P004717,Step Outdoor,Sports,Outdoor,UrbanEdge,46.45,25.85,S0413
P004718,Send Jackets,Clothing,Jackets,Apex,1430.17,876.14,S0457
P004719,Cost Shoes,Clothing,Shoes,NextGen,492.11,348.4,S0007
P004720,Natural Monitor,Electronics,Monitor,NextGen,1548.59,945.5,S0092
P004721,Cause Lighting,Home,Lighting,PrimeGoods,1036.85,778.57,S0209
P004722,Staff Shoes,Clothing,Shoes,EverBuy,930.01,537.69,S0010
P004723,Participant Outdoor,Sports,Outdoor,GlobalMart,1085.73,843.45,S0128
P004724,Activity Outdoor,Sports,Outdoor,NovaTech,1192.67,860.69,S0311
P004725,Fund Shoes,Clothing,Shoes,UrbanEdge,287.83,233.43,S0063
P004726,More Technology,Books,Technology,UrbanEdge,568.56,460.27,S0116
P004727,Camera Comics,Books,Comics,UrbanEdge,27.36,15.94,S0354
P004728,Ok Education,Books,Education,NovaTech,150.4,100.06,S0451
P004729,This Laptop,Electronics,Laptop,NovaTech,220.84,189.14,S0220
P004730,Future Kitchen,Home,Kitchen,NextGen,316.05,215.03,S0096
P004731,Visit Education,Books,Education,Apex,256.53,161.93,S0435
P004732,Enjoy Education,Books,Education,PrimeGoods,44.48,38.03,S0195
P004733,Seek Education,Books,Education,Apex,1147.63,890.89,S0273
P004734,Notice Education,Books,Education,NextGen,1304.74,840.86,S0108
P004735,Impact Shoes,Clothing,Shoes,NovaTech,1079.82,805.98,S0278
P004736,Second Fiction,Books,Fiction,NextGen,193.14,114.23,S0311
P004737,Some Running,Sports,Running,UrbanEdge,144.75,90.64,S0119
P004738,Mr Cricket,Sports,Cricket,Vertex,202.08,160.15,S0129
P004739,Pattern Laptop,Electronics,Laptop,Vertex,288.54,165.47,S0170
P004740,Next Jackets,Clothing,Jackets,Vertex,193.7,158.27,S0249
P004741,Room Technology,Books,Technology,EverBuy,1070.88,879.58,S0164
P004742,Attack Shoes,Clothing,Shoes,UrbanEdge,681.83,461.09,S0213
P004743,Create Headphones,Electronics,Headphones,PrimeGoods,782.31,525.5,S0400
P004744,Network Education,Books,Education,NovaTech,1216.27,814.79,S0180
P004745,Represent Fitness,Sports,Fitness,UrbanEdge,707.56,519.42,S0038
P004746,Society Comics,Books,Comics,NovaTech,731.31,562.06,S0370
P004747,Me Comics,Books,Comics,Vertex,1476.33,885.15,S0188
P004748,Central Smartphone,Electronics,Smartphone,EverBuy,935.63,582.97,S0347
P004749,Price Technology,Books,Technology,NovaTech,267.81,230.89,S0191
P004750,National Fitness,Sports,Fitness,NextGen,880.52,577.58,S0347
P004751,Light Accessories,Clothing,Accessories,PrimeGoods,678.35,408.18,S0179
P004752,Need Technology,Books,Technology,NextGen,607.93,354.55,S0126
P004753,Tv Shirts,Clothing,Shirts,PrimeGoods,763.3,604.67,S0294
P004754,Nature Lighting,Home,Lighting,Apex,631.51,431.08,S0464
P004755,General Headphones,Electronics,Headphones,EverBuy,235.84,153.99,S0138
P004756,Network Fitness,Sports,Fitness,UrbanEdge,888.07,498.46,S0380
P004757,Together Monitor,Electronics,Monitor,GlobalMart,425.79,240.15,S0437
P004758,Nice Laptop,Electronics,Laptop,UrbanEdge,621.21,502.14,S0006
P004759,Believe Business,Books,Business,NextGen,1223.29,762.7,S0010
P004760,Dark Lighting,Home,Lighting,Apex,1017.38,812.73,S0139
P004761,Official Education,Books,Education,NextGen,34.45,21.27,S0098
P004762,Simple Cricket,Sports,Cricket,NextGen,211.88,159.1,S0086
P004763,Again Shirts,Clothing,Shirts,Apex,517.1,323.02,S0379
P004764,Inside Fitness,Sports,Fitness,NextGen,141.32,119.88,S0190
P004765,Under Business,Books,Business,GlobalMart,549.24,309.31,S0052
P004766,Participant Smartphone,Electronics,Smartphone,NextGen,285.88,177.31,S0183
P004767,Design Laptop,Electronics,Laptop,NextGen,1041.1,700.68,S0267
P004768,Generation Comics,Books,Comics,EverBuy,1427.23,951.96,S0009
P004769,Computer Education,Books,Education,NextGen,1096.58,882.83,S0081
P004770,Majority Laptop,Electronics,Laptop,UrbanEdge,870.31,496.44,S0250
P004771,Go Cricket,Sports,Cricket,Apex,210.99,145.57,S0187
P004772,Time Technology,Books,Technology,NextGen,1071.73,636.65,S0151
P004773,Tv Fitness,Sports,Fitness,NextGen,1044.01,752.08,S0261
P004774,New Technology,Books,Technology,UrbanEdge,1346.15,874.63,S0322
P004775,Mr Jackets,Clothing,Jackets,NextGen,1081.58,775.16,S0475
P004776,Tell Lighting,Home,Lighting,NextGen,568.63,455.85,S0456
P004777,Professional Running,Sports,Running,EverBuy,392.64,286.83,S0227
P004778,Market Shoes,Clothing,Shoes,EverBuy,283.21,194.97,S0137
P004779,Major Outdoor,Sports,Outdoor,PrimeGoods,505.46,282.59,S0164
P004780,Action Education,Books,Education,Vertex,919.98,511.65,S0242
P004781,Give Decor,Home,Decor,Apex,947.64,541.96,S0415
P004782,Grow Monitor,Electronics,Monitor,PrimeGoods,374.51,208.53,S0231
P004783,Realize Furniture,Home,Furniture,NextGen,23.25,18.85,S0119
P004784,Image Education,Books,Education,UrbanEdge,998.36,819.38,S0369
P004785,Clearly Furniture,Home,Furniture,Vertex,799.98,463.06,S0248
P004786,Cost Cricket,Sports,Cricket,PrimeGoods,1685.34,945.45,S0073
P004787,The Shoes,Clothing,Shoes,EverBuy,541.43,436.71,S0268
P004788,Our Fiction,Books,Fiction,NovaTech,1377.96,841.24,S0377
P004789,Article Shirts,Clothing,Shirts,EverBuy,1385.72,950.5,S0159
P004790,Newspaper Education,Books,Education,Vertex,1079.2,810.58,S0032
P004791,Action Technology,Books,Technology,Vertex,521.61,290.3,S0481
P004792,None Decor,Home,Decor,EverBuy,509.53,408.2,S0382
P004793,Behavior Education,Books,Education,PrimeGoods,730.34,550.26,S0389
P004794,Anything Laptop,Electronics,Laptop,NovaTech,1606.79,953.63,S0064
P004795,Loss Fitness,Sports,Fitness,NextGen,193.2,125.51,S0020
P004796,Court Appliances,Home,Appliances,NovaTech,539.28,306.79,S0195
P004797,Data Running,Sports,Running,GlobalMart,19.98,15.14,S0143
P004798,Bill Jackets,Clothing,Jackets,NextGen,1610.59,897.53,S0464
P004799,House Comics,Books,Comics,NovaTech,286.31,178.6,S0018
P004800,Top Decor,Home,Decor,NextGen,267.89,211.96,S0075
P004801,Science Tablet,Electronics,Tablet,EverBuy,245.57,190.19,S0374
P004802,Couple Cricket,Sports,Cricket,NextGen,637.84,419.04,S0106
P004803,Natural Trousers,Clothing,Trousers,NextGen,840.3,564.61,S0452
P004804,Simple Jackets,Clothing,Jackets,NovaTech,692.55,431.13,S0254
P004805,Performance Education,Books,Education,NextGen,479.85,391.49,S0391
P004806,Around Jackets,Clothing,Jackets,UrbanEdge,694.25,389.83,S0446
P004807,Series Outdoor,Sports,Outdoor,PrimeGoods,564.78,328.91,S0132
P004808,Thing Technology,Books,Technology,NextGen,828.22,586.62,S0013
P004809,Represent Trousers,Clothing,Trousers,UrbanEdge,686.94,506.03,S0379
P004810,Training Monitor,Electronics,Monitor,Apex,940.56,771.32,S0154
P004811,Moment Appliances,Home,Appliances,NovaTech,387.26,333.43,S0182
P004812,A Kitchen,Home,Kitchen,PrimeGoods,932.76,799.16,S0189
P004813,Allow Shoes,Clothing,Shoes,EverBuy,75.22,53.52,S0074
P004814,Blue Shirts,Clothing,Shirts,Apex,1402.49,863.67,S0450
P004815,Body Appliances,Home,Appliances,NovaTech,1443.18,994.89,S0201
P004816,Red Furniture,Home,Furniture,Apex,516.25,337.82,S0225
P004817,Daughter Technology,Books,Technology,PrimeGoods,565.53,411.8,S0401
P004818,Trial Decor,Home,Decor,Apex,271.37,215.15,S0129
P004819,Someone Kitchen,Home,Kitchen,EverBuy,775.58,450.18,S0061
P004820,Test Lighting,Home,Lighting,NovaTech,456.71,392.04,S0342
P004821,Mention Trousers,Clothing,Trousers,GlobalMart,906.21,611.08,S0004
P004822,Financial Business,Books,Business,EverBuy,1422.4,964.25,S0096
P004823,Age Shirts,Clothing,Shirts,GlobalMart,636.39,422.82,S0174
P004824,Defense Fiction,Books,Fiction,UrbanEdge,1666.93,982.52,S0215
P004825,Entire Monitor,Electronics,Monitor,Apex,412.71,280.31,S0358
P004826,Language Running,Sports,Running,PrimeGoods,450.16,344.72,S0045
P004827,Successful Smartphone,Electronics,Smartphone,GlobalMart,1523.0,997.85,S0094
P004828,Should Shirts,Clothing,Shirts,Vertex,1507.6,853.06,S0329
P004829,Degree Comics,Books,Comics,Apex,1135.03,802.24,S0067
P004830,Strong Monitor,Electronics,Monitor,GlobalMart,633.86,357.35,S0140
P004831,Affect Accessories,Clothing,Accessories,Apex,1301.69,926.31,S0126
P004832,Again Shoes,Clothing,Shoes,UrbanEdge,513.47,402.85,S0254
P004833,Technology Cricket,Sports,Cricket,UrbanEdge,1012.63,795.63,S0105
P004834,Gun Running,Sports,Running,GlobalMart,199.24,127.62,S0300
P004835,Yeah Tablet,Electronics,Tablet,PrimeGoods,428.02,242.94,S0040
P004836,Hand Smartphone,Electronics,Smartphone,NovaTech,400.22,332.36,S0049
P004837,Interest Monitor,Electronics,Monitor,NovaTech,878.68,531.7,S0253
P004838,Other Cricket,Sports,Cricket,NovaTech,345.71,252.03,S0211
P004839,Act Business,Books,Business,UrbanEdge,48.05,29.94,S0198
P004840,State Education,Books,Education,EverBuy,1189.02,697.75,S0473
P004841,Real Football,Sports,Football,NovaTech,1191.31,682.38,S0416
P004842,Choice Monitor,Electronics,Monitor,UrbanEdge,688.41,553.71,S0381
P004843,Too Lighting,Home,Lighting,GlobalMart,479.77,288.78,S0155
P004844,Let Shoes,Clothing,Shoes,EverBuy,1073.41,675.79,S0410
P004845,Company Technology,Books,Technology,GlobalMart,1264.69,800.59,S0252
P004846,Husband Furniture,Home,Furniture,UrbanEdge,221.8,144.64,S0009
P004847,Source Technology,Books,Technology,NovaTech,1099.88,636.67,S0020
P004848,Close Outdoor,Sports,Outdoor,EverBuy,1089.21,792.59,S0400
P004849,Not Kitchen,Home,Kitchen,NextGen,1026.36,683.82,S0221
P004850,Type Education,Books,Education,EverBuy,1065.2,755.1,S0355
P004851,Always Lighting,Home,Lighting,EverBuy,365.44,228.49,S0232
P004852,Enough Headphones,Electronics,Headphones,UrbanEdge,1166.02,817.0,S0167
P004853,Less Fiction,Books,Fiction,Vertex,968.95,779.13,S0038
P004854,Interview Lighting,Home,Lighting,Apex,1580.91,924.09,S0267
P004855,What Accessories,Clothing,Accessories,PrimeGoods,334.47,219.21,S0296
P004856,Half Comics,Books,Comics,Vertex,922.79,680.2,S0010
P004857,Fish Tablet,Electronics,Tablet,UrbanEdge,567.47,449.16,S0309
P004858,Fight Trousers,Clothing,Trousers,GlobalMart,608.94,477.09,S0163
P004859,Language Headphones,Electronics,Headphones,NextGen,613.63,529.35,S0080
P004860,Onto Shoes,Clothing,Shoes,Vertex,1048.84,729.03,S0154
P004861,As Fitness,Sports,Fitness,Apex,1413.48,957.62,S0108
P004862,Heart Education,Books,Education,EverBuy,1277.83,928.06,S0043
P004863,Present Business,Books,Business,PrimeGoods,1268.14,744.32,S0001
P004864,Word Shoes,Clothing,Shoes,UrbanEdge,324.03,206.57,S0432
P004865,Song Laptop,Electronics,Laptop,NovaTech,619.0,400.22,S0123
P004866,About Jackets,Clothing,Jackets,PrimeGoods,749.59,468.86,S0280
P004867,Deep Trousers,Clothing,Trousers,Vertex,449.81,366.19,S0391
P004868,Threat Laptop,Electronics,Laptop,UrbanEdge,1203.17,766.45,S0189
P004869,Line Trousers,Clothing,Trousers,NovaTech,1293.78,738.05,S0370
P004870,Another Shirts,Clothing,Shirts,Vertex,956.82,558.18,S0449
P004871,Tax Fitness,Sports,Fitness,NovaTech,862.32,634.07,S0349
P004872,Yes Education,Books,Education,EverBuy,301.33,220.04,S0031
P004873,Than Football,Sports,Football,Vertex,130.75,85.98,S0260
P004874,Government Running,Sports,Running,Apex,450.06,322.53,S0410
P004875,Then Tablet,Electronics,Tablet,NextGen,600.66,494.62,S0289
P004876,There Cricket,Sports,Cricket,UrbanEdge,465.61,345.37,S0329
P004877,Prepare Business,Books,Business,NovaTech,341.44,244.53,S0233
P004878,Worker Accessories,Clothing,Accessories,UrbanEdge,1192.59,949.48,S0184
P004879,Challenge Technology,Books,Technology,PrimeGoods,1176.27,903.57,S0335
P004880,American Smartphone,Electronics,Smartphone,EverBuy,606.19,526.93,S0085
P004881,Author Football,Sports,Football,NovaTech,152.46,93.53,S0384
P004882,Agent Monitor,Electronics,Monitor,GlobalMart,207.14,119.32,S0109
P004883,Sell Outdoor,Sports,Outdoor,Apex,1238.54,860.24,S0090
P004884,Science Outdoor,Sports,Outdoor,Vertex,1099.62,818.42,S0086
P004885,Discuss Fitness,Sports,Fitness,Vertex,169.24,146.55,S0102
P004886,Speech Furniture,Home,Furniture,Vertex,996.74,783.62,S0172
P004887,Single Football,Sports,Football,EverBuy,516.6,387.24,S0386
P004888,Fact Shirts,Clothing,Shirts,NovaTech,973.35,547.57,S0132
P004889,Order Tablet,Electronics,Tablet,Vertex,818.43,562.53,S0164
P004890,Have Jackets,Clothing,Jackets,Apex,1046.54,720.72,S0051
P004891,Pressure Trousers,Clothing,Trousers,UrbanEdge,330.6,205.37,S0045
P004892,Just Laptop,Electronics,Laptop,NextGen,928.04,673.66,S0144
P004893,Whole Cricket,Sports,Cricket,Apex,1427.21,869.15,S0482
P004894,Enter Education,Books,Education,NovaTech,933.2,598.56,S0143
P004895,Kind Monitor,Electronics,Monitor,Vertex,401.1,255.93,S0238
P004896,Special Tablet,Electronics,Tablet,NextGen,459.84,324.2,S0208
P004897,Investment Jackets,Clothing,Jackets,NovaTech,440.17,257.74,S0464
P004898,Guy Lighting,Home,Lighting,EverBuy,252.97,172.57,S0495
P004899,Cost Decor,Home,Decor,EverBuy,116.9,76.43,S0075
P004900,Today Shoes,Clothing,Shoes,GlobalMart,978.35,749.31,S0116
P004901,Benefit Furniture,Home,Furniture,EverBuy,1687.96,962.31,S0310
P004902,While Monitor,Electronics,Monitor,PrimeGoods,635.1,436.06,S0387
P004903,Travel Cricket,Sports,Cricket,Vertex,61.33,48.78,S0437
P004904,Avoid Decor,Home,Decor,NovaTech,848.34,523.21,S0195
P004905,Determine Fitness,Sports,Fitness,PrimeGoods,676.8,553.54,S0461
P004906,Director Shoes,Clothing,Shoes,UrbanEdge,98.46,60.58,S0331
P004907,Collection Running,Sports,Running,UrbanEdge,397.28,247.31,S0303
P004908,Treat Tablet,Electronics,Tablet,PrimeGoods,795.41,610.01,S0407
P004909,Cultural Comics,Books,Comics,EverBuy,1343.48,843.2,S0319
P004910,Recognize Smartphone,Electronics,Smartphone,PrimeGoods,978.03,759.22,S0226
P004911,Financial Shoes,Clothing,Shoes,NextGen,470.12,324.38,S0181
P004912,Agree Tablet,Electronics,Tablet,NovaTech,267.51,162.22,S0479
P004913,Author Comics,Books,Comics,Apex,108.38,82.15,S0343
P004914,Set Tablet,Electronics,Tablet,GlobalMart,1020.28,785.76,S0451
P004915,People Lighting,Home,Lighting,Apex,834.71,513.0,S0429
P004916,Policy Business,Books,Business,Vertex,361.88,206.03,S0455
P004917,Couple Jackets,Clothing,Jackets,GlobalMart,1513.55,876.68,S0393
P004918,Support Decor,Home,Decor,PrimeGoods,1244.92,928.86,S0271
P004919,Since Fitness,Sports,Fitness,GlobalMart,479.97,361.39,S0019
P004920,Land Education,Books,Education,EverBuy,216.52,148.97,S0313
P004921,Though Headphones,Electronics,Headphones,Vertex,902.5,591.32,S0151
P004922,Argue Laptop,Electronics,Laptop,EverBuy,391.91,305.62,S0132
P004923,Court Technology,Books,Technology,PrimeGoods,476.66,291.67,S0209
P004924,Social Cricket,Sports,Cricket,UrbanEdge,135.29,108.63,S0334
P004925,Cultural Shoes,Clothing,Shoes,UrbanEdge,904.05,587.86,S0207
P004926,Table Furniture,Home,Furniture,NovaTech,504.63,308.46,S0176
P004927,Myself Appliances,Home,Appliances,EverBuy,582.41,440.63,S0336
P004928,Right Jackets,Clothing,Jackets,EverBuy,953.94,772.26,S0083
P004929,Both Fitness,Sports,Fitness,NextGen,928.01,530.21,S0167
P004930,Need Laptop,Electronics,Laptop,UrbanEdge,1145.13,811.26,S0461
P004931,Position Outdoor,Sports,Outdoor,NextGen,544.53,324.0,S0298
P004932,Rather Shirts,Clothing,Shirts,PrimeGoods,973.56,803.77,S0184
P004933,Three Fitness,Sports,Fitness,NovaTech,412.33,281.12,S0258
P004934,Each Comics,Books,Comics,Apex,668.65,395.18,S0434
P004935,Individual Shirts,Clothing,Shirts,GlobalMart,1496.65,852.83,S0434
P004936,Among Kitchen,Home,Kitchen,NovaTech,387.64,227.4,S0122
P004937,Particular Football,Sports,Football,UrbanEdge,341.16,237.82,S0173
P004938,If Shoes,Clothing,Shoes,UrbanEdge,1205.82,781.95,S0452
P004939,Small Accessories,Clothing,Accessories,Apex,943.3,531.96,S0346
P004940,Perhaps Appliances,Home,Appliances,NextGen,812.56,674.75,S0442
P004941,Social Appliances,Home,Appliances,EverBuy,1159.53,778.86,S0124
P004942,High Shirts,Clothing,Shirts,Apex,1210.16,738.83,S0085
P004943,Statement Accessories,Clothing,Accessories,NextGen,644.33,397.65,S0027
P004944,Under Tablet,Electronics,Tablet,Vertex,907.35,600.25,S0172
P004945,Save Laptop,Electronics,Laptop,EverBuy,1215.11,825.91,S0477
P004946,Expect Shirts,Clothing,Shirts,UrbanEdge,1200.48,808.16,S0241
P004947,They Lighting,Home,Lighting,Vertex,1122.32,747.15,S0130
P004948,Book Shoes,Clothing,Shoes,NextGen,905.29,782.82,S0426
P004949,Surface Running,Sports,Running,PrimeGoods,1063.82,857.71,S0076
P004950,Open Fiction,Books,Fiction,GlobalMart,1296.44,909.55,S0452
P004951,Citizen Outdoor,Sports,Outdoor,NovaTech,959.84,714.36,S0142
P004952,Understand Education,Books,Education,Vertex,502.53,315.66,S0120
P004953,Son Fiction,Books,Fiction,UrbanEdge,1014.96,660.42,S0358
P004954,National Decor,Home,Decor,NovaTech,709.48,422.57,S0050
P004955,Discussion Comics,Books,Comics,UrbanEdge,1353.84,908.39,S0011
P004956,Friend Shirts,Clothing,Shirts,NextGen,1225.69,783.7,S0228
P004957,City Tablet,Electronics,Tablet,GlobalMart,1531.6,960.76,S0076
P004958,Suffer Running,Sports,Running,UrbanEdge,360.9,209.99,S0410
P004959,Old Decor,Home,Decor,PrimeGoods,61.09,43.75,S0155
P004960,Late Jackets,Clothing,Jackets,NextGen,980.29,550.68,S0259
P004961,Avoid Kitchen,Home,Kitchen,UrbanEdge,1143.77,959.6,S0041
P004962,Between Comics,Books,Comics,UrbanEdge,726.21,480.52,S0184
P004963,Friend Tablet,Electronics,Tablet,Apex,775.81,633.35,S0122
P004964,When Furniture,Home,Furniture,NextGen,1007.31,601.47,S0208
P004965,Design Monitor,Electronics,Monitor,PrimeGoods,508.68,370.27,S0454
P004966,Six Shoes,Clothing,Shoes,Vertex,1116.51,901.36,S0010
P004967,Suggest Fitness,Sports,Fitness,GlobalMart,120.47,101.63,S0378
P004968,Page Fiction,Books,Fiction,Vertex,1207.71,967.9,S0125
P004969,Sit Jackets,Clothing,Jackets,EverBuy,1320.7,903.26,S0166
P004970,Response Shoes,Clothing,Shoes,Vertex,1718.54,976.35,S0245
P004971,Answer Outdoor,Sports,Outdoor,GlobalMart,525.96,389.36,S0272
P004972,Factor Comics,Books,Comics,EverBuy,175.71,106.94,S0394
P004973,Break Decor,Home,Decor,PrimeGoods,88.49,58.9,S0392
P004974,Least Outdoor,Sports,Outdoor,NextGen,624.37,534.36,S0276
P004975,Pressure Tablet,Electronics,Tablet,EverBuy,1553.88,894.17,S0177
P004976,Leader Decor,Home,Decor,GlobalMart,688.18,572.4,S0104
P004977,National Fiction,Books,Fiction,PrimeGoods,1132.56,781.61,S0301
P004978,Find Appliances,Home,Appliances,GlobalMart,1703.25,987.81,S0367
P004979,Official Furniture,Home,Furniture,GlobalMart,714.22,529.88,S0032
P004980,Phone Monitor,Electronics,Monitor,NovaTech,1219.36,756.14,S0162
P004981,Single Fiction,Books,Fiction,UrbanEdge,808.28,638.11,S0418
P004982,Thousand Shoes,Clothing,Shoes,Apex,1041.12,839.39,S0451
P004983,Administration Business,Books,Business,GlobalMart,14.81,11.01,S0118
P004984,Challenge Fitness,Sports,Fitness,GlobalMart,150.3,124.52,S0348
P004985,Soldier Accessories,Clothing,Accessories,GlobalMart,320.58,190.59,S0408
P004986,Various Shirts,Clothing,Shirts,EverBuy,877.87,700.19,S0291
P004987,Individual Fiction,Books,Fiction,Vertex,710.28,510.0,S0335
P004988,Party Kitchen,Home,Kitchen,UrbanEdge,533.03,365.51,S0027
P004989,Half Shoes,Clothing,Shoes,PrimeGoods,992.75,594.5,S0457
P004990,Case Lighting,Home,Lighting,EverBuy,904.17,641.89,S0164
P004991,Choose Fiction,Books,Fiction,NextGen,1475.44,854.74,S0365
P004992,Second Accessories,Clothing,Accessories,UrbanEdge,481.05,355.95,S0214
P004993,Short Trousers,Clothing,Trousers,Vertex,1485.05,947.52,S0029
P004994,Morning Laptop,Electronics,Laptop,Vertex,688.85,456.73,S0474
P004995,Young Lighting,Home,Lighting,Apex,215.96,143.76,S0234
P004996,Program Laptop,Electronics,Laptop,EverBuy,1263.01,980.53,S0353
P004997,Show Education,Books,Education,PrimeGoods,1116.25,845.16,S0080
P004998,Budget Monitor,Electronics,Monitor,EverBuy,1171.96,718.85,S0190
P004999,Because Accessories,Clothing,Accessories,Apex,1082.67,754.0,S0110
P005000,Human Laptop,Electronics,Laptop,EverBuy,304.22,248.93,S0050
P005001,So Headphones,Electronics,Headphones,NovaTech,163.71,110.42,S0322
P005002,Along Furniture,Home,Furniture,UrbanEdge,1259.84,856.9,S0186
P005003,Generation Fitness,Sports,Fitness,EverBuy,241.76,135.06,S0167
P005004,Continue Comics,Books,Comics,UrbanEdge,210.52,148.87,S0099
P005005,Build Jackets,Clothing,Jackets,NextGen,727.21,420.67,S0028
P005006,None Furniture,Home,Furniture,Vertex,284.98,159.96,S0221
P005007,Suffer Lighting,Home,Lighting,NovaTech,910.01,610.76,S0347
P005008,Bad Accessories,Clothing,Accessories,UrbanEdge,1270.16,794.63,S0136
P005009,South Technology,Books,Technology,EverBuy,1502.91,926.51,S0180
P005010,American Technology,Books,Technology,Vertex,925.83,750.93,S0208
P005011,Style Smartphone,Electronics,Smartphone,UrbanEdge,733.39,528.14,S0342
P005012,Eight Jackets,Clothing,Jackets,GlobalMart,907.15,629.36,S0420
P005013,Everybody Football,Sports,Football,Vertex,389.43,276.32,S0117
P005014,Animal Education,Books,Education,Vertex,1614.34,988.41,S0349
P005015,Of Education,Books,Education,Vertex,919.37,574.27,S0500
P005016,Nature Furniture,Home,Furniture,NovaTech,248.8,185.53,S0494
P005017,Certain Cricket,Sports,Cricket,NovaTech,892.41,506.22,S0387
P005018,Not Monitor,Electronics,Monitor,NovaTech,625.07,463.41,S0103
P005019,According Monitor,Electronics,Monitor,UrbanEdge,1355.83,762.16,S0187
P005020,Property Headphones,Electronics,Headphones,EverBuy,525.07,337.26,S0494
P005021,Several Headphones,Electronics,Headphones,Vertex,947.18,581.32,S0168
P005022,Radio Shoes,Clothing,Shoes,GlobalMart,1086.0,738.09,S0003
P005023,Money Jackets,Clothing,Jackets,Apex,509.81,316.84,S0484
P005024,Blood Appliances,Home,Appliances,UrbanEdge,471.16,318.43,S0327
P005025,Technology Laptop,Electronics,Laptop,PrimeGoods,1062.12,658.49,S0370
P005026,Operation Lighting,Home,Lighting,Apex,1488.52,993.06,S0193
P005027,Four Furniture,Home,Furniture,Apex,912.38,775.58,S0442
P005028,Condition Running,Sports,Running,NovaTech,244.33,161.09,S0119
P005029,Hotel Business,Books,Business,GlobalMart,1074.02,755.92,S0368
P005030,Baby Outdoor,Sports,Outdoor,Apex,374.67,311.58,S0045
P005031,Message Education,Books,Education,NovaTech,1289.43,910.41,S0177
P005032,Far Decor,Home,Decor,GlobalMart,556.26,385.14,S0018
P005033,Physical Shirts,Clothing,Shirts,PrimeGoods,738.17,506.67,S0311
P005034,Social Headphones,Electronics,Headphones,UrbanEdge,1707.17,969.81,S0425
P005035,Than Fiction,Books,Fiction,UrbanEdge,812.56,625.48,S0088
P005036,Executive Business,Books,Business,NextGen,432.36,340.87,S0472
P005037,Only Accessories,Clothing,Accessories,Vertex,522.59,360.8,S0247
P005038,Age Fiction,Books,Fiction,Vertex,584.5,455.37,S0457
P005039,Alone Kitchen,Home,Kitchen,GlobalMart,776.3,522.97,S0398
P005040,Operation Tablet,Electronics,Tablet,UrbanEdge,495.58,307.58,S0104
P005041,Order Laptop,Electronics,Laptop,GlobalMart,692.72,537.51,S0189
P005042,Economy Laptop,Electronics,Laptop,Apex,817.75,494.98,S0092
P005043,Look Trousers,Clothing,Trousers,Vertex,727.12,586.7,S0061
P005044,Cover Comics,Books,Comics,EverBuy,341.63,289.35,S0429
P005045,Figure Football,Sports,Football,NovaTech,1272.84,930.6,S0036
P005046,Hour Comics,Books,Comics,Vertex,1042.22,615.89,S0343
P005047,Two Education,Books,Education,EverBuy,419.61,263.43,S0304
P005048,Idea Jackets,Clothing,Jackets,NovaTech,618.75,408.85,S0168
P005049,High Headphones,Electronics,Headphones,UrbanEdge,198.24,124.69,S0434
P005050,Send Fiction,Books,Fiction,Vertex,1495.76,950.28,S0048
P005051,Practice Shirts,Clothing,Shirts,NovaTech,492.37,392.99,S0425
P005052,Find Technology,Books,Technology,Vertex,1265.78,786.85,S0270
P005053,Factor Technology,Books,Technology,UrbanEdge,167.73,144.86,S0222
P005054,Strategy Education,Books,Education,NovaTech,1035.67,740.68,S0393
P005055,Argue Education,Books,Education,Apex,1246.2,840.68,S0180
P005056,General Tablet,Electronics,Tablet,GlobalMart,756.24,561.9,S0193
P005057,Together Comics,Books,Comics,NovaTech,1188.14,686.42,S0120
P005058,Seat Business,Books,Business,NextGen,178.61,116.57,S0215
P005059,Boy Shirts,Clothing,Shirts,PrimeGoods,1136.9,868.11,S0360
P005060,Cost Kitchen,Home,Kitchen,Vertex,1427.12,974.04,S0335
P005061,Finish Trousers,Clothing,Trousers,Vertex,314.29,181.18,S0490
P005062,Develop Lighting,Home,Lighting,GlobalMart,1226.64,967.47,S0465
P005063,Experience Furniture,Home,Furniture,UrbanEdge,546.25,322.06,S0316
P005064,Walk Decor,Home,Decor,NovaTech,593.13,336.78,S0389
P005065,Statement Tablet,Electronics,Tablet,Vertex,1031.09,858.08,S0100
P005066,Personal Headphones,Electronics,Headphones,Apex,273.02,161.25,S0479
P005067,Scientist Appliances,Home,Appliances,Vertex,985.76,755.6,S0030
P005068,Room Cricket,Sports,Cricket,PrimeGoods,949.0,563.89,S0085
P005069,Short Smartphone,Electronics,Smartphone,NextGen,1354.06,810.37,S0467
P005070,Federal Football,Sports,Football,Apex,1156.67,649.29,S0020
P005071,Detail Trousers,Clothing,Trousers,Apex,377.97,244.14,S0329
P005072,Actually Laptop,Electronics,Laptop,NextGen,288.01,180.88,S0035
P005073,Suddenly Education,Books,Education,GlobalMart,407.32,296.41,S0446
P005074,Go Tablet,Electronics,Tablet,PrimeGoods,351.1,232.5,S0308
P005075,Case Laptop,Electronics,Laptop,NovaTech,504.2,281.22,S0484
P005076,Take Monitor,Electronics,Monitor,Vertex,1037.32,877.07,S0254
P005077,Necessary Outdoor,Sports,Outdoor,GlobalMart,550.21,392.73,S0293
P005078,Sure Education,Books,Education,UrbanEdge,163.12,107.86,S0462
P005079,Mean Smartphone,Electronics,Smartphone,GlobalMart,126.92,105.48,S0056
P005080,Hair Tablet,Electronics,Tablet,Apex,1116.22,786.8,S0263
P005081,Energy Decor,Home,Decor,Vertex,545.4,404.13,S0439
P005082,Rather Laptop,Electronics,Laptop,NextGen,562.14,327.44,S0381
P005083,Such Jackets,Clothing,Jackets,PrimeGoods,1160.07,954.31,S0292
P005084,Clearly Business,Books,Business,PrimeGoods,1111.15,888.7,S0033
P005085,Effort Decor,Home,Decor,Apex,958.96,680.67,S0064
P005086,Plant Shirts,Clothing,Shirts,Apex,32.26,20.7,S0297
P005087,Discover Shoes,Clothing,Shoes,EverBuy,563.21,358.62,S0497
P005088,Eat Accessories,Clothing,Accessories,EverBuy,1253.04,848.97,S0107
P005089,Live Shirts,Clothing,Shirts,EverBuy,107.77,61.73,S0192
P005090,Quite Comics,Books,Comics,UrbanEdge,508.49,380.5,S0498
P005091,Role Smartphone,Electronics,Smartphone,UrbanEdge,1292.31,914.18,S0393
P005092,Me Shoes,Clothing,Shoes,EverBuy,1643.01,928.05,S0289
P005093,Forget Football,Sports,Football,GlobalMart,124.34,70.65,S0305
P005094,Song Furniture,Home,Furniture,Apex,1060.86,891.07,S0376
P005095,Peace Business,Books,Business,Apex,812.12,621.39,S0212
P005096,Myself Lighting,Home,Lighting,GlobalMart,38.82,26.98,S0303
P005097,Society Comics,Books,Comics,EverBuy,81.24,61.26,S0162
P005098,Daughter Football,Sports,Football,PrimeGoods,1280.95,972.22,S0492
P005099,Again Business,Books,Business,UrbanEdge,1037.34,721.45,S0116
P005100,By Fitness,Sports,Fitness,PrimeGoods,1486.79,940.77,S0318
P005101,Upon Lighting,Home,Lighting,Vertex,371.08,307.04,S0136
P005102,Recognize Fitness,Sports,Fitness,UrbanEdge,590.87,488.56,S0001
P005103,Force Jackets,Clothing,Jackets,UrbanEdge,94.98,81.99,S0450
P005104,Close Jackets,Clothing,Jackets,UrbanEdge,85.71,65.21,S0210
P005105,Tonight Jackets,Clothing,Jackets,GlobalMart,1098.77,674.51,S0315
P005106,So Accessories,Clothing,Accessories,NextGen,961.67,598.14,S0397
P005107,Indeed Comics,Books,Comics,GlobalMart,462.46,321.12,S0043
P005108,Purpose Decor,Home,Decor,NovaTech,1163.45,973.63,S0127
P005109,Red Tablet,Electronics,Tablet,GlobalMart,314.08,208.88,S0136
P005110,Husband Comics,Books,Comics,PrimeGoods,1420.03,809.08,S0476
P005111,Medical Cricket,Sports,Cricket,PrimeGoods,655.52,560.04,S0175
P005112,Present Headphones,Electronics,Headphones,PrimeGoods,1126.92,906.06,S0105
P005113,Machine Tablet,Electronics,Tablet,GlobalMart,684.15,534.5,S0375
P005114,Glass Football,Sports,Football,UrbanEdge,490.93,375.04,S0278
P005115,Ground Kitchen,Home,Kitchen,UrbanEdge,258.51,152.15,S0306
P005116,Piece Cricket,Sports,Cricket,NextGen,171.9,99.73,S0012
P005117,Community Education,Books,Education,EverBuy,1588.6,937.87,S0251
P005118,Soldier Monitor,Electronics,Monitor,EverBuy,939.64,778.99,S0286
P005119,All Monitor,Electronics,Monitor,Vertex,844.06,588.99,S0085
P005120,College Shoes,Clothing,Shoes,GlobalMart,1314.14,767.07,S0284
P005121,Hope Football,Sports,Football,Vertex,810.28,671.39,S0480
P005122,Person Shoes,Clothing,Shoes,Vertex,1438.63,836.44,S0174
P005123,Fund Education,Books,Education,EverBuy,321.34,219.79,S0350
P005124,Much Headphones,Electronics,Headphones,NextGen,674.92,518.31,S0052
P005125,Tonight Kitchen,Home,Kitchen,Apex,933.59,554.97,S0254
P005126,No Trousers,Clothing,Trousers,UrbanEdge,152.29,116.66,S0070
P005127,Talk Fitness,Sports,Fitness,NovaTech,1067.58,770.65,S0253
P005128,Knowledge Shirts,Clothing,Shirts,NextGen,289.82,217.29,S0409
P005129,Operation Shirts,Clothing,Shirts,NextGen,749.1,550.84,S0110
P005130,Arrive Shirts,Clothing,Shirts,NextGen,1132.93,923.97,S0449
P005131,Then Education,Books,Education,EverBuy,927.68,519.25,S0397
P005132,Instead Technology,Books,Technology,EverBuy,1643.39,979.37,S0477
P005133,Buy Education,Books,Education,NextGen,121.98,94.02,S0061
P005134,Animal Comics,Books,Comics,Apex,1288.77,991.17,S0381
P005135,Class Tablet,Electronics,Tablet,GlobalMart,1610.71,937.87,S0400
P005136,Add Headphones,Electronics,Headphones,NextGen,1090.38,627.88,S0441
P005137,He Furniture,Home,Furniture,Vertex,1142.1,637.05,S0438
P005138,Head Business,Books,Business,GlobalMart,576.88,362.09,S0053
P005139,Far Technology,Books,Technology,Vertex,1197.34,705.29,S0037
P005140,Pick Furniture,Home,Furniture,PrimeGoods,811.87,528.86,S0328
P005141,What Education,Books,Education,Vertex,346.84,200.16,S0331
P005142,Sit Education,Books,Education,UrbanEdge,416.73,308.23,S0338
P005143,Body Running,Sports,Running,UrbanEdge,1114.42,693.35,S0412
P005144,Know Tablet,Electronics,Tablet,GlobalMart,536.05,455.59,S0023
P005145,Continue Comics,Books,Comics,PrimeGoods,1099.44,755.13,S0447
P005146,Price Monitor,Electronics,Monitor,Vertex,514.96,289.55,S0079
P005147,Almost Trousers,Clothing,Trousers,Apex,832.4,490.09,S0206
P005148,Grow Education,Books,Education,NextGen,366.62,228.44,S0467
P005149,Especially Shoes,Clothing,Shoes,NovaTech,273.5,165.55,S0459
P005150,Window Cricket,Sports,Cricket,UrbanEdge,41.74,34.65,S0275
P005151,Later Jackets,Clothing,Jackets,NovaTech,1169.91,893.98,S0493
P005152,Rest Football,Sports,Football,NextGen,354.83,275.0,S0392
P005153,Range Business,Books,Business,UrbanEdge,648.86,451.29,S0297
P005154,Open Headphones,Electronics,Headphones,EverBuy,285.91,188.33,S0361
P005155,Ask Decor,Home,Decor,NextGen,616.95,388.2,S0155
P005156,Well Education,Books,Education,Apex,566.57,438.36,S0194
P005157,Cut Shirts,Clothing,Shirts,GlobalMart,1085.61,713.2,S0272
P005158,Name Kitchen,Home,Kitchen,PrimeGoods,1340.59,940.36,S0456
P005159,Play Headphones,Electronics,Headphones,EverBuy,357.04,299.38,S0167
P005160,North Shoes,Clothing,Shoes,Vertex,881.88,749.01,S0437
P005161,Step Outdoor,Sports,Outdoor,EverBuy,593.06,463.87,S0342
P005162,Certainly Appliances,Home,Appliances,EverBuy,977.51,744.97,S0271
P005163,Drive Furniture,Home,Furniture,NextGen,290.97,234.15,S0480
P005164,Research Fitness,Sports,Fitness,PrimeGoods,354.14,247.17,S0411
P005165,Total Smartphone,Electronics,Smartphone,PrimeGoods,1060.66,797.56,S0117
P005166,Yard Cricket,Sports,Cricket,NextGen,1419.61,803.42,S0301
P005167,Edge Comics,Books,Comics,Apex,273.05,216.58,S0463
P005168,During Technology,Books,Technology,PrimeGoods,585.52,471.88,S0071
P005169,Use Decor,Home,Decor,EverBuy,712.84,397.77,S0032
P005170,Wall Lighting,Home,Lighting,UrbanEdge,724.76,579.64,S0200
P005171,Notice Kitchen,Home,Kitchen,GlobalMart,1115.22,704.52,S0136
P005172,Sport Comics,Books,Comics,Apex,52.22,36.08,S0412
P005173,Staff Running,Sports,Running,Apex,1280.25,737.36,S0152
P005174,One Fiction,Books,Fiction,PrimeGoods,311.15,250.65,S0270
P005175,Kid Shoes,Clothing,Shoes,NovaTech,788.71,532.01,S0287
P005176,Loss Kitchen,Home,Kitchen,NextGen,1047.9,724.05,S0073
P005177,Enjoy Smartphone,Electronics,Smartphone,UrbanEdge,1151.0,960.05,S0468
P005178,Message Accessories,Clothing,Accessories,Vertex,240.86,178.89,S0076
P005179,None Tablet,Electronics,Tablet,NovaTech,329.65,196.03,S0414
P005180,That Cricket,Sports,Cricket,EverBuy,44.72,34.05,S0166
P005181,Of Comics,Books,Comics,Apex,90.33,68.74,S0184
P005182,Road Business,Books,Business,UrbanEdge,781.98,496.7,S0026
P005183,Tax Running,Sports,Running,NextGen,1013.24,661.74,S0460
P005184,Order Headphones,Electronics,Headphones,NovaTech,624.73,382.61,S0121
P005185,Newspaper Decor,Home,Decor,NovaTech,1500.11,865.62,S0001
P005186,Particularly Comics,Books,Comics,Apex,812.22,571.05,S0156
P005187,Social Fiction,Books,Fiction,NextGen,927.04,531.76,S0118
P005188,Suggest Shoes,Clothing,Shoes,Vertex,433.63,276.53,S0490
P005189,Get Running,Sports,Running,GlobalMart,801.15,596.92,S0114
P005190,Allow Decor,Home,Decor,GlobalMart,625.13,417.61,S0295
P005191,Avoid Trousers,Clothing,Trousers,EverBuy,81.76,54.84,S0467
P005192,Any Outdoor,Sports,Outdoor,NovaTech,657.79,376.37,S0067
P005193,Chair Fitness,Sports,Fitness,EverBuy,912.21,627.39,S0418
P005194,West Football,Sports,Football,PrimeGoods,1302.19,849.37,S0451
P005195,Oil Tablet,Electronics,Tablet,Vertex,669.86,519.8,S0127
P005196,Say Accessories,Clothing,Accessories,PrimeGoods,107.41,69.65,S0332
P005197,Let Headphones,Electronics,Headphones,Vertex,656.42,392.25,S0433
P005198,Note Jackets,Clothing,Jackets,PrimeGoods,1284.86,940.25,S0499
P005199,Thus Fitness,Sports,Fitness,Vertex,1143.51,807.33,S0040
P005200,Building Monitor,Electronics,Monitor,UrbanEdge,1397.9,948.11,S0221
P005201,Prove Lighting,Home,Lighting,EverBuy,353.48,239.63,S0056
P005202,Across Shirts,Clothing,Shirts,PrimeGoods,1001.03,753.63,S0294
P005203,More Trousers,Clothing,Trousers,UrbanEdge,1196.6,717.57,S0146
P005204,Off Tablet,Electronics,Tablet,NovaTech,156.42,125.9,S0408
P005205,Between Kitchen,Home,Kitchen,Apex,1087.01,708.76,S0433
P005206,Program Shoes,Clothing,Shoes,NextGen,726.36,472.7,S0265
P005207,Chair Trousers,Clothing,Trousers,NovaTech,1077.39,895.36,S0388
P005208,Model Lighting,Home,Lighting,GlobalMart,1088.54,647.28,S0168
P005209,Project Appliances,Home,Appliances,EverBuy,1416.14,902.94,S0096
P005210,Since Accessories,Clothing,Accessories,UrbanEdge,870.35,534.4,S0215
P005211,Often Kitchen,Home,Kitchen,PrimeGoods,506.77,437.32,S0104
P005212,Skill Shirts,Clothing,Shirts,NextGen,653.29,462.22,S0326
P005213,Fund Outdoor,Sports,Outdoor,NextGen,1389.82,945.89,S0328
P005214,Simple Football,Sports,Football,EverBuy,1316.09,946.21,S0299
P005215,Think Laptop,Electronics,Laptop,PrimeGoods,225.32,172.31,S0497
P005216,Inside Running,Sports,Running,EverBuy,651.36,549.98,S0179
P005217,Particular Fiction,Books,Fiction,Apex,509.46,399.57,S0103
P005218,Of Tablet,Electronics,Tablet,NovaTech,868.42,568.6,S0289
P005219,Nothing Smartphone,Electronics,Smartphone,EverBuy,1130.39,830.01,S0372
P005220,Population Furniture,Home,Furniture,UrbanEdge,29.44,22.77,S0299
P005221,His Football,Sports,Football,NovaTech,1303.28,913.84,S0014
P005222,Per Fitness,Sports,Fitness,GlobalMart,935.5,572.41,S0467
P005223,Family Furniture,Home,Furniture,Apex,755.54,471.51,S0442
P005224,Knowledge Comics,Books,Comics,NextGen,732.68,477.76,S0138
P005225,A Trousers,Clothing,Trousers,Apex,107.34,87.92,S0173
P005226,Change Cricket,Sports,Cricket,NextGen,1087.83,886.8,S0368
P005227,Spend Decor,Home,Decor,EverBuy,1187.94,663.75,S0145
P005228,Fish Education,Books,Education,Apex,175.59,142.63,S0318
P005229,Significant Running,Sports,Running,Vertex,670.27,488.12,S0033
P005230,All Monitor,Electronics,Monitor,NovaTech,690.92,568.16,S0035
P005231,In Appliances,Home,Appliances,PrimeGoods,788.19,473.08,S0101
P005232,Ask Fitness,Sports,Fitness,GlobalMart,500.81,365.63,S0298
P005233,Most Running,Sports,Running,NovaTech,906.21,761.0,S0466
P005234,Around Cricket,Sports,Cricket,EverBuy,1080.05,651.38,S0197
P005235,Site Fitness,Sports,Fitness,Vertex,969.22,828.37,S0239
P005236,Tv Shoes,Clothing,Shoes,Apex,275.68,154.75,S0208
P005237,Political Cricket,Sports,Cricket,Apex,672.57,428.82,S0192
P005238,Player Furniture,Home,Furniture,PrimeGoods,1055.27,827.92,S0428
P005239,Past Furniture,Home,Furniture,PrimeGoods,254.96,187.87,S0203
P005240,Reality Tablet,Electronics,Tablet,NovaTech,458.47,331.96,S0491
P005241,Leg Decor,Home,Decor,NextGen,833.33,677.32,S0026
P005242,Certainly Education,Books,Education,PrimeGoods,1014.15,767.1,S0423
P005243,Without Lighting,Home,Lighting,GlobalMart,1239.29,786.64,S0001
P005244,Win Monitor,Electronics,Monitor,PrimeGoods,676.56,393.73,S0226
P005245,Skin Smartphone,Electronics,Smartphone,EverBuy,879.49,589.11,S0040
P005246,Ahead Running,Sports,Running,NextGen,1399.4,778.22,S0420
P005247,Course Jackets,Clothing,Jackets,NextGen,1106.66,644.91,S0240
P005248,Voice Fitness,Sports,Fitness,NovaTech,187.51,108.25,S0135
P005249,Fund Fitness,Sports,Fitness,Vertex,57.42,40.49,S0183
P005250,Left Business,Books,Business,NovaTech,695.35,589.09,S0496
P005251,Seat Shirts,Clothing,Shirts,Apex,575.37,437.46,S0189
P005252,Lot Running,Sports,Running,Apex,568.3,358.92,S0271
P005253,Such Comics,Books,Comics,UrbanEdge,1537.1,860.62,S0039
P005254,Else Comics,Books,Comics,NovaTech,506.0,361.7,S0131
P005255,Couple Furniture,Home,Furniture,Apex,1062.71,731.97,S0122
P005256,Again Smartphone,Electronics,Smartphone,NextGen,1112.51,644.2,S0235
P005257,Say Fitness,Sports,Fitness,GlobalMart,454.3,387.99,S0111
P005258,Trouble Trousers,Clothing,Trousers,NovaTech,1033.08,603.01,S0333
P005259,Tv Trousers,Clothing,Trousers,Vertex,564.68,462.91,S0488
P005260,No Jackets,Clothing,Jackets,Apex,1068.63,636.51,S0076
P005261,Easy Kitchen,Home,Kitchen,PrimeGoods,255.68,162.33,S0011
P005262,Education Cricket,Sports,Cricket,EverBuy,33.03,25.96,S0076
P005263,Direction Jackets,Clothing,Jackets,GlobalMart,1692.23,940.85,S0173
P005264,Dog Comics,Books,Comics,GlobalMart,806.92,561.78,S0420
P005265,System Monitor,Electronics,Monitor,Apex,910.78,573.42,S0308
P005266,Book Shirts,Clothing,Shirts,PrimeGoods,682.12,426.76,S0283
P005267,Her Decor,Home,Decor,GlobalMart,306.91,200.14,S0415
P005268,Election Shirts,Clothing,Shirts,Apex,1548.0,960.58,S0321
P005269,Take Furniture,Home,Furniture,EverBuy,233.56,168.19,S0191
P005270,Front Jackets,Clothing,Jackets,Apex,775.32,542.79,S0492
P005271,Resource Decor,Home,Decor,NextGen,83.26,62.42,S0162
P005272,Our Tablet,Electronics,Tablet,Apex,774.12,445.39,S0100
P005273,Imagine Shirts,Clothing,Shirts,UrbanEdge,907.62,509.93,S0154
P005274,Of Decor,Home,Decor,NovaTech,814.72,509.99,S0382
P005275,Which Education,Books,Education,Vertex,846.17,669.13,S0193
P005276,Plan Trousers,Clothing,Trousers,GlobalMart,414.84,253.15,S0365
P005277,Goal Business,Books,Business,UrbanEdge,1258.74,851.2,S0469
P005278,Send Headphones,Electronics,Headphones,EverBuy,1060.27,774.19,S0260
P005279,Offer Education,Books,Education,GlobalMart,142.94,93.55,S0077
P005280,Force Kitchen,Home,Kitchen,NovaTech,1474.25,820.19,S0335
P005281,Ago Fiction,Books,Fiction,UrbanEdge,384.68,277.63,S0119
P005282,Blue Decor,Home,Decor,PrimeGoods,125.33,83.41,S0415
P005283,Price Shirts,Clothing,Shirts,PrimeGoods,250.38,192.16,S0030
P005284,Apply Accessories,Clothing,Accessories,PrimeGoods,973.17,598.05,S0216
P005285,Republican Trousers,Clothing,Trousers,NextGen,13.95,11.09,S0113
P005286,Attention Jackets,Clothing,Jackets,EverBuy,72.15,43.56,S0017
P005287,Author Education,Books,Education,Vertex,1630.72,909.77,S0497
P005288,Strong Headphones,Electronics,Headphones,Vertex,737.53,474.71,S0346
P005289,Increase Smartphone,Electronics,Smartphone,Vertex,1556.12,896.48,S0235
P005290,Fast Tablet,Electronics,Tablet,NextGen,514.74,391.77,S0354
P005291,Describe Trousers,Clothing,Trousers,Apex,495.54,384.99,S0299
P005292,Week Running,Sports,Running,NextGen,997.25,658.28,S0488
P005293,Turn Furniture,Home,Furniture,NovaTech,1462.46,847.2,S0177
P005294,Great Lighting,Home,Lighting,Apex,789.62,583.7,S0245
P005295,Someone Jackets,Clothing,Jackets,EverBuy,756.22,484.58,S0390
P005296,Professor Lighting,Home,Lighting,NextGen,1620.75,992.46,S0381
P005297,Leg Fiction,Books,Fiction,GlobalMart,720.2,559.3,S0267
P005298,Short Kitchen,Home,Kitchen,GlobalMart,1144.5,640.55,S0435
P005299,Safe Shoes,Clothing,Shoes,PrimeGoods,99.83,61.69,S0368
P005300,Case Kitchen,Home,Kitchen,NovaTech,615.72,521.95,S0311
P005301,Class Education,Books,Education,Apex,911.55,596.91,S0499
P005302,All Monitor,Electronics,Monitor,Apex,307.66,207.02,S0487
P005303,Seven Business,Books,Business,PrimeGoods,799.41,511.88,S0156
P005304,Only Running,Sports,Running,GlobalMart,1170.02,801.51,S0192
P005305,Attention Tablet,Electronics,Tablet,EverBuy,454.21,306.93,S0231
P005306,Somebody Fiction,Books,Fiction,EverBuy,758.44,648.91,S0265
P005307,If Laptop,Electronics,Laptop,UrbanEdge,1543.28,965.22,S0449
P005308,Responsibility Smartphone,Electronics,Smartphone,NextGen,693.93,459.3,S0164
P005309,Congress Accessories,Clothing,Accessories,Apex,452.4,331.05,S0415
P005310,Purpose Accessories,Clothing,Accessories,UrbanEdge,126.38,99.75,S0081
P005311,These Lighting,Home,Lighting,PrimeGoods,1568.07,895.55,S0089
P005312,Safe Education,Books,Education,EverBuy,387.97,216.02,S0435
P005313,Sense Fitness,Sports,Fitness,Vertex,308.41,220.0,S0024
P005314,Couple Furniture,Home,Furniture,PrimeGoods,329.76,223.39,S0288
P005315,Author Decor,Home,Decor,Apex,943.39,784.32,S0330
P005316,Hold Kitchen,Home,Kitchen,UrbanEdge,1695.16,954.19,S0205
P005317,Economic Technology,Books,Technology,UrbanEdge,861.57,478.87,S0209
P005318,Box Business,Books,Business,PrimeGoods,1453.3,980.65,S0394
P005319,Rather Furniture,Home,Furniture,UrbanEdge,402.75,264.47,S0434
P005320,Throw Appliances,Home,Appliances,NextGen,1668.88,968.61,S0036
P005321,In Appliances,Home,Appliances,Apex,557.96,429.74,S0296
P005322,Because Shirts,Clothing,Shirts,NovaTech,404.86,287.17,S0272
P005323,Chance Smartphone,Electronics,Smartphone,EverBuy,77.66,53.48,S0461
P005324,Ball Football,Sports,Football,NextGen,359.5,215.01,S0209
P005325,Activity Outdoor,Sports,Outdoor,Vertex,1052.02,715.08,S0498
P005326,Professional Football,Sports,Football,PrimeGoods,220.51,151.13,S0172
P005327,It Running,Sports,Running,Apex,1381.58,839.81,S0040
P005328,Sea Technology,Books,Technology,PrimeGoods,732.75,440.01,S0271
P005329,Week Lighting,Home,Lighting,GlobalMart,1143.63,835.79,S0136
P005330,Time Laptop,Electronics,Laptop,Vertex,70.09,47.82,S0016
P005331,Or Fiction,Books,Fiction,Apex,1401.9,882.21,S0310
P005332,Word Smartphone,Electronics,Smartphone,NovaTech,603.31,387.65,S0162
P005333,Trade Jackets,Clothing,Jackets,PrimeGoods,706.35,541.04,S0274
P005334,Election Laptop,Electronics,Laptop,Apex,579.9,434.73,S0003
P005335,Author Smartphone,Electronics,Smartphone,NextGen,1017.5,809.4,S0300
P005336,Attack Smartphone,Electronics,Smartphone,Apex,606.6,345.53,S0226
P005337,Others Fitness,Sports,Fitness,GlobalMart,1243.74,941.04,S0376
P005338,Power Monitor,Electronics,Monitor,GlobalMart,659.22,548.47,S0051
P005339,Will Fiction,Books,Fiction,GlobalMart,24.66,16.45,S0127
P005340,Really Fiction,Books,Fiction,NextGen,306.74,236.05,S0017
P005341,Child Fitness,Sports,Fitness,EverBuy,683.79,516.89,S0380
P005342,South Headphones,Electronics,Headphones,NextGen,261.27,152.44,S0285
P005343,Listen Fitness,Sports,Fitness,Apex,1240.87,774.39,S0482
P005344,More Outdoor,Sports,Outdoor,NextGen,137.2,104.54,S0303
P005345,Senior Furniture,Home,Furniture,NextGen,163.41,92.89,S0295
P005346,Thousand Tablet,Electronics,Tablet,UrbanEdge,857.88,538.28,S0083
P005347,Last Kitchen,Home,Kitchen,UrbanEdge,531.08,312.4,S0201
P005348,Suggest Appliances,Home,Appliances,UrbanEdge,1536.96,979.56,S0296
P005349,And Shirts,Clothing,Shirts,PrimeGoods,746.92,542.84,S0468
P005350,Lay Football,Sports,Football,NextGen,555.72,422.41,S0103
P005351,Seat Comics,Books,Comics,UrbanEdge,477.07,321.91,S0393
P005352,Marriage Appliances,Home,Appliances,GlobalMart,1226.07,702.03,S0309
P005353,Like Cricket,Sports,Cricket,GlobalMart,238.74,205.59,S0234
P005354,Necessary Headphones,Electronics,Headphones,Apex,922.0,645.34,S0122
P005355,Prevent Outdoor,Sports,Outdoor,GlobalMart,1012.08,591.63,S0146
P005356,Others Accessories,Clothing,Accessories,GlobalMart,1186.67,872.6,S0126
P005357,Cell Shoes,Clothing,Shoes,EverBuy,1135.15,850.51,S0210
P005358,Recently Cricket,Sports,Cricket,NextGen,541.61,373.65,S0439
P005359,Sea Shirts,Clothing,Shirts,NextGen,43.76,36.05,S0258
P005360,Material Cricket,Sports,Cricket,PrimeGoods,820.03,704.78,S0044
P005361,Bank Comics,Books,Comics,NovaTech,1289.8,721.15,S0492
P005362,Economic Tablet,Electronics,Tablet,PrimeGoods,879.04,682.53,S0054
P005363,Above Kitchen,Home,Kitchen,GlobalMart,186.82,119.23,S0404
P005364,Side Appliances,Home,Appliances,PrimeGoods,478.53,267.8,S0446
P005365,Not Fitness,Sports,Fitness,Vertex,889.99,518.99,S0293
P005366,Necessary Business,Books,Business,Vertex,737.51,608.56,S0270
P005367,Hear Fiction,Books,Fiction,PrimeGoods,992.33,754.3,S0055
P005368,Any Smartphone,Electronics,Smartphone,NextGen,816.51,533.89,S0404
P005369,Professor Football,Sports,Football,Apex,143.43,99.7,S0451
P005370,Company Jackets,Clothing,Jackets,GlobalMart,346.63,269.75,S0067
P005371,Natural Jackets,Clothing,Jackets,GlobalMart,1001.75,755.0,S0316
P005372,Develop Kitchen,Home,Kitchen,Apex,455.07,253.9,S0397
P005373,Store Cricket,Sports,Cricket,UrbanEdge,1059.38,605.35,S0331
P005374,Soldier Outdoor,Sports,Outdoor,PrimeGoods,744.04,502.69,S0066
P005375,Sister Cricket,Sports,Cricket,Apex,958.72,618.12,S0436
P005376,White Jackets,Clothing,Jackets,Apex,514.11,340.81,S0273
P005377,Thank Fiction,Books,Fiction,Vertex,1359.83,976.8,S0292
P005378,Can Shirts,Clothing,Shirts,Vertex,525.39,447.22,S0459
P005379,Expect Headphones,Electronics,Headphones,GlobalMart,162.2,122.59,S0056
P005380,Professor Appliances,Home,Appliances,NextGen,283.32,178.31,S0216
P005381,Not Jackets,Clothing,Jackets,Apex,1249.41,744.57,S0113
P005382,Approach Tablet,Electronics,Tablet,Vertex,1543.14,948.94,S0409
P005383,Clear Education,Books,Education,UrbanEdge,1242.25,816.46,S0172
P005384,Method Education,Books,Education,UrbanEdge,880.12,702.58,S0037
P005385,Rich Cricket,Sports,Cricket,NextGen,781.3,490.11,S0172
P005386,Author Tablet,Electronics,Tablet,Apex,192.99,131.48,S0483
P005387,Enjoy Decor,Home,Decor,GlobalMart,407.94,272.01,S0496
P005388,Remember Decor,Home,Decor,GlobalMart,634.29,390.99,S0037
P005389,Writer Decor,Home,Decor,EverBuy,1257.67,713.74,S0420
P005390,Together Decor,Home,Decor,EverBuy,1121.66,660.3,S0475
P005391,Heavy Shoes,Clothing,Shoes,Vertex,1367.88,780.86,S0029
P005392,Candidate Furniture,Home,Furniture,UrbanEdge,154.69,100.96,S0217
P005393,Way Laptop,Electronics,Laptop,PrimeGoods,1426.4,947.82,S0180
P005394,Few Smartphone,Electronics,Smartphone,NovaTech,820.0,621.74,S0151
P005395,Party Education,Books,Education,Vertex,654.76,392.7,S0233
P005396,Method Laptop,Electronics,Laptop,NovaTech,267.06,203.76,S0128
P005397,Attack Comics,Books,Comics,Apex,1255.54,927.45,S0423
P005398,Recognize Fiction,Books,Fiction,Apex,636.62,460.68,S0230
P005399,Attorney Running,Sports,Running,NovaTech,974.18,575.7,S0419
P005400,Important Outdoor,Sports,Outdoor,GlobalMart,746.5,443.88,S0348
P005401,Officer Outdoor,Sports,Outdoor,GlobalMart,1049.1,648.42,S0129
P005402,Plant Business,Books,Business,Apex,65.22,36.38,S0269
P005403,Available Headphones,Electronics,Headphones,NextGen,1198.07,693.15,S0266
P005404,Age Business,Books,Business,NovaTech,1433.16,847.78,S0088
P005405,Page Shirts,Clothing,Shirts,NextGen,1012.99,851.08,S0465
P005406,Place Smartphone,Electronics,Smartphone,NextGen,575.01,446.26,S0365
P005407,Design Football,Sports,Football,EverBuy,282.06,172.09,S0336
P005408,Whom Kitchen,Home,Kitchen,EverBuy,493.06,337.31,S0350
P005409,Adult Fitness,Sports,Fitness,GlobalMart,438.1,253.75,S0393
P005410,Office Accessories,Clothing,Accessories,GlobalMart,131.13,77.05,S0496
P005411,Later Decor,Home,Decor,EverBuy,39.82,27.92,S0133
P005412,Manage Jackets,Clothing,Jackets,NextGen,1165.52,816.47,S0078
P005413,However Monitor,Electronics,Monitor,EverBuy,557.56,379.9,S0174
P005414,Arrive Comics,Books,Comics,EverBuy,1089.16,744.12,S0485
P005415,Treatment Trousers,Clothing,Trousers,UrbanEdge,1010.35,741.4,S0267
P005416,Him Furniture,Home,Furniture,PrimeGoods,1112.84,818.84,S0289
P005417,Soon Comics,Books,Comics,Vertex,691.29,435.84,S0136
P005418,Difference Cricket,Sports,Cricket,PrimeGoods,502.82,393.51,S0094
P005419,Argue Business,Books,Business,Vertex,1051.9,677.51,S0013
P005420,Somebody Jackets,Clothing,Jackets,NovaTech,243.5,196.84,S0126
P005421,Test Laptop,Electronics,Laptop,EverBuy,36.9,25.6,S0446
P005422,Including Running,Sports,Running,GlobalMart,826.01,474.33,S0343
P005423,Seem Headphones,Electronics,Headphones,EverBuy,773.93,486.63,S0128
P005424,Writer Lighting,Home,Lighting,EverBuy,684.67,420.06,S0317
P005425,Travel Fitness,Sports,Fitness,PrimeGoods,769.28,532.29,S0320
P005426,Never Fitness,Sports,Fitness,EverBuy,249.34,201.2,S0047
P005427,Sport Furniture,Home,Furniture,GlobalMart,675.7,557.59,S0125
P005428,Recognize Accessories,Clothing,Accessories,Apex,770.88,655.57,S0496
P005429,Physical Running,Sports,Running,UrbanEdge,1554.79,927.9,S0085
P005430,Down Running,Sports,Running,EverBuy,1027.68,683.37,S0070
P005431,Or Shirts,Clothing,Shirts,EverBuy,1295.4,794.02,S0056
P005432,Brother Business,Books,Business,EverBuy,681.13,506.95,S0458
P005433,Tv Decor,Home,Decor,NextGen,1163.5,923.17,S0024
P005434,Management Education,Books,Education,NovaTech,662.43,546.89,S0374
P005435,Shoulder Jackets,Clothing,Jackets,EverBuy,1499.84,835.2,S0413
P005436,Only Running,Sports,Running,PrimeGoods,33.57,18.8,S0188
P005437,Let Comics,Books,Comics,NovaTech,760.57,479.86,S0216
P005438,Let Shoes,Clothing,Shoes,Apex,1355.2,786.38,S0294
P005439,Vote Lighting,Home,Lighting,UrbanEdge,422.33,346.55,S0491
P005440,Billion Lighting,Home,Lighting,NovaTech,289.92,245.97,S0455
P005441,Customer Outdoor,Sports,Outdoor,Apex,525.43,317.01,S0250
P005442,Part Business,Books,Business,PrimeGoods,779.21,498.17,S0452
P005443,Describe Fitness,Sports,Fitness,GlobalMart,1028.6,799.42,S0143
P005444,Audience Shirts,Clothing,Shirts,NextGen,514.14,291.78,S0057
P005445,Hotel Decor,Home,Decor,NovaTech,367.3,211.4,S0004
P005446,Young Education,Books,Education,Vertex,987.57,753.52,S0243
P005447,Difficult Outdoor,Sports,Outdoor,GlobalMart,103.3,84.88,S0125
P005448,Health Lighting,Home,Lighting,GlobalMart,777.07,478.57,S0091
P005449,Summer Business,Books,Business,EverBuy,395.03,341.71,S0318
P005450,Same Accessories,Clothing,Accessories,UrbanEdge,629.83,376.25,S0012
P005451,Late Smartphone,Electronics,Smartphone,GlobalMart,1363.26,860.13,S0451
P005452,There Furniture,Home,Furniture,GlobalMart,1599.32,905.38,S0019
P005453,Subject Furniture,Home,Furniture,Vertex,830.1,693.89,S0401
P005454,Trial Running,Sports,Running,Apex,991.34,815.19,S0439
P005455,Analysis Shoes,Clothing,Shoes,GlobalMart,691.7,396.14,S0384
P005456,Large Decor,Home,Decor,Apex,1592.18,990.9,S0262
P005457,Return Cricket,Sports,Cricket,EverBuy,981.75,615.41,S0238
P005458,Mention Cricket,Sports,Cricket,Vertex,651.74,499.13,S0264
P005459,Opportunity Football,Sports,Football,PrimeGoods,18.64,12.85,S0217
P005460,Find Decor,Home,Decor,Vertex,613.35,462.41,S0374
P005461,Toward Accessories,Clothing,Accessories,UrbanEdge,646.24,500.61,S0410
P005462,Capital Lighting,Home,Lighting,NovaTech,218.03,189.5,S0358
P005463,Eat Furniture,Home,Furniture,Vertex,1383.71,773.67,S0105
P005464,Move Football,Sports,Football,NovaTech,385.92,300.26,S0357
P005465,To Lighting,Home,Lighting,Vertex,865.39,555.3,S0495
P005466,Part Appliances,Home,Appliances,PrimeGoods,785.73,441.24,S0047
P005467,Blue Comics,Books,Comics,NovaTech,354.17,275.89,S0032
P005468,Mean Trousers,Clothing,Trousers,GlobalMart,52.51,37.88,S0174
P005469,Region Shoes,Clothing,Shoes,PrimeGoods,905.53,545.42,S0351
P005470,Discussion Jackets,Clothing,Jackets,EverBuy,991.76,642.94,S0438
P005471,For Tablet,Electronics,Tablet,GlobalMart,150.81,93.6,S0140
P005472,Administration Smartphone,Electronics,Smartphone,EverBuy,677.28,376.5,S0130
P005473,Significant Monitor,Electronics,Monitor,NovaTech,338.23,229.56,S0367
P005474,Mrs Headphones,Electronics,Headphones,Apex,783.53,464.07,S0347
P005475,Main Technology,Books,Technology,GlobalMart,573.53,332.3,S0421
P005476,Save Education,Books,Education,EverBuy,1184.71,798.3,S0426
P005477,Theory Comics,Books,Comics,Apex,403.66,289.84,S0255
P005478,Including Comics,Books,Comics,Apex,1156.8,901.78,S0464
P005479,Apply Running,Sports,Running,UrbanEdge,353.97,231.94,S0273
P005480,Audience Smartphone,Electronics,Smartphone,UrbanEdge,994.18,726.42,S0070
P005481,Partner Lighting,Home,Lighting,NovaTech,1536.93,860.51,S0074
P005482,Dinner Cricket,Sports,Cricket,NextGen,1363.08,828.24,S0100
P005483,Piece Football,Sports,Football,Vertex,987.86,731.21,S0493
P005484,Forward Accessories,Clothing,Accessories,EverBuy,727.35,409.0,S0141
P005485,Whom Comics,Books,Comics,Apex,177.17,106.02,S0174
P005486,Her Business,Books,Business,Apex,182.29,124.33,S0388
P005487,Response Appliances,Home,Appliances,PrimeGoods,1137.6,808.61,S0478
P005488,Party Appliances,Home,Appliances,Apex,1487.27,935.05,S0043
P005489,Outside Appliances,Home,Appliances,GlobalMart,138.29,93.6,S0014
P005490,Industry Decor,Home,Decor,Vertex,1170.06,784.89,S0130
P005491,Language Lighting,Home,Lighting,EverBuy,730.23,622.78,S0156
P005492,Include Business,Books,Business,EverBuy,1112.02,708.76,S0164
P005493,Perhaps Shoes,Clothing,Shoes,EverBuy,176.44,140.29,S0407
P005494,Everyone Running,Sports,Running,GlobalMart,885.38,506.81,S0398
P005495,Approach Fiction,Books,Fiction,GlobalMart,1329.87,888.12,S0413
P005496,Notice Comics,Books,Comics,EverBuy,1034.88,714.28,S0411
P005497,Keep Shoes,Clothing,Shoes,Apex,886.13,709.71,S0200
P005498,His Appliances,Home,Appliances,UrbanEdge,561.89,467.92,S0261
P005499,Mention Trousers,Clothing,Trousers,UrbanEdge,388.91,268.23,S0013
P005500,Do Shoes,Clothing,Shoes,Vertex,698.91,589.72,S0327
P005501,Activity Education,Books,Education,UrbanEdge,1036.17,862.17,S0108
P005502,Part Appliances,Home,Appliances,Vertex,488.76,350.8,S0329
P005503,Defense Appliances,Home,Appliances,Vertex,62.42,51.98,S0330
P005504,Health Business,Books,Business,Apex,520.54,379.57,S0459
P005505,Marriage Tablet,Electronics,Tablet,PrimeGoods,338.21,200.2,S0092
P005506,Produce Cricket,Sports,Cricket,Apex,506.93,297.32,S0262
P005507,Fire Football,Sports,Football,EverBuy,406.93,305.5,S0253
P005508,Rich Accessories,Clothing,Accessories,Apex,40.11,31.82,S0212
P005509,Require Jackets,Clothing,Jackets,PrimeGoods,1210.34,990.3,S0029
P005510,Main Fiction,Books,Fiction,NextGen,1561.25,903.3,S0073
P005511,Audience Furniture,Home,Furniture,Vertex,1266.24,825.15,S0298
P005512,Hospital Shoes,Clothing,Shoes,NovaTech,170.74,107.2,S0304
P005513,Situation Decor,Home,Decor,Vertex,1506.78,837.19,S0421
P005514,Get Business,Books,Business,EverBuy,659.09,459.66,S0172
P005515,Learn Appliances,Home,Appliances,Vertex,1243.88,819.44,S0032
P005516,National Cricket,Sports,Cricket,Vertex,1008.88,628.24,S0288
P005517,Rate Jackets,Clothing,Jackets,UrbanEdge,607.45,445.23,S0393
P005518,Fine Decor,Home,Decor,UrbanEdge,1019.36,662.56,S0240
P005519,Position Kitchen,Home,Kitchen,UrbanEdge,398.19,223.02,S0110
P005520,Commercial Laptop,Electronics,Laptop,EverBuy,508.74,354.24,S0403
P005521,Draw Headphones,Electronics,Headphones,Apex,870.27,672.1,S0379
P005522,Specific Tablet,Electronics,Tablet,NextGen,233.04,171.47,S0211
P005523,Local Accessories,Clothing,Accessories,Apex,1072.39,608.47,S0012
P005524,Describe Cricket,Sports,Cricket,EverBuy,417.39,261.26,S0184
P005525,Describe Football,Sports,Football,UrbanEdge,1357.4,829.6,S0097
P005526,Play Headphones,Electronics,Headphones,GlobalMart,358.62,277.0,S0500
P005527,Official Running,Sports,Running,UrbanEdge,1093.79,633.8,S0243
P005528,Culture Decor,Home,Decor,PrimeGoods,654.21,412.48,S0154
P005529,Leave Football,Sports,Football,PrimeGoods,1138.63,854.22,S0312
P005530,Improve Jackets,Clothing,Jackets,UrbanEdge,717.32,435.17,S0329
P005531,Guess Kitchen,Home,Kitchen,GlobalMart,1420.36,953.29,S0113
P005532,Piece Running,Sports,Running,NextGen,890.05,514.18,S0369
P005533,Late Laptop,Electronics,Laptop,UrbanEdge,738.46,436.39,S0376
P005534,Animal Shirts,Clothing,Shirts,GlobalMart,687.21,441.88,S0308
P005535,Here Smartphone,Electronics,Smartphone,EverBuy,219.82,167.62,S0189
P005536,Ready Smartphone,Electronics,Smartphone,NextGen,409.88,233.68,S0016
P005537,Budget Lighting,Home,Lighting,NextGen,1546.16,890.68,S0494
P005538,Nor Monitor,Electronics,Monitor,EverBuy,1194.99,751.71,S0052
P005539,Kind Fiction,Books,Fiction,Apex,433.37,271.82,S0134
P005540,Others Business,Books,Business,UrbanEdge,1240.88,997.34,S0258
P005541,Thought Furniture,Home,Furniture,Apex,1474.02,931.7,S0323
P005542,Conference Accessories,Clothing,Accessories,NextGen,419.11,290.76,S0090
P005543,Quickly Laptop,Electronics,Laptop,UrbanEdge,449.53,384.68,S0350
P005544,Air Trousers,Clothing,Trousers,NovaTech,432.14,297.78,S0197
P005545,Anything Decor,Home,Decor,EverBuy,1045.25,650.52,S0494
P005546,Piece Fiction,Books,Fiction,EverBuy,925.65,587.16,S0240
P005547,After Fiction,Books,Fiction,GlobalMart,532.69,437.6,S0442
P005548,Expert Shoes,Clothing,Shoes,UrbanEdge,805.06,537.9,S0344
P005549,Wife Furniture,Home,Furniture,EverBuy,272.2,214.15,S0239
P005550,Protect Shirts,Clothing,Shirts,UrbanEdge,899.56,641.23,S0498
P005551,Yard Fiction,Books,Fiction,PrimeGoods,1674.17,938.17,S0172
P005552,Walk Football,Sports,Football,PrimeGoods,1173.3,922.41,S0163
P005553,Once Business,Books,Business,PrimeGoods,199.93,150.12,S0013
P005554,Body Technology,Books,Technology,NovaTech,42.32,27.28,S0248
P005555,Provide Cricket,Sports,Cricket,GlobalMart,1316.52,795.8,S0317
P005556,Probably Business,Books,Business,NextGen,936.15,693.25,S0263
P005557,Market Laptop,Electronics,Laptop,GlobalMart,1207.65,761.42,S0494
P005558,While Jackets,Clothing,Jackets,UrbanEdge,144.92,93.02,S0281
P005559,Bank Outdoor,Sports,Outdoor,PrimeGoods,260.63,196.98,S0398
P005560,Yard Comics,Books,Comics,Vertex,1076.18,821.07,S0022
P005561,Long Football,Sports,Football,NovaTech,1050.49,897.73,S0058
P005562,Pass Comics,Books,Comics,PrimeGoods,786.99,533.8,S0443
P005563,Drug Furniture,Home,Furniture,PrimeGoods,997.55,665.77,S0271
P005564,Really Tablet,Electronics,Tablet,Apex,293.32,217.2,S0323
P005565,Feel Jackets,Clothing,Jackets,GlobalMart,1342.01,872.73,S0119
P005566,Consider Comics,Books,Comics,NovaTech,1548.04,896.96,S0274
P005567,Let Shirts,Clothing,Shirts,NextGen,49.79,28.25,S0175
P005568,Bar Technology,Books,Technology,GlobalMart,1226.96,702.4,S0450
P005569,It Business,Books,Business,GlobalMart,637.4,430.56,S0251
P005570,Far Monitor,Electronics,Monitor,NextGen,486.88,279.65,S0260
P005571,Wrong Lighting,Home,Lighting,NextGen,15.16,10.87,S0231
P005572,Common Outdoor,Sports,Outdoor,Vertex,1275.68,865.17,S0474
P005573,Much Decor,Home,Decor,NovaTech,1167.01,875.48,S0375
P005574,Yet Football,Sports,Football,Apex,500.42,405.62,S0390
P005575,Cover Trousers,Clothing,Trousers,Vertex,571.07,475.02,S0464
P005576,Music Fitness,Sports,Fitness,Apex,187.77,131.8,S0202
P005577,Though Decor,Home,Decor,NextGen,1263.97,841.02,S0480
P005578,How Smartphone,Electronics,Smartphone,GlobalMart,440.64,263.01,S0078
P005579,Reveal Lighting,Home,Lighting,EverBuy,1110.69,832.2,S0018
P005580,Loss Shirts,Clothing,Shirts,NovaTech,151.37,85.96,S0039
P005581,Spend Appliances,Home,Appliances,NextGen,661.72,497.1,S0299
P005582,Leg Comics,Books,Comics,NovaTech,1499.45,980.0,S0037
P005583,Vote Monitor,Electronics,Monitor,PrimeGoods,81.06,69.73,S0336
P005584,Color Fiction,Books,Fiction,Vertex,353.24,210.74,S0273
P005585,Pick Lighting,Home,Lighting,NextGen,504.82,341.6,S0175
P005586,Very Cricket,Sports,Cricket,NextGen,847.81,475.86,S0181
P005587,Suggest Furniture,Home,Furniture,NextGen,1236.06,957.11,S0006
P005588,Market Accessories,Clothing,Accessories,UrbanEdge,261.3,187.55,S0364
P005589,Have Outdoor,Sports,Outdoor,Apex,501.73,411.37,S0185
P005590,Head Monitor,Electronics,Monitor,Vertex,1408.7,993.51,S0289
P005591,Challenge Smartphone,Electronics,Smartphone,NovaTech,1076.59,863.85,S0228
P005592,Worker Shoes,Clothing,Shoes,EverBuy,516.38,291.47,S0024
P005593,Media Business,Books,Business,PrimeGoods,1166.92,701.46,S0420
P005594,Recently Technology,Books,Technology,Apex,1182.83,901.79,S0266
P005595,Financial Appliances,Home,Appliances,PrimeGoods,881.6,764.51,S0160
P005596,Finally Smartphone,Electronics,Smartphone,NextGen,1305.2,745.97,S0070
P005597,Edge Fiction,Books,Fiction,GlobalMart,165.7,105.95,S0372
P005598,Keep Fiction,Books,Fiction,GlobalMart,350.45,303.23,S0266
P005599,South Fiction,Books,Fiction,Vertex,1594.9,962.67,S0256
P005600,Group Accessories,Clothing,Accessories,NextGen,1157.3,746.19,S0172
P005601,Music Headphones,Electronics,Headphones,Vertex,669.19,578.35,S0016
P005602,Table Lighting,Home,Lighting,EverBuy,84.51,61.52,S0433
P005603,Name Tablet,Electronics,Tablet,EverBuy,736.67,522.15,S0054
P005604,Near Business,Books,Business,NovaTech,1565.55,929.86,S0136
P005605,Nation Kitchen,Home,Kitchen,GlobalMart,303.19,184.97,S0346
P005606,More Lighting,Home,Lighting,UrbanEdge,444.56,282.54,S0442
P005607,Figure Fitness,Sports,Fitness,PrimeGoods,1094.68,741.44,S0328
P005608,Thousand Trousers,Clothing,Trousers,Vertex,1162.15,986.61,S0433
P005609,Finish Tablet,Electronics,Tablet,Apex,834.07,599.67,S0271
P005610,Huge Shirts,Clothing,Shirts,PrimeGoods,452.2,380.34,S0452
P005611,Fill Business,Books,Business,PrimeGoods,323.03,221.55,S0074
P005612,Move Laptop,Electronics,Laptop,UrbanEdge,516.7,354.35,S0161
P005613,Though Running,Sports,Running,Vertex,850.67,558.56,S0327
P005614,Threat Fitness,Sports,Fitness,NextGen,1213.31,967.16,S0040
P005615,Them Tablet,Electronics,Tablet,Vertex,246.17,192.33,S0326
P005616,Authority Comics,Books,Comics,EverBuy,242.7,163.4,S0354
P005617,Name Kitchen,Home,Kitchen,Apex,1040.46,770.82,S0268
P005618,Commercial Appliances,Home,Appliances,NovaTech,683.04,463.9,S0205
P005619,Song Tablet,Electronics,Tablet,UrbanEdge,916.41,642.47,S0377
P005620,However Shirts,Clothing,Shirts,GlobalMart,490.79,413.87,S0335
P005621,Hard Appliances,Home,Appliances,EverBuy,288.18,169.2,S0126
P005622,Gun Headphones,Electronics,Headphones,GlobalMart,40.04,29.83,S0412
P005623,Growth Comics,Books,Comics,NextGen,1551.23,970.38,S0443
P005624,Myself Technology,Books,Technology,PrimeGoods,1032.83,624.91,S0344
P005625,Use Business,Books,Business,PrimeGoods,90.06,71.47,S0423
P005626,Store Outdoor,Sports,Outdoor,UrbanEdge,999.4,733.45,S0170
P005627,Soldier Lighting,Home,Lighting,PrimeGoods,566.0,320.17,S0002
P005628,Sister Education,Books,Education,NovaTech,367.62,242.56,S0061
P005629,Model Trousers,Clothing,Trousers,NextGen,108.69,78.37,S0283
P005630,Article Shirts,Clothing,Shirts,UrbanEdge,1377.6,802.1,S0083
P005631,Generation Education,Books,Education,PrimeGoods,1091.0,627.63,S0104
P005632,Some Headphones,Electronics,Headphones,Vertex,694.73,549.4,S0008
P005633,Five Kitchen,Home,Kitchen,Vertex,1249.03,871.42,S0058
P005634,Gun Outdoor,Sports,Outdoor,NextGen,805.85,471.03,S0488
P005635,Arrive Shoes,Clothing,Shoes,GlobalMart,96.59,67.68,S0351
P005636,On Fitness,Sports,Fitness,NextGen,1046.88,680.35,S0417
P005637,Talk Monitor,Electronics,Monitor,PrimeGoods,808.23,463.51,S0461
P005638,Up Running,Sports,Running,Vertex,608.9,472.68,S0351
P005639,Own Headphones,Electronics,Headphones,NovaTech,104.44,64.12,S0139
P005640,Design Smartphone,Electronics,Smartphone,GlobalMart,469.79,358.96,S0482
P005641,Public Business,Books,Business,GlobalMart,472.1,389.22,S0431
P005642,Issue Appliances,Home,Appliances,NovaTech,420.14,245.3,S0146
P005643,Run Jackets,Clothing,Jackets,Vertex,175.78,116.93,S0166
P005644,Total Shoes,Clothing,Shoes,Vertex,1200.52,881.37,S0434
P005645,Day Lighting,Home,Lighting,Vertex,912.85,708.69,S0170
P005646,Window Trousers,Clothing,Trousers,NovaTech,265.69,212.84,S0261
P005647,House Smartphone,Electronics,Smartphone,UrbanEdge,981.8,765.99,S0230
P005648,Success Education,Books,Education,NextGen,1304.0,823.37,S0112
P005649,Able Education,Books,Education,PrimeGoods,903.38,595.29,S0426
P005650,Create Shirts,Clothing,Shirts,Vertex,501.87,286.66,S0280
P005651,Life Monitor,Electronics,Monitor,GlobalMart,1387.4,905.47,S0270
P005652,Physical Fiction,Books,Fiction,Vertex,1333.0,759.79,S0022
P005653,Impact Decor,Home,Decor,NextGen,910.45,741.08,S0196
P005654,Others Accessories,Clothing,Accessories,NextGen,1677.26,972.33,S0232
P005655,Open Trousers,Clothing,Trousers,PrimeGoods,849.97,569.89,S0160
P005656,See Decor,Home,Decor,Vertex,460.86,306.61,S0032
P005657,Cover Cricket,Sports,Cricket,UrbanEdge,916.11,675.35,S0285
P005658,Main Trousers,Clothing,Trousers,EverBuy,118.2,77.78,S0138
P005659,Game Tablet,Electronics,Tablet,Vertex,94.63,63.35,S0474
P005660,Prepare Fitness,Sports,Fitness,NovaTech,538.25,425.33,S0216
P005661,Free Outdoor,Sports,Outdoor,Vertex,221.95,167.03,S0113
P005662,Tv Decor,Home,Decor,EverBuy,1079.41,646.32,S0338
P005663,Buy Education,Books,Education,EverBuy,771.93,528.75,S0438
P005664,Gas Smartphone,Electronics,Smartphone,UrbanEdge,1037.31,614.86,S0112
P005665,Five Fiction,Books,Fiction,NextGen,1423.73,884.21,S0051
P005666,Over Furniture,Home,Furniture,GlobalMart,782.08,636.73,S0455
P005667,Care Business,Books,Business,Apex,1557.75,920.99,S0039
P005668,Remember Fitness,Sports,Fitness,NovaTech,255.62,216.65,S0305
P005669,Arm Cricket,Sports,Cricket,PrimeGoods,691.31,465.83,S0117
P005670,Let Trousers,Clothing,Trousers,EverBuy,719.86,584.75,S0098
P005671,Throughout Furniture,Home,Furniture,NovaTech,1367.89,977.36,S0060
P005672,Answer Fitness,Sports,Fitness,Vertex,716.23,447.19,S0274
P005673,Girl Trousers,Clothing,Trousers,Vertex,380.43,220.25,S0441
P005674,Rest Shoes,Clothing,Shoes,PrimeGoods,961.06,592.65,S0150
P005675,Do Football,Sports,Football,NextGen,1283.57,724.8,S0458
P005676,Look Accessories,Clothing,Accessories,UrbanEdge,151.56,95.16,S0138
P005677,Include Jackets,Clothing,Jackets,NextGen,819.38,474.85,S0381
P005678,Policy Monitor,Electronics,Monitor,PrimeGoods,1356.29,796.72,S0298
P005679,Everyone Shirts,Clothing,Shirts,NextGen,101.82,87.8,S0356
P005680,Return Cricket,Sports,Cricket,UrbanEdge,1237.44,723.99,S0164
P005681,Give Decor,Home,Decor,NovaTech,584.89,335.9,S0324
P005682,But Comics,Books,Comics,Apex,290.56,202.12,S0482
P005683,During Fiction,Books,Fiction,PrimeGoods,695.2,465.83,S0164
P005684,Speak Trousers,Clothing,Trousers,EverBuy,1285.52,923.68,S0356
P005685,High Jackets,Clothing,Jackets,EverBuy,1228.82,948.94,S0131
P005686,Young Accessories,Clothing,Accessories,Apex,1583.16,904.94,S0386
P005687,Full Smartphone,Electronics,Smartphone,Apex,469.06,266.72,S0217
P005688,Four Appliances,Home,Appliances,PrimeGoods,880.98,611.36,S0420
P005689,Good Smartphone,Electronics,Smartphone,PrimeGoods,691.39,408.19,S0237
P005690,Through Lighting,Home,Lighting,Apex,526.71,341.69,S0107
P005691,Sense Shoes,Clothing,Shoes,NovaTech,862.47,725.55,S0289
P005692,Company Smartphone,Electronics,Smartphone,UrbanEdge,1093.66,849.22,S0096
P005693,Writer Monitor,Electronics,Monitor,PrimeGoods,908.94,731.07,S0366
P005694,Ahead Cricket,Sports,Cricket,GlobalMart,685.68,502.56,S0303
P005695,Radio Laptop,Electronics,Laptop,Vertex,752.48,420.55,S0208
P005696,Effect Furniture,Home,Furniture,PrimeGoods,1452.86,819.77,S0001
P005697,Congress Education,Books,Education,EverBuy,939.46,522.81,S0317
P005698,Talk Football,Sports,Football,Apex,1096.23,807.12,S0203
P005699,View Football,Sports,Football,UrbanEdge,86.88,52.43,S0368
P005700,Suddenly Lighting,Home,Lighting,NovaTech,1194.19,787.37,S0090
P005701,Cup Running,Sports,Running,UrbanEdge,144.11,86.65,S0500
P005702,Reduce Accessories,Clothing,Accessories,PrimeGoods,56.2,37.01,S0105
P005703,Financial Football,Sports,Football,Vertex,725.4,606.53,S0479
P005704,Behavior Technology,Books,Technology,UrbanEdge,1215.75,944.37,S0480
P005705,Time Football,Sports,Football,NovaTech,914.76,552.95,S0361
P005706,Fast Headphones,Electronics,Headphones,NovaTech,1303.52,838.8,S0336
P005707,Thing Monitor,Electronics,Monitor,GlobalMart,1496.36,869.54,S0035
P005708,Stage Comics,Books,Comics,NextGen,1113.79,785.86,S0176
P005709,Age Headphones,Electronics,Headphones,EverBuy,1114.48,697.7,S0271
P005710,Case Fiction,Books,Fiction,NextGen,1249.42,703.21,S0466
P005711,Name Running,Sports,Running,Apex,47.22,28.77,S0279
P005712,Push Smartphone,Electronics,Smartphone,PrimeGoods,80.71,48.06,S0256
P005713,Republican Decor,Home,Decor,UrbanEdge,844.73,687.7,S0092
P005714,Model Lighting,Home,Lighting,PrimeGoods,879.06,751.11,S0321
P005715,Understand Furniture,Home,Furniture,GlobalMart,786.84,630.15,S0312
P005716,Ever Appliances,Home,Appliances,NovaTech,619.81,356.47,S0127
P005717,Somebody Business,Books,Business,Vertex,1059.61,897.67,S0331
P005718,End Cricket,Sports,Cricket,Apex,1454.16,969.29,S0462
P005719,I Fiction,Books,Fiction,NextGen,584.75,345.39,S0334
P005720,Red Football,Sports,Football,NovaTech,827.11,564.93,S0371
P005721,Push Furniture,Home,Furniture,NextGen,998.47,693.27,S0492
P005722,Build Business,Books,Business,Vertex,413.3,253.98,S0171
P005723,Hot Shoes,Clothing,Shoes,Vertex,1105.32,742.19,S0270
P005724,Fine Lighting,Home,Lighting,NextGen,1108.04,731.37,S0197
P005725,Because Shirts,Clothing,Shirts,NextGen,1164.21,694.3,S0031
P005726,Teach Smartphone,Electronics,Smartphone,Apex,386.13,227.13,S0131
P005727,Property Comics,Books,Comics,GlobalMart,450.74,276.17,S0297
P005728,Right Lighting,Home,Lighting,UrbanEdge,977.02,765.23,S0426
P005729,Among Decor,Home,Decor,NovaTech,738.81,570.09,S0036
P005730,Pattern Decor,Home,Decor,NovaTech,169.98,103.58,S0370
P005731,Manager Outdoor,Sports,Outdoor,Vertex,1174.6,892.9,S0137
P005732,Stage Shirts,Clothing,Shirts,UrbanEdge,1198.51,969.8,S0349
P005733,My Tablet,Electronics,Tablet,GlobalMart,960.89,585.99,S0259
P005734,Find Accessories,Clothing,Accessories,NextGen,1226.13,969.89,S0140
P005735,Beat Cricket,Sports,Cricket,Vertex,1438.79,965.18,S0092
P005736,Address Shirts,Clothing,Shirts,PrimeGoods,172.65,100.86,S0122
P005737,Help Education,Books,Education,PrimeGoods,1061.12,608.99,S0065
P005738,Why Lighting,Home,Lighting,NovaTech,1129.38,838.32,S0472
P005739,House Fiction,Books,Fiction,Apex,325.36,211.5,S0363
P005740,After Education,Books,Education,EverBuy,320.69,184.9,S0305
P005741,Friend Comics,Books,Comics,NovaTech,627.79,453.7,S0446
P005742,Analysis Headphones,Electronics,Headphones,GlobalMart,338.52,218.01,S0179
P005743,Far Education,Books,Education,UrbanEdge,400.0,268.58,S0088
P005744,Place Education,Books,Education,Apex,63.74,40.62,S0003
P005745,Person Kitchen,Home,Kitchen,NovaTech,1005.36,603.0,S0231
P005746,Turn Kitchen,Home,Kitchen,EverBuy,658.69,383.69,S0095
P005747,Professor Smartphone,Electronics,Smartphone,Vertex,1074.33,736.36,S0218
P005748,Behavior Shirts,Clothing,Shirts,NextGen,600.06,500.69,S0152
P005749,Strategy Furniture,Home,Furniture,PrimeGoods,1118.68,712.71,S0055
P005750,Baby Kitchen,Home,Kitchen,PrimeGoods,1050.44,870.2,S0180
P005751,City Decor,Home,Decor,PrimeGoods,280.76,226.11,S0138
P005752,Writer Outdoor,Sports,Outdoor,Vertex,39.46,31.83,S0378
P005753,Public Outdoor,Sports,Outdoor,NextGen,636.46,489.21,S0115
P005754,Baby Headphones,Electronics,Headphones,NovaTech,1315.11,878.76,S0354
P005755,Key Smartphone,Electronics,Smartphone,EverBuy,435.15,308.27,S0389
P005756,Character Fitness,Sports,Fitness,EverBuy,588.9,490.22,S0290
P005757,Professional Business,Books,Business,EverBuy,475.43,381.84,S0101
P005758,Detail Appliances,Home,Appliances,EverBuy,660.71,464.49,S0372
P005759,Summer Comics,Books,Comics,GlobalMart,377.14,300.4,S0355
P005760,Expert Fitness,Sports,Fitness,EverBuy,786.03,470.95,S0026
P005761,South Outdoor,Sports,Outdoor,Vertex,265.57,183.26,S0443
P005762,Sort Business,Books,Business,EverBuy,892.57,633.59,S0145
P005763,Any Comics,Books,Comics,Apex,565.58,426.76,S0150
P005764,Main Education,Books,Education,Vertex,470.14,338.72,S0035
P005765,Ask Smartphone,Electronics,Smartphone,EverBuy,276.89,166.09,S0282
P005766,Student Furniture,Home,Furniture,GlobalMart,95.5,70.39,S0192
P005767,Per Smartphone,Electronics,Smartphone,Vertex,232.24,165.04,S0303
P005768,Increase Headphones,Electronics,Headphones,PrimeGoods,1159.93,794.85,S0204
P005769,Old Appliances,Home,Appliances,PrimeGoods,717.81,583.59,S0426
P005770,Mouth Trousers,Clothing,Trousers,NovaTech,310.92,257.19,S0097
P005771,Stage Education,Books,Education,PrimeGoods,1165.36,859.47,S0126
P005772,Administration Cricket,Sports,Cricket,GlobalMart,1294.69,837.48,S0447
P005773,Alone Decor,Home,Decor,PrimeGoods,921.63,679.85,S0001
P005774,Attack Fiction,Books,Fiction,Vertex,1305.02,999.63,S0303
P005775,Power Fitness,Sports,Fitness,GlobalMart,210.24,117.35,S0364
P005776,Occur Outdoor,Sports,Outdoor,NextGen,1191.4,919.68,S0499
P005777,Maintain Lighting,Home,Lighting,EverBuy,883.1,682.55,S0497
P005778,Career Fiction,Books,Fiction,GlobalMart,793.61,583.24,S0418
P005779,Herself Business,Books,Business,UrbanEdge,1037.66,579.39,S0108
P005780,Series Fiction,Books,Fiction,NovaTech,1028.59,653.14,S0248
P005781,Television Outdoor,Sports,Outdoor,NovaTech,1352.23,999.1,S0102
P005782,Year Running,Sports,Running,Vertex,416.63,270.67,S0049
P005783,Design Monitor,Electronics,Monitor,GlobalMart,1286.88,816.45,S0480
P005784,Style Appliances,Home,Appliances,PrimeGoods,1093.74,611.74,S0347
P005785,Poor Monitor,Electronics,Monitor,PrimeGoods,854.24,594.71,S0053
P005786,Appear Business,Books,Business,EverBuy,359.68,291.51,S0298
P005787,End Accessories,Clothing,Accessories,UrbanEdge,472.34,282.98,S0308
P005788,Yard Appliances,Home,Appliances,Vertex,194.04,108.35,S0443
P005789,National Shoes,Clothing,Shoes,NovaTech,1552.13,872.21,S0500
P005790,Identify Football,Sports,Football,EverBuy,1213.32,938.86,S0487
P005791,Treat Technology,Books,Technology,PrimeGoods,1322.31,770.22,S0105
P005792,Practice Shoes,Clothing,Shoes,Vertex,1130.83,903.03,S0441
P005793,Receive Kitchen,Home,Kitchen,UrbanEdge,926.5,798.36,S0097
P005794,Full Education,Books,Education,UrbanEdge,1259.2,752.33,S0091
P005795,Artist Accessories,Clothing,Accessories,UrbanEdge,1175.43,791.5,S0165
P005796,Professor Fiction,Books,Fiction,NovaTech,323.16,264.92,S0244
P005797,Voice Smartphone,Electronics,Smartphone,GlobalMart,36.11,21.54,S0175
P005798,General Headphones,Electronics,Headphones,NovaTech,623.91,460.81,S0310
P005799,Peace Decor,Home,Decor,GlobalMart,561.71,478.48,S0070
P005800,Maybe Comics,Books,Comics,NextGen,443.78,270.45,S0319
P005801,Alone Running,Sports,Running,Apex,1398.03,889.16,S0461
P005802,Poor Kitchen,Home,Kitchen,NextGen,1118.28,668.86,S0323
P005803,Report Laptop,Electronics,Laptop,EverBuy,329.8,189.69,S0150
P005804,Course Shirts,Clothing,Shirts,UrbanEdge,771.51,556.19,S0087
P005805,Begin Accessories,Clothing,Accessories,EverBuy,561.14,394.13,S0495
P005806,Road Kitchen,Home,Kitchen,Vertex,1099.59,885.77,S0365
P005807,Matter Running,Sports,Running,NextGen,803.16,457.74,S0076
P005808,Various Jackets,Clothing,Jackets,PrimeGoods,1438.8,841.97,S0480
P005809,At Tablet,Electronics,Tablet,PrimeGoods,537.8,444.57,S0395
P005810,Population Cricket,Sports,Cricket,NextGen,955.07,670.15,S0218
P005811,Fight Fitness,Sports,Fitness,UrbanEdge,641.55,373.54,S0347
P005812,Just Monitor,Electronics,Monitor,Apex,1190.13,890.42,S0307
P005813,Statement Lighting,Home,Lighting,PrimeGoods,972.4,769.23,S0213
P005814,Energy Tablet,Electronics,Tablet,Apex,151.69,120.06,S0071
P005815,Fish Appliances,Home,Appliances,EverBuy,61.66,50.76,S0277
P005816,Evidence Decor,Home,Decor,GlobalMart,185.55,152.92,S0078
P005817,Eat Accessories,Clothing,Accessories,Apex,503.41,426.58,S0110
P005818,Part Outdoor,Sports,Outdoor,EverBuy,1609.83,986.05,S0309
P005819,Any Football,Sports,Football,NextGen,1260.76,714.38,S0178
P005820,Take Shirts,Clothing,Shirts,PrimeGoods,584.61,448.93,S0274
P005821,Identify Education,Books,Education,NovaTech,1757.65,983.83,S0245
P005822,Out Fiction,Books,Fiction,Apex,1384.93,808.17,S0273
P005823,History Cricket,Sports,Cricket,GlobalMart,1072.06,669.05,S0216
P005824,Red Monitor,Electronics,Monitor,EverBuy,672.56,440.49,S0031
P005825,Sign Cricket,Sports,Cricket,NextGen,307.11,179.65,S0384
P005826,Represent Football,Sports,Football,NovaTech,641.8,433.7,S0091
P005827,Myself Accessories,Clothing,Accessories,EverBuy,430.97,286.5,S0460
P005828,Job Laptop,Electronics,Laptop,GlobalMart,1082.47,768.62,S0268
P005829,Allow Furniture,Home,Furniture,NovaTech,520.27,289.64,S0104
P005830,Ten Decor,Home,Decor,NextGen,1065.99,856.21,S0022
P005831,Beyond Fitness,Sports,Fitness,UrbanEdge,653.51,504.83,S0238
P005832,Including Appliances,Home,Appliances,GlobalMart,714.25,562.57,S0203
P005833,Management Headphones,Electronics,Headphones,PrimeGoods,591.8,390.17,S0118
P005834,Section Football,Sports,Football,UrbanEdge,881.96,554.36,S0185
P005835,New Monitor,Electronics,Monitor,PrimeGoods,301.84,215.78,S0407
P005836,Lawyer Appliances,Home,Appliances,Apex,1026.3,728.7,S0198
P005837,Western Outdoor,Sports,Outdoor,NextGen,1071.07,644.95,S0092
P005838,Sing Furniture,Home,Furniture,EverBuy,1144.43,765.25,S0488
P005839,Time Furniture,Home,Furniture,PrimeGoods,754.28,619.0,S0312
P005840,Maybe Laptop,Electronics,Laptop,PrimeGoods,1163.43,979.59,S0181
P005841,Support Shoes,Clothing,Shoes,GlobalMart,254.41,167.94,S0231
P005842,Within Kitchen,Home,Kitchen,UrbanEdge,1095.7,642.09,S0328
P005843,Night Trousers,Clothing,Trousers,Apex,185.17,109.09,S0273
P005844,Number Fiction,Books,Fiction,NovaTech,277.88,196.52,S0341
P005845,Writer Running,Sports,Running,GlobalMart,743.76,492.7,S0406
P005846,Decision Football,Sports,Football,PrimeGoods,769.66,500.89,S0130
P005847,Note Trousers,Clothing,Trousers,Vertex,497.39,322.69,S0077
P005848,Born Comics,Books,Comics,PrimeGoods,494.93,378.15,S0450
P005849,Commercial Education,Books,Education,EverBuy,507.82,286.99,S0444
P005850,Through Fiction,Books,Fiction,NovaTech,886.9,558.46,S0141
P005851,Whatever Education,Books,Education,Apex,618.8,354.27,S0472
P005852,Expect Trousers,Clothing,Trousers,EverBuy,451.29,314.14,S0297
P005853,Serious Appliances,Home,Appliances,Vertex,686.74,440.35,S0135
P005854,Red Lighting,Home,Lighting,NextGen,124.05,77.58,S0226
P005855,Collection Accessories,Clothing,Accessories,Vertex,958.25,812.29,S0187
P005856,Moment Fiction,Books,Fiction,GlobalMart,1285.78,850.73,S0034
P005857,Must Technology,Books,Technology,GlobalMart,603.01,382.03,S0422
P005858,Large Furniture,Home,Furniture,NovaTech,250.21,216.11,S0299
P005859,Yeah Cricket,Sports,Cricket,Vertex,1017.03,647.0,S0313
P005860,Talk Fiction,Books,Fiction,NovaTech,1164.75,906.72,S0382
P005861,Management Fitness,Sports,Fitness,PrimeGoods,946.75,694.92,S0379
P005862,Total Laptop,Electronics,Laptop,GlobalMart,1424.92,825.61,S0467
P005863,Nothing Fitness,Sports,Fitness,UrbanEdge,44.24,35.74,S0091
P005864,Important Outdoor,Sports,Outdoor,NovaTech,436.95,287.19,S0146
P005865,Law Furniture,Home,Furniture,Vertex,598.45,366.63,S0190
P005866,College Comics,Books,Comics,EverBuy,191.4,116.25,S0252
P005867,Break Outdoor,Sports,Outdoor,NovaTech,666.29,389.44,S0488
P005868,Fire Education,Books,Education,UrbanEdge,525.19,410.61,S0001
P005869,Finish Shirts,Clothing,Shirts,UrbanEdge,1141.22,771.0,S0144
P005870,Single Technology,Books,Technology,Vertex,349.66,230.3,S0158
P005871,Identify Jackets,Clothing,Jackets,PrimeGoods,224.51,185.94,S0311
P005872,Modern Outdoor,Sports,Outdoor,NovaTech,609.05,479.44,S0038
P005873,Husband Monitor,Electronics,Monitor,PrimeGoods,609.24,393.47,S0420
P005874,Against Appliances,Home,Appliances,GlobalMart,1006.15,622.4,S0454
P005875,Crime Furniture,Home,Furniture,UrbanEdge,391.58,251.91,S0452
P005876,Fund Smartphone,Electronics,Smartphone,NovaTech,385.34,306.01,S0203
P005877,Successful Decor,Home,Decor,Vertex,460.9,321.45,S0200
P005878,Great Shirts,Clothing,Shirts,GlobalMart,1160.08,684.0,S0082
P005879,Table Accessories,Clothing,Accessories,Vertex,341.23,294.9,S0315
P005880,Discover Shoes,Clothing,Shoes,NovaTech,992.8,733.65,S0051
P005881,Former Headphones,Electronics,Headphones,NextGen,1273.71,994.69,S0336
P005882,Assume Kitchen,Home,Kitchen,GlobalMart,234.27,161.12,S0086
P005883,Good Laptop,Electronics,Laptop,Vertex,1377.23,971.72,S0017
P005884,Indeed Decor,Home,Decor,UrbanEdge,533.48,316.29,S0351
P005885,Name Kitchen,Home,Kitchen,PrimeGoods,222.78,135.32,S0439
P005886,Investment Decor,Home,Decor,PrimeGoods,1337.43,841.61,S0329
P005887,Close Education,Books,Education,Apex,869.38,521.29,S0431
P005888,Throughout Business,Books,Business,NextGen,618.51,365.11,S0039
P005889,Method Fiction,Books,Fiction,EverBuy,107.39,62.89,S0077
P005890,Brother Headphones,Electronics,Headphones,EverBuy,274.39,176.75,S0082
P005891,Western Jackets,Clothing,Jackets,GlobalMart,1600.85,939.52,S0303
P005892,Option Decor,Home,Decor,Vertex,456.53,375.9,S0228
P005893,People Appliances,Home,Appliances,Vertex,64.9,51.04,S0313
P005894,Build Lighting,Home,Lighting,PrimeGoods,244.92,180.14,S0201
P005895,Red Lighting,Home,Lighting,EverBuy,378.64,228.15,S0314
P005896,Many Appliances,Home,Appliances,EverBuy,1373.57,801.03,S0313
P005897,Region Smartphone,Electronics,Smartphone,NovaTech,870.22,647.44,S0132
P005898,Cold Fitness,Sports,Fitness,EverBuy,628.56,361.48,S0116
P005899,Use Tablet,Electronics,Tablet,NextGen,76.8,61.04,S0339
P005900,Task Technology,Books,Technology,NextGen,1059.62,623.19,S0361
P005901,Expect Shirts,Clothing,Shirts,Apex,1602.33,960.4,S0029
P005902,Nature Comics,Books,Comics,Vertex,1139.56,660.03,S0270
P005903,Leader Kitchen,Home,Kitchen,EverBuy,1260.78,780.81,S0457
P005904,Project Education,Books,Education,NextGen,517.39,379.49,S0118
P005905,She Shirts,Clothing,Shirts,Apex,559.03,358.0,S0119
P005906,Make Football,Sports,Football,PrimeGoods,674.25,434.51,S0126
P005907,Truth Decor,Home,Decor,GlobalMart,1251.12,972.36,S0219
P005908,Main Furniture,Home,Furniture,NovaTech,455.54,392.91,S0306
P005909,During Shoes,Clothing,Shoes,EverBuy,548.57,412.53,S0255
P005910,Suddenly Furniture,Home,Furniture,PrimeGoods,274.24,186.79,S0301
P005911,Point Headphones,Electronics,Headphones,Vertex,533.3,400.14,S0473
P005912,Assume Technology,Books,Technology,PrimeGoods,934.31,696.54,S0129
P005913,Firm Shirts,Clothing,Shirts,Apex,254.24,154.68,S0291
P005914,Commercial Fiction,Books,Fiction,UrbanEdge,511.01,376.45,S0431
P005915,Put Shoes,Clothing,Shoes,Apex,1380.08,800.38,S0205
P005916,Wait Technology,Books,Technology,PrimeGoods,1466.18,849.96,S0095
P005917,Charge Business,Books,Business,PrimeGoods,966.82,779.56,S0128
P005918,Watch Business,Books,Business,EverBuy,874.89,528.48,S0356
P005919,Baby Lighting,Home,Lighting,PrimeGoods,1222.33,858.56,S0102
P005920,Drug Smartphone,Electronics,Smartphone,Apex,1190.67,739.26,S0325
P005921,Imagine Headphones,Electronics,Headphones,NextGen,1414.99,790.43,S0041
P005922,Vote Accessories,Clothing,Accessories,Vertex,565.26,403.88,S0487
P005923,Number Tablet,Electronics,Tablet,EverBuy,1370.74,928.1,S0254
P005924,Scene Comics,Books,Comics,NovaTech,835.23,689.66,S0326
P005925,East Laptop,Electronics,Laptop,Apex,1023.3,697.5,S0345
P005926,Her Kitchen,Home,Kitchen,PrimeGoods,847.7,471.11,S0229
P005927,Adult Monitor,Electronics,Monitor,UrbanEdge,795.34,571.85,S0484
P005928,End Headphones,Electronics,Headphones,UrbanEdge,1327.41,741.05,S0037
P005929,Other Comics,Books,Comics,NextGen,470.13,330.58,S0387
P005930,Challenge Furniture,Home,Furniture,UrbanEdge,1652.7,961.92,S0421
P005931,Offer Decor,Home,Decor,NovaTech,1136.88,665.47,S0352
P005932,Turn Kitchen,Home,Kitchen,NovaTech,1356.88,880.44,S0394
P005933,Season Monitor,Electronics,Monitor,NextGen,177.69,122.64,S0414
P005934,Listen Outdoor,Sports,Outdoor,PrimeGoods,399.43,311.19,S0463
P005935,Operation Jackets,Clothing,Jackets,PrimeGoods,1586.32,916.57,S0207
P005936,American Tablet,Electronics,Tablet,Apex,529.39,310.81,S0255
P005937,None Decor,Home,Decor,NovaTech,331.38,257.45,S0267
P005938,Improve Accessories,Clothing,Accessories,NovaTech,211.45,160.1,S0212
P005939,However Technology,Books,Technology,Vertex,485.55,409.06,S0178
P005940,Significant Shirts,Clothing,Shirts,NovaTech,295.1,163.95,S0397
P005941,Mother Smartphone,Electronics,Smartphone,GlobalMart,1125.68,810.39,S0452
P005942,Matter Education,Books,Education,PrimeGoods,904.62,761.24,S0075
P005943,Early Shoes,Clothing,Shoes,Apex,1093.54,631.02,S0206
P005944,Talk Business,Books,Business,Vertex,1117.22,636.11,S0403
P005945,On Cricket,Sports,Cricket,NovaTech,201.4,158.41,S0058
P005946,May Laptop,Electronics,Laptop,GlobalMart,1396.11,790.29,S0228
P005947,Imagine Shirts,Clothing,Shirts,EverBuy,1292.81,897.69,S0324
P005948,Major Fitness,Sports,Fitness,NovaTech,1337.17,827.42,S0299
P005949,Ground Running,Sports,Running,NextGen,886.29,658.31,S0177
P005950,Day Kitchen,Home,Kitchen,UrbanEdge,1100.38,704.75,S0185
P005951,Do Kitchen,Home,Kitchen,PrimeGoods,1172.51,876.67,S0068
P005952,Return Accessories,Clothing,Accessories,EverBuy,906.06,604.3,S0427
P005953,Cut Appliances,Home,Appliances,NextGen,763.53,514.09,S0045
P005954,Add Outdoor,Sports,Outdoor,NovaTech,1096.58,780.72,S0142
P005955,Bag Monitor,Electronics,Monitor,UrbanEdge,500.88,314.71,S0012
P005956,System Technology,Books,Technology,GlobalMart,614.86,430.1,S0043
P005957,Newspaper Trousers,Clothing,Trousers,UrbanEdge,828.89,569.4,S0107
P005958,Technology Trousers,Clothing,Trousers,UrbanEdge,536.22,324.22,S0280
P005959,Chair Monitor,Electronics,Monitor,PrimeGoods,473.95,317.09,S0490
P005960,Night Tablet,Electronics,Tablet,Vertex,1449.77,996.65,S0150
P005961,Politics Fiction,Books,Fiction,Apex,556.95,341.77,S0323
P005962,Decade Monitor,Electronics,Monitor,Apex,383.75,216.02,S0030
P005963,Mention Accessories,Clothing,Accessories,GlobalMart,609.8,525.17,S0456
P005964,Appear Technology,Books,Technology,EverBuy,675.55,384.88,S0271
P005965,Hundred Running,Sports,Running,Vertex,745.89,414.69,S0304
P005966,Authority Shirts,Clothing,Shirts,PrimeGoods,1008.2,827.51,S0349
P005967,Region Jackets,Clothing,Jackets,NovaTech,210.72,159.67,S0409
P005968,Main Business,Books,Business,PrimeGoods,193.77,140.04,S0302
P005969,Subject Headphones,Electronics,Headphones,NextGen,1014.49,784.67,S0439
P005970,Century Business,Books,Business,GlobalMart,1148.56,697.27,S0160
P005971,Team Football,Sports,Football,Apex,641.7,553.05,S0338
P005972,Well Technology,Books,Technology,NovaTech,325.7,222.25,S0478
P005973,See Football,Sports,Football,UrbanEdge,1110.27,760.33,S0132
P005974,Nature Technology,Books,Technology,NovaTech,754.13,456.19,S0228
P005975,Check Decor,Home,Decor,Vertex,158.35,105.4,S0105
P005976,People Lighting,Home,Lighting,PrimeGoods,456.41,278.56,S0413
P005977,Example Outdoor,Sports,Outdoor,Vertex,508.43,304.05,S0098
P005978,Election Cricket,Sports,Cricket,EverBuy,397.71,242.9,S0390
P005979,Technology Technology,Books,Technology,EverBuy,1352.07,863.24,S0415
P005980,Which Trousers,Clothing,Trousers,NovaTech,1087.87,662.9,S0192
P005981,Great Shirts,Clothing,Shirts,UrbanEdge,476.18,371.69,S0277
P005982,Tend Trousers,Clothing,Trousers,NovaTech,1125.13,957.84,S0050
P005983,Center Business,Books,Business,GlobalMart,327.57,206.6,S0329
P005984,Newspaper Football,Sports,Football,GlobalMart,1556.34,938.29,S0051
P005985,Hear Fitness,Sports,Fitness,PrimeGoods,133.51,86.82,S0327
P005986,State Headphones,Electronics,Headphones,UrbanEdge,930.28,742.74,S0366
P005987,Seem Tablet,Electronics,Tablet,PrimeGoods,710.81,542.79,S0197
P005988,Environmental Fitness,Sports,Fitness,GlobalMart,961.11,631.62,S0025
P005989,Lay Fiction,Books,Fiction,NextGen,516.87,372.3,S0401
P005990,Little Football,Sports,Football,NextGen,713.59,587.38,S0186
P005991,Second Fitness,Sports,Fitness,PrimeGoods,552.38,478.8,S0468
P005992,Accept Smartphone,Electronics,Smartphone,EverBuy,437.92,310.34,S0361
P005993,Pay Tablet,Electronics,Tablet,GlobalMart,575.79,478.25,S0268
P005994,Different Education,Books,Education,Vertex,604.4,452.55,S0176
P005995,Him Comics,Books,Comics,Apex,537.05,335.15,S0373
P005996,These Comics,Books,Comics,EverBuy,829.69,527.59,S0010
P005997,Country Accessories,Clothing,Accessories,Vertex,1446.16,989.97,S0462
P005998,Center Outdoor,Sports,Outdoor,Apex,756.41,519.7,S0345
P005999,Subject Running,Sports,Running,GlobalMart,406.73,239.14,S0070
P006000,Appear Trousers,Clothing,Trousers,NextGen,154.62,133.56,S0197
P006001,Better Business,Books,Business,Vertex,694.18,467.79,S0289
P006002,Outside Furniture,Home,Furniture,Apex,764.73,499.38,S0397
P006003,Effect Football,Sports,Football,Apex,747.99,545.02,S0222
P006004,Explain Furniture,Home,Furniture,GlobalMart,961.17,569.04,S0020
P006005,Must Appliances,Home,Appliances,NovaTech,149.83,124.69,S0096
P006006,Significant Outdoor,Sports,Outdoor,PrimeGoods,1019.86,814.63,S0185
P006007,Different Cricket,Sports,Cricket,PrimeGoods,669.75,385.82,S0094
P006008,Onto Headphones,Electronics,Headphones,Vertex,79.83,51.86,S0470
P006009,Hot Furniture,Home,Furniture,UrbanEdge,191.57,116.55,S0002
P006010,Use Trousers,Clothing,Trousers,GlobalMart,58.65,47.44,S0451
P006011,Here Smartphone,Electronics,Smartphone,GlobalMart,1034.75,625.45,S0428
P006012,Artist Tablet,Electronics,Tablet,NovaTech,749.53,561.8,S0336
P006013,Always Smartphone,Electronics,Smartphone,Vertex,824.47,601.55,S0343
P006014,State Shoes,Clothing,Shoes,Vertex,987.62,827.04,S0481
P006015,Budget Jackets,Clothing,Jackets,PrimeGoods,319.71,202.96,S0257
P006016,Reality Kitchen,Home,Kitchen,NovaTech,482.92,269.46,S0309
P006017,Forget Shoes,Clothing,Shoes,GlobalMart,253.55,154.83,S0434
P006018,Organization Laptop,Electronics,Laptop,Vertex,1088.99,821.16,S0424
P006019,Staff Monitor,Electronics,Monitor,UrbanEdge,500.94,358.53,S0220
P006020,Policy Outdoor,Sports,Outdoor,Apex,632.5,476.08,S0444
P006021,Better Jackets,Clothing,Jackets,Vertex,1396.11,812.28,S0397
P006022,Name Cricket,Sports,Cricket,Apex,1056.03,750.8,S0450
P006023,Put Furniture,Home,Furniture,PrimeGoods,840.12,630.4,S0160
P006024,It Laptop,Electronics,Laptop,UrbanEdge,1262.53,834.13,S0284
P006025,Easy Laptop,Electronics,Laptop,UrbanEdge,1199.52,669.08,S0338
P006026,Send Comics,Books,Comics,EverBuy,348.28,233.48,S0206
P006027,Sort Cricket,Sports,Cricket,NovaTech,1160.47,881.7,S0375
P006028,Resource Comics,Books,Comics,UrbanEdge,1032.29,772.79,S0120
P006029,Southern Fiction,Books,Fiction,Vertex,906.06,562.51,S0451
P006030,One Football,Sports,Football,NovaTech,343.18,236.05,S0293
P006031,Sense Laptop,Electronics,Laptop,UrbanEdge,443.21,275.79,S0310
P006032,Huge Shoes,Clothing,Shoes,EverBuy,413.0,288.11,S0354
P006033,Product Trousers,Clothing,Trousers,PrimeGoods,1180.92,767.2,S0471
P006034,Training Comics,Books,Comics,NextGen,1277.2,747.23,S0441
P006035,Safe Jackets,Clothing,Jackets,UrbanEdge,205.35,125.81,S0379
P006036,For Education,Books,Education,UrbanEdge,1726.99,971.78,S0305
P006037,Others Appliances,Home,Appliances,GlobalMart,631.23,354.32,S0103
P006038,Son Accessories,Clothing,Accessories,Vertex,1052.5,679.63,S0205
P006039,Open Football,Sports,Football,GlobalMart,836.01,548.83,S0024
P006040,System Kitchen,Home,Kitchen,GlobalMart,1120.33,758.57,S0217
P006041,Home Decor,Home,Decor,Vertex,660.45,380.89,S0112
P006042,Choose Smartphone,Electronics,Smartphone,Vertex,247.36,191.12,S0413
P006043,Apply Accessories,Clothing,Accessories,UrbanEdge,1270.46,978.77,S0030
P006044,Strong Decor,Home,Decor,PrimeGoods,622.05,428.73,S0431
P006045,Us Fiction,Books,Fiction,NovaTech,1227.01,821.23,S0365
P006046,Arrive Appliances,Home,Appliances,GlobalMart,127.32,109.71,S0166
P006047,Article Furniture,Home,Furniture,NovaTech,243.38,141.43,S0175
P006048,Include Shoes,Clothing,Shoes,UrbanEdge,1529.27,942.82,S0273
P006049,Feeling Fitness,Sports,Fitness,EverBuy,1667.09,936.78,S0448
P006050,Individual Decor,Home,Decor,EverBuy,240.46,184.5,S0122
P006051,Card Monitor,Electronics,Monitor,NovaTech,18.11,11.78,S0168
P006052,Summer Headphones,Electronics,Headphones,GlobalMart,61.58,53.14,S0380
P006053,Daughter Laptop,Electronics,Laptop,PrimeGoods,502.32,317.28,S0379
P006054,White Kitchen,Home,Kitchen,Vertex,663.38,371.13,S0317
P006055,Low Tablet,Electronics,Tablet,PrimeGoods,1448.15,886.96,S0108
P006056,New Football,Sports,Football,NextGen,388.21,332.47,S0486
P006057,Father Lighting,Home,Lighting,Vertex,519.36,330.05,S0472
P006058,Finally Headphones,Electronics,Headphones,Vertex,443.67,333.3,S0159
P006059,Around Football,Sports,Football,PrimeGoods,487.8,395.34,S0385
P006060,Miss Fiction,Books,Fiction,EverBuy,60.87,45.12,S0378
P006061,Grow Jackets,Clothing,Jackets,PrimeGoods,577.4,483.96,S0462
P006062,Image Monitor,Electronics,Monitor,Apex,135.95,98.86,S0231
P006063,Lay Smartphone,Electronics,Smartphone,Vertex,1321.67,770.34,S0225
P006064,Can Football,Sports,Football,GlobalMart,963.35,776.47,S0187
P006065,Center Monitor,Electronics,Monitor,Vertex,698.62,415.16,S0338
P006066,Money Furniture,Home,Furniture,UrbanEdge,1350.16,917.41,S0263
P006067,Huge Education,Books,Education,PrimeGoods,813.11,569.8,S0352
P006068,Brother Accessories,Clothing,Accessories,GlobalMart,141.61,88.58,S0368
P006069,Tax Laptop,Electronics,Laptop,Apex,1148.81,986.52,S0198
P006070,Administration Football,Sports,Football,NovaTech,921.65,714.55,S0214
P006071,Area Appliances,Home,Appliances,GlobalMart,105.64,91.51,S0177
P006072,Important Kitchen,Home,Kitchen,EverBuy,1054.61,838.42,S0347
P006073,Through Trousers,Clothing,Trousers,Apex,1097.54,876.67,S0283
P006074,Attorney Education,Books,Education,Apex,795.62,459.59,S0306
P006075,Responsibility Headphones,Electronics,Headphones,NovaTech,568.47,441.25,S0438
P006076,Mention Lighting,Home,Lighting,PrimeGoods,1186.51,873.0,S0192
P006077,Sound Comics,Books,Comics,Apex,272.91,159.72,S0075
P006078,Represent Jackets,Clothing,Jackets,UrbanEdge,1117.66,760.51,S0089
P006079,Message Tablet,Electronics,Tablet,NextGen,258.07,183.7,S0140
P006080,Above Laptop,Electronics,Laptop,NovaTech,755.76,600.72,S0280
P006081,Successful Tablet,Electronics,Tablet,Apex,389.13,231.96,S0293
P006082,Although Running,Sports,Running,PrimeGoods,1581.42,966.74,S0222
P006083,Need Business,Books,Business,NovaTech,850.64,604.9,S0067
P006084,Front Smartphone,Electronics,Smartphone,Apex,185.95,129.79,S0211
P006085,Stock Shoes,Clothing,Shoes,PrimeGoods,1658.72,935.39,S0191
P006086,Try Kitchen,Home,Kitchen,PrimeGoods,974.08,590.73,S0485
P006087,Listen Comics,Books,Comics,PrimeGoods,634.82,393.01,S0185
P006088,Republican Smartphone,Electronics,Smartphone,NextGen,1249.6,834.59,S0130
P006089,Ball Kitchen,Home,Kitchen,Apex,476.55,290.07,S0485
P006090,Senior Shoes,Clothing,Shoes,PrimeGoods,62.12,40.09,S0226
P006091,Bad Tablet,Electronics,Tablet,EverBuy,1368.52,791.74,S0339
P006092,Never Laptop,Electronics,Laptop,PrimeGoods,579.43,409.05,S0095
P006093,Performance Furniture,Home,Furniture,NextGen,1354.26,766.18,S0346
P006094,Eight Jackets,Clothing,Jackets,NovaTech,1177.85,762.9,S0048
P006095,Course Shirts,Clothing,Shirts,Apex,1029.76,676.68,S0461
P006096,Contain Outdoor,Sports,Outdoor,Vertex,740.38,474.57,S0139
P006097,Operation Furniture,Home,Furniture,Apex,843.14,619.08,S0388
P006098,Card Kitchen,Home,Kitchen,EverBuy,295.81,186.81,S0277
P006099,Ask Headphones,Electronics,Headphones,EverBuy,82.2,67.19,S0424
P006100,Everything Furniture,Home,Furniture,NextGen,370.23,257.81,S0096
P006101,Sound Education,Books,Education,EverBuy,1306.82,866.98,S0246
P006102,Artist Laptop,Electronics,Laptop,Vertex,517.99,383.7,S0113
P006103,Institution Trousers,Clothing,Trousers,PrimeGoods,1199.32,718.65,S0253
P006104,Assume Comics,Books,Comics,NextGen,1154.33,834.66,S0387
P006105,Information Jackets,Clothing,Jackets,UrbanEdge,1210.67,923.49,S0338
P006106,Every Football,Sports,Football,Apex,1280.3,894.82,S0204
P006107,Special Furniture,Home,Furniture,NextGen,761.25,561.47,S0169
P006108,Why Tablet,Electronics,Tablet,PrimeGoods,1040.59,798.16,S0349
P006109,Lawyer Kitchen,Home,Kitchen,NextGen,179.84,141.02,S0393
P006110,Past Business,Books,Business,GlobalMart,1486.23,939.66,S0437
P006111,Finish Kitchen,Home,Kitchen,UrbanEdge,1533.27,853.18,S0364
P006112,Law Football,Sports,Football,NextGen,1717.91,958.86,S0077
P006113,Sense Running,Sports,Running,EverBuy,186.41,115.97,S0134
P006114,Account Cricket,Sports,Cricket,NovaTech,511.0,393.78,S0405
P006115,American Tablet,Electronics,Tablet,GlobalMart,1133.95,865.37,S0332
P006116,Point Headphones,Electronics,Headphones,NextGen,972.97,667.03,S0331
P006117,Almost Headphones,Electronics,Headphones,UrbanEdge,755.03,569.03,S0267
P006118,Democratic Accessories,Clothing,Accessories,Apex,386.44,272.25,S0302
P006119,Figure Fiction,Books,Fiction,GlobalMart,910.38,628.83,S0371
P006120,Try Education,Books,Education,GlobalMart,116.69,73.36,S0025
P006121,Instead Kitchen,Home,Kitchen,EverBuy,347.49,234.45,S0237
P006122,Food Tablet,Electronics,Tablet,NovaTech,127.66,83.64,S0341
P006123,Treatment Appliances,Home,Appliances,NovaTech,1135.82,813.12,S0154
P006124,Reality Headphones,Electronics,Headphones,Apex,498.3,334.48,S0176
P006125,Husband Kitchen,Home,Kitchen,Vertex,327.63,259.87,S0416
P006126,Ten Shoes,Clothing,Shoes,EverBuy,832.39,468.41,S0339
P006127,Believe Decor,Home,Decor,NextGen,89.86,77.86,S0419
P006128,Today Laptop,Electronics,Laptop,Apex,55.12,34.45,S0294
P006129,That Outdoor,Sports,Outdoor,PrimeGoods,395.93,339.46,S0356
P006130,Ground Football,Sports,Football,Apex,467.98,332.03,S0205
P006131,Information Monitor,Electronics,Monitor,Apex,825.73,609.75,S0482
P006132,Chair Business,Books,Business,EverBuy,822.76,474.38,S0488
P006133,Doctor Headphones,Electronics,Headphones,PrimeGoods,1111.95,721.53,S0285
P006134,Skin Comics,Books,Comics,GlobalMart,860.75,496.64,S0480
P006135,Above Kitchen,Home,Kitchen,Apex,769.47,614.25,S0359
P006136,Congress Smartphone,Electronics,Smartphone,EverBuy,718.87,437.68,S0294
P006137,Think Fiction,Books,Fiction,PrimeGoods,608.78,400.28,S0362
P006138,Into Outdoor,Sports,Outdoor,GlobalMart,635.7,520.15,S0301
P006139,Close Laptop,Electronics,Laptop,NovaTech,337.67,282.29,S0463
P006140,Bit Decor,Home,Decor,GlobalMart,598.07,392.91,S0253
P006141,Worker Decor,Home,Decor,PrimeGoods,794.29,485.39,S0043
P006142,Mouth Comics,Books,Comics,Apex,656.32,531.64,S0454
P006143,Situation Cricket,Sports,Cricket,GlobalMart,1462.16,940.34,S0248
P006144,Language Comics,Books,Comics,Vertex,208.72,130.03,S0142
P006145,Class Kitchen,Home,Kitchen,EverBuy,871.82,546.39,S0257
P006146,Especially Furniture,Home,Furniture,UrbanEdge,477.47,385.16,S0046
P006147,Within Jackets,Clothing,Jackets,PrimeGoods,82.86,70.42,S0394
P006148,Investment Appliances,Home,Appliances,Vertex,201.29,165.68,S0353
P006149,Population Football,Sports,Football,UrbanEdge,1187.18,960.52,S0290
P006150,Social Football,Sports,Football,Vertex,707.9,523.5,S0227
P006151,Option Monitor,Electronics,Monitor,EverBuy,842.71,509.81,S0308
P006152,Involve Education,Books,Education,NovaTech,1160.0,994.28,S0395
P006153,Program Education,Books,Education,UrbanEdge,426.84,310.03,S0236
P006154,Training Shirts,Clothing,Shirts,NextGen,257.3,143.91,S0492
P006155,Everything Comics,Books,Comics,EverBuy,422.51,255.81,S0204
P006156,Tend Comics,Books,Comics,Apex,1475.92,882.15,S0197
P006157,Foot Decor,Home,Decor,Vertex,196.06,124.31,S0148
P006158,Mother Tablet,Electronics,Tablet,NovaTech,135.18,110.19,S0422
P006159,Purpose Decor,Home,Decor,NovaTech,178.94,136.48,S0306
P006160,Easy Smartphone,Electronics,Smartphone,NovaTech,232.73,162.05,S0339
P006161,Individual Comics,Books,Comics,UrbanEdge,21.66,15.43,S0380
P006162,Point Cricket,Sports,Cricket,PrimeGoods,558.68,464.21,S0427
P006163,Deep Outdoor,Sports,Outdoor,NovaTech,1318.39,750.89,S0132
P006164,Site Accessories,Clothing,Accessories,GlobalMart,482.61,399.74,S0186
P006165,Career Comics,Books,Comics,Apex,1249.8,968.97,S0134
P006166,Trip Cricket,Sports,Cricket,PrimeGoods,1302.51,989.61,S0481
P006167,Likely Running,Sports,Running,EverBuy,1052.42,655.33,S0124
P006168,About Fitness,Sports,Fitness,GlobalMart,415.61,300.87,S0408
P006169,Nearly Decor,Home,Decor,Apex,1110.05,886.81,S0266
P006170,Mother Decor,Home,Decor,Vertex,484.05,275.85,S0095
P006171,Rich Headphones,Electronics,Headphones,NovaTech,1193.79,951.22,S0228
P006172,Marriage Lighting,Home,Lighting,PrimeGoods,1213.39,945.77,S0318
P006173,Find Trousers,Clothing,Trousers,NovaTech,351.68,196.6,S0382
P006174,Politics Education,Books,Education,Apex,577.45,406.85,S0414
P006175,Building Shirts,Clothing,Shirts,PrimeGoods,343.25,223.96,S0024
P006176,Recent Accessories,Clothing,Accessories,Vertex,817.16,543.24,S0199
P006177,Common Shirts,Clothing,Shirts,GlobalMart,360.82,276.9,S0223
P006178,Usually Trousers,Clothing,Trousers,Apex,781.64,632.34,S0224
P006179,Sea Outdoor,Sports,Outdoor,NovaTech,822.36,575.03,S0193
P006180,Suddenly Fitness,Sports,Fitness,NextGen,1031.69,797.22,S0270
P006181,Window Tablet,Electronics,Tablet,UrbanEdge,1436.97,945.68,S0120
P006182,Through Appliances,Home,Appliances,EverBuy,25.12,20.63,S0406
P006183,Different Trousers,Clothing,Trousers,Vertex,1148.24,797.81,S0407
P006184,Certain Comics,Books,Comics,NovaTech,335.64,232.25,S0245
P006185,Short Shirts,Clothing,Shirts,GlobalMart,211.98,144.26,S0094
P006186,Support Appliances,Home,Appliances,EverBuy,1188.14,822.97,S0095
P006187,Operation Football,Sports,Football,EverBuy,580.53,399.21,S0479
P006188,Ask Shoes,Clothing,Shoes,NovaTech,1512.15,964.61,S0057
P006189,Site Monitor,Electronics,Monitor,NextGen,838.59,508.71,S0303
P006190,Source Fitness,Sports,Fitness,GlobalMart,729.71,550.14,S0225
P006191,Imagine Business,Books,Business,Apex,709.55,535.14,S0145
P006192,Story Appliances,Home,Appliances,GlobalMart,64.97,50.84,S0151
P006193,Voice Furniture,Home,Furniture,UrbanEdge,257.86,150.21,S0013
P006194,Thank Appliances,Home,Appliances,Vertex,1178.11,759.19,S0002
P006195,Require Headphones,Electronics,Headphones,EverBuy,733.59,608.25,S0327
P006196,Attack Smartphone,Electronics,Smartphone,Vertex,886.38,600.53,S0002
P006197,Bad Shoes,Clothing,Shoes,PrimeGoods,937.06,559.22,S0360
P006198,Fly Trousers,Clothing,Trousers,Apex,781.24,437.71,S0066
P006199,Perhaps Business,Books,Business,Vertex,363.24,282.04,S0142
P006200,Popular Fiction,Books,Fiction,UrbanEdge,670.09,429.31,S0137
P006201,Thing Shirts,Clothing,Shirts,UrbanEdge,921.44,539.09,S0101
P006202,Month Appliances,Home,Appliances,PrimeGoods,1265.51,798.09,S0213
P006203,Participant Shirts,Clothing,Shirts,Apex,1055.85,724.63,S0328
P006204,Office Trousers,Clothing,Trousers,EverBuy,698.2,402.37,S0233
P006205,During Decor,Home,Decor,Apex,136.18,81.56,S0421
P006206,Significant Outdoor,Sports,Outdoor,Vertex,420.43,258.74,S0030
P006207,Example Business,Books,Business,GlobalMart,906.67,607.01,S0131
P006208,Benefit Business,Books,Business,NovaTech,861.31,517.34,S0322
P006209,Service Technology,Books,Technology,Apex,1001.09,704.3,S0381
P006210,Many Technology,Books,Technology,GlobalMart,908.77,646.14,S0112
P006211,Hair Football,Sports,Football,UrbanEdge,422.28,342.59,S0384
P006212,Force Running,Sports,Running,NextGen,1038.56,795.76,S0404
P006213,Hope Kitchen,Home,Kitchen,UrbanEdge,994.52,592.47,S0455
P006214,And Lighting,Home,Lighting,EverBuy,1297.93,786.19,S0360
P006215,Value Smartphone,Electronics,Smartphone,NovaTech,1169.64,860.01,S0303
P006216,Fine Accessories,Clothing,Accessories,EverBuy,29.31,18.32,S0201
P006217,Forward Kitchen,Home,Kitchen,NextGen,493.95,335.3,S0428
P006218,About Shirts,Clothing,Shirts,Apex,687.54,395.35,S0364
P006219,Do Laptop,Electronics,Laptop,Apex,1333.05,893.49,S0025
P006220,Before Decor,Home,Decor,NextGen,1409.57,926.19,S0338
P006221,Century Laptop,Electronics,Laptop,Apex,1126.45,742.3,S0312
P006222,Certainly Furniture,Home,Furniture,Apex,300.76,250.31,S0446
P006223,Scientist Furniture,Home,Furniture,UrbanEdge,762.81,425.33,S0156
P006224,Million Laptop,Electronics,Laptop,NextGen,687.54,410.03,S0385
P006225,Explain Lighting,Home,Lighting,PrimeGoods,1711.01,962.75,S0019
P006226,Somebody Shirts,Clothing,Shirts,NovaTech,840.71,547.98,S0187
P006227,Force Fiction,Books,Fiction,PrimeGoods,345.05,269.85,S0303
P006228,Goal Shirts,Clothing,Shirts,EverBuy,1034.08,786.36,S0339
P006229,People Shirts,Clothing,Shirts,EverBuy,873.12,562.55,S0439
P006230,Explain Monitor,Electronics,Monitor,PrimeGoods,187.73,156.15,S0203
P006231,Executive Shoes,Clothing,Shoes,UrbanEdge,1002.75,599.44,S0159
P006232,Cover Education,Books,Education,GlobalMart,714.96,556.67,S0064
P006233,Rest Kitchen,Home,Kitchen,NextGen,378.29,286.93,S0204
P006234,Everybody Education,Books,Education,Vertex,216.32,160.41,S0369
P006235,Loss Decor,Home,Decor,NovaTech,533.78,387.97,S0349
P006236,Operation Appliances,Home,Appliances,Vertex,1381.28,994.38,S0168
P006237,Model Monitor,Electronics,Monitor,EverBuy,477.99,287.82,S0030
P006238,Let Shoes,Clothing,Shoes,Vertex,634.27,491.8,S0189
P006239,Rise Tablet,Electronics,Tablet,PrimeGoods,898.89,584.13,S0255
P006240,Describe Accessories,Clothing,Accessories,NextGen,188.48,161.48,S0316
P006241,Choice Shoes,Clothing,Shoes,PrimeGoods,717.59,463.79,S0370
P006242,Resource Lighting,Home,Lighting,NextGen,347.55,199.8,S0126
P006243,Agency Appliances,Home,Appliances,NovaTech,1170.34,761.49,S0413
P006244,Car Fitness,Sports,Fitness,PrimeGoods,859.76,548.38,S0205
P006245,Similar Furniture,Home,Furniture,UrbanEdge,1428.33,814.49,S0275
P006246,Could Decor,Home,Decor,NextGen,1180.0,791.33,S0396
P006247,Save Trousers,Clothing,Trousers,EverBuy,961.46,566.82,S0127
P006248,Remain Smartphone,Electronics,Smartphone,UrbanEdge,1093.31,726.56,S0329
P006249,Risk Kitchen,Home,Kitchen,Vertex,266.47,220.62,S0258
P006250,Life Monitor,Electronics,Monitor,PrimeGoods,337.86,251.66,S0361
P006251,Interesting Outdoor,Sports,Outdoor,GlobalMart,718.15,429.06,S0184
P006252,Call Smartphone,Electronics,Smartphone,Vertex,1121.09,775.72,S0342
P006253,Type Furniture,Home,Furniture,GlobalMart,1118.62,898.43,S0089
P006254,Offer Shoes,Clothing,Shoes,UrbanEdge,677.93,524.47,S0377
P006255,Meet Laptop,Electronics,Laptop,PrimeGoods,975.84,842.2,S0446
P006256,Strong Running,Sports,Running,NextGen,120.61,77.54,S0242
P006257,Benefit Fitness,Sports,Fitness,GlobalMart,1236.23,702.79,S0238
P006258,Hear Decor,Home,Decor,Vertex,867.59,632.7,S0442
P006259,Others Tablet,Electronics,Tablet,NextGen,1235.74,866.52,S0040
P006260,Form Cricket,Sports,Cricket,Vertex,355.47,308.03,S0017
P006261,Seven Smartphone,Electronics,Smartphone,EverBuy,78.12,54.45,S0275
P006262,Determine Kitchen,Home,Kitchen,NextGen,716.31,413.21,S0344
P006263,Television Decor,Home,Decor,UrbanEdge,428.4,239.5,S0060
P006264,Source Shirts,Clothing,Shirts,NextGen,486.62,315.44,S0389
P006265,Tv Fitness,Sports,Fitness,GlobalMart,1145.36,708.92,S0431
P006266,Idea Shoes,Clothing,Shoes,EverBuy,890.26,771.59,S0366
P006267,Little Furniture,Home,Furniture,NovaTech,1653.02,978.71,S0004
P006268,Bad Trousers,Clothing,Trousers,UrbanEdge,1214.41,864.31,S0377
P006269,Travel Tablet,Electronics,Tablet,EverBuy,358.19,278.94,S0451
P006270,Son Jackets,Clothing,Jackets,UrbanEdge,1389.6,780.55,S0009
P006271,Left Shoes,Clothing,Shoes,EverBuy,1177.33,666.79,S0378
P006272,Easy Fiction,Books,Fiction,Apex,659.07,572.9,S0194
P006273,Interview Business,Books,Business,GlobalMart,1240.78,768.66,S0232
P006274,Citizen Monitor,Electronics,Monitor,NovaTech,17.53,11.61,S0306
P006275,Tonight Lighting,Home,Lighting,Vertex,204.54,118.47,S0091
P006276,Listen Technology,Books,Technology,Vertex,774.61,468.89,S0073
P006277,Exist Monitor,Electronics,Monitor,NextGen,272.49,202.75,S0217
P006278,Building Appliances,Home,Appliances,Vertex,1180.18,838.04,S0491
P006279,Direction Shoes,Clothing,Shoes,PrimeGoods,1168.25,811.66,S0262
P006280,Service Shoes,Clothing,Shoes,GlobalMart,40.4,33.05,S0102
P006281,Study Monitor,Electronics,Monitor,GlobalMart,252.73,151.91,S0310
P006282,Program Headphones,Electronics,Headphones,PrimeGoods,640.15,420.12,S0074
P006283,Office Tablet,Electronics,Tablet,GlobalMart,327.66,232.58,S0009
P006284,Camera Lighting,Home,Lighting,Apex,710.11,496.24,S0399
P006285,Like Kitchen,Home,Kitchen,UrbanEdge,1092.15,711.04,S0279
P006286,Pass Running,Sports,Running,GlobalMart,176.64,149.57,S0042
P006287,Job Shoes,Clothing,Shoes,GlobalMart,1230.07,902.28,S0041
P006288,Campaign Running,Sports,Running,EverBuy,1336.34,745.12,S0012
P006289,Structure Cricket,Sports,Cricket,NextGen,717.35,521.37,S0492
P006290,Low Business,Books,Business,Vertex,314.54,203.62,S0496
P006291,Leader Lighting,Home,Lighting,NextGen,1384.28,778.75,S0336
P006292,International Football,Sports,Football,UrbanEdge,599.08,447.69,S0384
P006293,Not Running,Sports,Running,UrbanEdge,294.13,229.51,S0449
P006294,Its Lighting,Home,Lighting,UrbanEdge,698.85,458.12,S0202
P006295,Certainly Running,Sports,Running,GlobalMart,1517.35,876.57,S0255
P006296,Better Smartphone,Electronics,Smartphone,UrbanEdge,209.33,162.7,S0059
P006297,During Running,Sports,Running,NextGen,1243.17,781.79,S0497
P006298,State Lighting,Home,Lighting,NovaTech,1767.37,986.91,S0254
P006299,Design Monitor,Electronics,Monitor,Vertex,832.35,547.02,S0350
P006300,Final Jackets,Clothing,Jackets,UrbanEdge,116.35,79.15,S0296
P006301,Season Jackets,Clothing,Jackets,PrimeGoods,592.43,439.36,S0327
P006302,Move Shirts,Clothing,Shirts,Apex,941.1,756.56,S0465
P006303,Account Smartphone,Electronics,Smartphone,EverBuy,487.66,356.22,S0065
P006304,All Business,Books,Business,Vertex,1100.28,674.52,S0215
P006305,She Kitchen,Home,Kitchen,GlobalMart,873.51,634.58,S0176
P006306,Sure Comics,Books,Comics,NovaTech,1172.12,947.03,S0210
P006307,Community Lighting,Home,Lighting,UrbanEdge,1240.3,767.07,S0035
P006308,Field Decor,Home,Decor,PrimeGoods,1100.5,753.27,S0253
P006309,Level Football,Sports,Football,NovaTech,938.95,653.28,S0199
P006310,Challenge Headphones,Electronics,Headphones,EverBuy,989.25,636.18,S0328
P006311,Throughout Shirts,Clothing,Shirts,GlobalMart,55.04,31.65,S0384
P006312,Miss Laptop,Electronics,Laptop,EverBuy,394.01,259.29,S0175
P006313,Keep Comics,Books,Comics,NextGen,33.18,28.73,S0226
P006314,Attorney Lighting,Home,Lighting,PrimeGoods,337.68,192.39,S0334
P006315,Itself Decor,Home,Decor,UrbanEdge,275.05,184.53,S0020
P006316,Tree Furniture,Home,Furniture,NovaTech,1178.95,661.76,S0099
P006317,Find Outdoor,Sports,Outdoor,GlobalMart,426.7,286.75,S0391
P006318,Apply Shirts,Clothing,Shirts,GlobalMart,890.45,730.86,S0182
P006319,North Headphones,Electronics,Headphones,GlobalMart,347.92,255.29,S0438
P006320,Write Cricket,Sports,Cricket,Vertex,682.05,409.61,S0459
P006321,Place Furniture,Home,Furniture,Apex,1414.82,939.62,S0043
P006322,Rock Technology,Books,Technology,GlobalMart,902.54,540.51,S0243
P006323,Store Trousers,Clothing,Trousers,EverBuy,116.64,64.95,S0052
P006324,Claim Cricket,Sports,Cricket,EverBuy,217.15,154.56,S0455
P006325,Budget Comics,Books,Comics,Apex,1145.98,683.36,S0237
P006326,Fact Appliances,Home,Appliances,Vertex,1332.1,936.31,S0047
P006327,Center Business,Books,Business,NovaTech,811.19,497.65,S0353
P006328,Reduce Education,Books,Education,NextGen,1041.44,737.82,S0053
P006329,Government Fitness,Sports,Fitness,Vertex,755.6,599.01,S0120
P006330,Special Kitchen,Home,Kitchen,GlobalMart,78.37,63.79,S0368
P006331,Apply Cricket,Sports,Cricket,Vertex,129.46,91.17,S0297
P006332,Scene Kitchen,Home,Kitchen,GlobalMart,338.43,236.83,S0164
P006333,Cut Trousers,Clothing,Trousers,Apex,801.51,538.42,S0124
P006334,Military Shoes,Clothing,Shoes,Apex,350.35,220.07,S0236
P006335,Head Kitchen,Home,Kitchen,UrbanEdge,1164.89,742.51,S0057
P006336,Player Outdoor,Sports,Outdoor,NovaTech,857.06,700.63,S0184
P006337,Thought Football,Sports,Football,EverBuy,374.95,288.0,S0302
P006338,Mouth Monitor,Electronics,Monitor,PrimeGoods,611.58,354.67,S0450
P006339,Address Running,Sports,Running,NextGen,203.67,136.41,S0175
P006340,Story Outdoor,Sports,Outdoor,Vertex,912.18,748.96,S0387
P006341,First Jackets,Clothing,Jackets,Apex,793.3,528.88,S0008
P006342,Run Shoes,Clothing,Shoes,NovaTech,633.86,509.48,S0308
P006343,Unit Education,Books,Education,NovaTech,1049.09,607.5,S0106
P006344,Town Education,Books,Education,Vertex,934.58,616.49,S0174
P006345,Country Shirts,Clothing,Shirts,GlobalMart,693.49,560.75,S0138
P006346,Determine Football,Sports,Football,EverBuy,1140.06,664.83,S0260
P006347,Memory Lighting,Home,Lighting,NextGen,897.35,572.84,S0108
P006348,Whose Laptop,Electronics,Laptop,PrimeGoods,1072.75,838.12,S0217
P006349,Test Comics,Books,Comics,EverBuy,1366.22,764.82,S0261
P006350,Everything Comics,Books,Comics,NovaTech,75.77,63.75,S0097
P006351,Others Monitor,Electronics,Monitor,PrimeGoods,1087.24,901.48,S0469
P006352,Partner Running,Sports,Running,EverBuy,64.36,38.75,S0384
P006353,Public Kitchen,Home,Kitchen,GlobalMart,1476.3,966.33,S0408
P006354,Order Trousers,Clothing,Trousers,PrimeGoods,1415.2,808.03,S0348
P006355,System Furniture,Home,Furniture,PrimeGoods,774.63,643.9,S0135
P006356,Professional Jackets,Clothing,Jackets,GlobalMart,923.28,543.14,S0475
P006357,They Running,Sports,Running,NovaTech,651.34,466.4,S0437
P006358,Station Trousers,Clothing,Trousers,PrimeGoods,1340.75,794.1,S0431
P006359,True Jackets,Clothing,Jackets,EverBuy,859.68,542.28,S0401
P006360,Ok Fiction,Books,Fiction,EverBuy,677.06,579.31,S0194
P006361,Administration Running,Sports,Running,UrbanEdge,762.34,428.54,S0348
P006362,Particular Lighting,Home,Lighting,Apex,450.22,253.7,S0373
P006363,Green Technology,Books,Technology,EverBuy,1675.72,967.81,S0443
P006364,Memory Laptop,Electronics,Laptop,UrbanEdge,824.81,639.56,S0224
P006365,High Monitor,Electronics,Monitor,GlobalMart,492.36,415.38,S0063
P006366,Anything Football,Sports,Football,Vertex,523.58,412.86,S0500
P006367,Partner Accessories,Clothing,Accessories,GlobalMart,289.64,233.19,S0099
P006368,Former Comics,Books,Comics,GlobalMart,1092.27,675.7,S0058
P006369,Several Business,Books,Business,NextGen,1000.26,791.14,S0380
P006370,Page Outdoor,Sports,Outdoor,UrbanEdge,741.99,415.83,S0018
P006371,Party Business,Books,Business,Apex,458.94,294.26,S0080
P006372,Song Appliances,Home,Appliances,EverBuy,945.73,690.82,S0002
P006373,White Accessories,Clothing,Accessories,UrbanEdge,1411.99,875.44,S0328
P006374,Drug Tablet,Electronics,Tablet,NextGen,1240.53,693.71,S0027
P006375,Anyone Laptop,Electronics,Laptop,Apex,909.42,579.81,S0421
P006376,Billion Football,Sports,Football,UrbanEdge,371.43,253.78,S0472
P006377,Minute Comics,Books,Comics,GlobalMart,249.21,188.78,S0327
P006378,Boy Football,Sports,Football,EverBuy,755.73,612.42,S0102
P006379,Bar Lighting,Home,Lighting,PrimeGoods,717.35,441.34,S0188
P006380,Beyond Furniture,Home,Furniture,NovaTech,1066.92,742.06,S0279
P006381,Until Fitness,Sports,Fitness,PrimeGoods,365.98,300.2,S0364
P006382,Subject Cricket,Sports,Cricket,GlobalMart,1131.34,688.76,S0422
P006383,Partner Comics,Books,Comics,Apex,51.26,31.04,S0128
P006384,Network Cricket,Sports,Cricket,NextGen,738.03,470.61,S0437
P006385,Guess Cricket,Sports,Cricket,GlobalMart,573.09,333.99,S0059
P006386,Nothing Shirts,Clothing,Shirts,UrbanEdge,781.41,581.82,S0035
P006387,Business Cricket,Sports,Cricket,EverBuy,1174.94,782.66,S0338
P006388,Movie Tablet,Electronics,Tablet,PrimeGoods,49.53,31.52,S0078
P006389,Issue Furniture,Home,Furniture,NovaTech,1310.89,754.7,S0493
P006390,Loss Monitor,Electronics,Monitor,Vertex,503.29,293.9,S0012
P006391,Sell Outdoor,Sports,Outdoor,GlobalMart,1286.89,731.44,S0326
P006392,Beat Comics,Books,Comics,UrbanEdge,1270.27,763.14,S0337
P006393,First Trousers,Clothing,Trousers,EverBuy,1284.8,866.69,S0145
P006394,Believe Education,Books,Education,EverBuy,1019.66,615.65,S0249
P006395,Local Furniture,Home,Furniture,PrimeGoods,1003.57,800.42,S0221
P006396,Those Cricket,Sports,Cricket,NextGen,1400.6,974.71,S0060
P006397,Meet Shoes,Clothing,Shoes,PrimeGoods,360.84,247.61,S0372
P006398,Answer Running,Sports,Running,NovaTech,719.47,413.0,S0395
P006399,Care Fitness,Sports,Fitness,Apex,1085.63,805.36,S0103
P006400,Short Kitchen,Home,Kitchen,EverBuy,300.46,237.42,S0004
P006401,Rise Decor,Home,Decor,UrbanEdge,951.29,654.8,S0330
P006402,Response Accessories,Clothing,Accessories,Apex,1670.41,970.86,S0138
P006403,Meeting Decor,Home,Decor,GlobalMart,1380.26,978.78,S0408
P006404,Agree Headphones,Electronics,Headphones,NextGen,863.47,735.23,S0420
P006405,Develop Laptop,Electronics,Laptop,NovaTech,1365.19,890.24,S0190
P006406,New Education,Books,Education,NextGen,1517.52,985.04,S0168
P006407,Indeed Accessories,Clothing,Accessories,GlobalMart,804.63,563.23,S0162
P006408,Listen Lighting,Home,Lighting,UrbanEdge,699.55,600.19,S0281
P006409,Even Shirts,Clothing,Shirts,GlobalMart,428.31,321.45,S0467
P006410,Any Trousers,Clothing,Trousers,GlobalMart,411.32,242.25,S0145
P006411,And Kitchen,Home,Kitchen,UrbanEdge,1073.86,847.59,S0326
P006412,Simply Fiction,Books,Fiction,UrbanEdge,1235.27,808.91,S0352
P006413,News Running,Sports,Running,NextGen,1067.74,762.41,S0341
P006414,Interesting Decor,Home,Decor,PrimeGoods,1049.3,731.24,S0378
P006415,Even Tablet,Electronics,Tablet,NovaTech,730.98,603.06,S0456
P006416,Case Comics,Books,Comics,Apex,52.35,34.88,S0318
P006417,Enter Fitness,Sports,Fitness,NextGen,1168.5,658.76,S0026
P006418,Through Jackets,Clothing,Jackets,EverBuy,965.65,639.61,S0109
P006419,Compare Furniture,Home,Furniture,UrbanEdge,495.78,370.76,S0034
P006420,Should Appliances,Home,Appliances,NovaTech,1201.9,843.4,S0042
P006421,Trade Headphones,Electronics,Headphones,NextGen,474.0,408.02,S0438
P006422,Item Kitchen,Home,Kitchen,UrbanEdge,18.17,13.63,S0477
P006423,Where Kitchen,Home,Kitchen,PrimeGoods,1219.08,695.62,S0366
P006424,Serious Shirts,Clothing,Shirts,Vertex,617.29,517.87,S0405
P006425,Sort Laptop,Electronics,Laptop,NextGen,445.2,252.27,S0127
P006426,Have Furniture,Home,Furniture,GlobalMart,1033.32,593.18,S0002
P006427,Up Shoes,Clothing,Shoes,EverBuy,497.07,302.1,S0080
P006428,Often Monitor,Electronics,Monitor,UrbanEdge,94.99,52.81,S0408
P006429,Watch Accessories,Clothing,Accessories,PrimeGoods,992.64,728.65,S0381
P006430,Run Headphones,Electronics,Headphones,EverBuy,715.88,610.35,S0133
P006431,Someone Accessories,Clothing,Accessories,Vertex,782.86,439.62,S0292
P006432,Who Shoes,Clothing,Shoes,NextGen,1085.38,906.86,S0060
P006433,Class Comics,Books,Comics,PrimeGoods,768.26,666.1,S0011
P006434,Maintain Decor,Home,Decor,NovaTech,83.63,49.86,S0050
P006435,No Outdoor,Sports,Outdoor,UrbanEdge,202.68,130.48,S0469
P006436,Major Business,Books,Business,Vertex,1140.61,651.55,S0153
P006437,Control Kitchen,Home,Kitchen,PrimeGoods,131.73,79.35,S0481
P006438,Leader Fitness,Sports,Fitness,Apex,210.99,163.73,S0280
P006439,Degree Appliances,Home,Appliances,EverBuy,1467.03,961.42,S0174
P006440,Chance Fiction,Books,Fiction,NextGen,383.27,323.27,S0462
P006441,Scene Monitor,Electronics,Monitor,EverBuy,603.6,468.94,S0016
P006442,Certainly Appliances,Home,Appliances,UrbanEdge,1045.01,667.54,S0383
P006443,Property Decor,Home,Decor,Apex,632.24,427.05,S0202
P006444,Watch Jackets,Clothing,Jackets,PrimeGoods,1244.48,730.09,S0004
P006445,Reduce Accessories,Clothing,Accessories,Apex,862.98,526.07,S0462
P006446,Indeed Lighting,Home,Lighting,Apex,1123.24,881.75,S0392
P006447,Benefit Decor,Home,Decor,Vertex,405.97,288.43,S0326
P006448,Dinner Laptop,Electronics,Laptop,GlobalMart,1204.97,753.34,S0389
P006449,Sport Kitchen,Home,Kitchen,NovaTech,558.41,455.25,S0188
P006450,Our Running,Sports,Running,UrbanEdge,1189.16,787.96,S0330
P006451,Simple Furniture,Home,Furniture,EverBuy,855.41,679.44,S0175
P006452,Others Shirts,Clothing,Shirts,NextGen,1280.03,829.7,S0337
P006453,Sure Accessories,Clothing,Accessories,Apex,1096.06,824.16,S0371
P006454,Truth Kitchen,Home,Kitchen,NextGen,578.48,496.08,S0060
P006455,House Fitness,Sports,Fitness,EverBuy,707.18,412.57,S0068
P006456,Everything Kitchen,Home,Kitchen,PrimeGoods,939.87,559.85,S0345
P006457,Act Tablet,Electronics,Tablet,Vertex,1342.68,772.72,S0088
P006458,Four Outdoor,Sports,Outdoor,GlobalMart,1201.4,718.02,S0178
P006459,Heart Smartphone,Electronics,Smartphone,Vertex,863.82,672.68,S0336
P006460,Herself Smartphone,Electronics,Smartphone,EverBuy,662.83,462.2,S0146
P006461,After Education,Books,Education,NextGen,946.64,715.56,S0368
P006462,Property Smartphone,Electronics,Smartphone,Vertex,416.81,244.23,S0455
P006463,That Outdoor,Sports,Outdoor,Apex,440.08,377.43,S0480
P006464,Meeting Jackets,Clothing,Jackets,EverBuy,827.23,658.76,S0284
P006465,Career Football,Sports,Football,UrbanEdge,349.64,221.75,S0027
P006466,Government Furniture,Home,Furniture,Vertex,255.89,157.86,S0136
P006467,Never Football,Sports,Football,EverBuy,530.17,328.68,S0029
P006468,Everybody Outdoor,Sports,Outdoor,PrimeGoods,1095.06,729.39,S0017
P006469,Dark Trousers,Clothing,Trousers,NextGen,1502.81,958.89,S0360
P006470,Rock Fitness,Sports,Fitness,PrimeGoods,541.41,391.14,S0260
P006471,Cover Football,Sports,Football,EverBuy,529.32,436.04,S0087
P006472,Cause Shirts,Clothing,Shirts,EverBuy,330.33,265.38,S0309
P006473,Fine Accessories,Clothing,Accessories,GlobalMart,399.9,264.48,S0003
P006474,Various Kitchen,Home,Kitchen,EverBuy,271.91,217.59,S0191
P006475,Quite Tablet,Electronics,Tablet,UrbanEdge,1498.41,856.52,S0031
P006476,Trial Cricket,Sports,Cricket,PrimeGoods,1266.02,718.96,S0396
P006477,Truth Smartphone,Electronics,Smartphone,EverBuy,500.15,284.62,S0222
P006478,Occur Accessories,Clothing,Accessories,EverBuy,1445.1,979.11,S0220
P006479,Hour Jackets,Clothing,Jackets,GlobalMart,128.6,97.37,S0243
P006480,Tax Headphones,Electronics,Headphones,UrbanEdge,373.12,269.99,S0198
P006481,Machine Decor,Home,Decor,GlobalMart,961.84,719.02,S0378
P006482,Thus Laptop,Electronics,Laptop,NovaTech,120.86,100.7,S0255
P006483,Name Fitness,Sports,Fitness,PrimeGoods,79.47,55.41,S0476
P006484,Mission Trousers,Clothing,Trousers,UrbanEdge,1602.87,891.68,S0344
P006485,Good Shirts,Clothing,Shirts,NovaTech,1111.9,694.17,S0117
P006486,Friend Business,Books,Business,EverBuy,507.27,290.41,S0223
P006487,Tonight Decor,Home,Decor,GlobalMart,728.0,586.58,S0049
P006488,Fish Appliances,Home,Appliances,NovaTech,405.46,228.52,S0481
P006489,Increase Fiction,Books,Fiction,GlobalMart,1602.55,919.84,S0144
P006490,Father Trousers,Clothing,Trousers,NextGen,1028.08,731.48,S0007
P006491,Front Tablet,Electronics,Tablet,Vertex,752.1,454.01,S0049
P006492,Relationship Furniture,Home,Furniture,UrbanEdge,1147.41,669.03,S0242
P006493,State Comics,Books,Comics,PrimeGoods,33.84,20.16,S0476
P006494,Well Business,Books,Business,Vertex,65.61,42.2,S0205
P006495,Relationship Business,Books,Business,PrimeGoods,1206.41,710.12,S0331
P006496,Also Accessories,Clothing,Accessories,Vertex,142.31,96.67,S0462
P006497,Official Monitor,Electronics,Monitor,NextGen,553.91,374.02,S0440
P006498,Able Football,Sports,Football,UrbanEdge,128.36,104.81,S0484
P006499,Hope Education,Books,Education,EverBuy,1452.04,857.35,S0102
P006500,Practice Technology,Books,Technology,Apex,568.94,470.16,S0140
P006501,Adult Accessories,Clothing,Accessories,GlobalMart,669.49,465.2,S0237
P006502,Big Education,Books,Education,Apex,139.93,99.74,S0428
P006503,Reason Decor,Home,Decor,Apex,1104.28,857.76,S0167
P006504,Memory Smartphone,Electronics,Smartphone,PrimeGoods,1129.29,686.2,S0136
P006505,Seek Outdoor,Sports,Outdoor,Vertex,1156.36,678.22,S0470
P006506,Speech Smartphone,Electronics,Smartphone,NovaTech,42.09,35.75,S0226
P006507,Produce Decor,Home,Decor,NovaTech,769.48,624.14,S0160
P006508,Leg Shirts,Clothing,Shirts,EverBuy,628.62,437.81,S0188
P006509,Figure Fiction,Books,Fiction,EverBuy,242.03,139.15,S0079
P006510,Decade Trousers,Clothing,Trousers,EverBuy,203.85,147.6,S0031
P006511,Standard Tablet,Electronics,Tablet,Apex,489.59,299.07,S0051
P006512,Under Comics,Books,Comics,NovaTech,1570.53,924.74,S0145
P006513,Drive Shirts,Clothing,Shirts,NovaTech,104.34,85.94,S0155
P006514,Specific Lighting,Home,Lighting,Vertex,1497.36,915.87,S0343
P006515,Popular Headphones,Electronics,Headphones,PrimeGoods,895.35,564.71,S0389
P006516,Enjoy Business,Books,Business,Vertex,1026.22,646.27,S0027
P006517,Station Smartphone,Electronics,Smartphone,Apex,283.38,190.55,S0455
P006518,Institution Technology,Books,Technology,GlobalMart,682.54,412.75,S0500
P006519,Remain Appliances,Home,Appliances,GlobalMart,24.31,19.63,S0380
P006520,Particular Football,Sports,Football,UrbanEdge,432.56,262.74,S0003
P006521,Sing Appliances,Home,Appliances,EverBuy,81.37,70.01,S0367
P006522,Serve Shoes,Clothing,Shoes,PrimeGoods,1104.33,886.82,S0113
P006523,Really Running,Sports,Running,UrbanEdge,1008.06,766.2,S0482
P006524,Program Laptop,Electronics,Laptop,UrbanEdge,78.97,49.82,S0122
P006525,Soon Shirts,Clothing,Shirts,NovaTech,501.37,301.83,S0296
P006526,Day Monitor,Electronics,Monitor,UrbanEdge,137.38,88.68,S0354
P006527,Card Running,Sports,Running,Apex,439.19,365.93,S0028
P006528,Design Football,Sports,Football,PrimeGoods,356.23,226.12,S0439
P006529,Material Trousers,Clothing,Trousers,EverBuy,158.03,96.13,S0241
P006530,Discussion Shirts,Clothing,Shirts,NovaTech,1338.88,792.62,S0217
P006531,Whose Fitness,Sports,Fitness,UrbanEdge,152.33,127.26,S0042
P006532,Kitchen Furniture,Home,Furniture,UrbanEdge,775.87,513.42,S0105
P006533,Statement Kitchen,Home,Kitchen,EverBuy,1122.38,686.17,S0372
P006534,Network Football,Sports,Football,GlobalMart,899.58,634.1,S0350
P006535,Box Running,Sports,Running,Apex,1510.32,962.3,S0122
P006536,Race Fitness,Sports,Fitness,UrbanEdge,694.34,427.33,S0372
P006537,View Technology,Books,Technology,GlobalMart,1294.47,841.6,S0207
P006538,Argue Furniture,Home,Furniture,Apex,771.73,603.73,S0310
P006539,Entire Comics,Books,Comics,NovaTech,812.55,554.43,S0449
P006540,Property Business,Books,Business,NextGen,1160.4,939.96,S0377
P006541,Claim Furniture,Home,Furniture,EverBuy,185.57,146.74,S0120
P006542,Process Headphones,Electronics,Headphones,Vertex,549.1,388.17,S0241
P006543,Region Comics,Books,Comics,PrimeGoods,1323.49,923.47,S0016
P006544,Production Kitchen,Home,Kitchen,Apex,1091.76,690.95,S0075
P006545,This Headphones,Electronics,Headphones,PrimeGoods,713.76,473.86,S0329
P006546,Message Appliances,Home,Appliances,NextGen,76.5,64.88,S0108
P006547,Activity Appliances,Home,Appliances,NovaTech,955.62,665.63,S0355
P006548,Affect Fitness,Sports,Fitness,EverBuy,163.74,130.88,S0050
P006549,Sea Fitness,Sports,Fitness,NovaTech,1498.23,873.12,S0092
P006550,Pick Cricket,Sports,Cricket,PrimeGoods,883.93,659.85,S0491
P006551,Coach Tablet,Electronics,Tablet,UrbanEdge,696.18,517.2,S0003
P006552,Organization Education,Books,Education,EverBuy,410.2,263.69,S0207
P006553,Benefit Football,Sports,Football,Apex,1309.14,743.71,S0181
P006554,Owner Monitor,Electronics,Monitor,NextGen,1078.13,690.08,S0305
P006555,Specific Fitness,Sports,Fitness,UrbanEdge,210.73,173.31,S0200
P006556,Wonder Fitness,Sports,Fitness,Apex,639.51,480.07,S0307
P006557,Summer Cricket,Sports,Cricket,Apex,244.75,192.37,S0290
P006558,Cup Comics,Books,Comics,Apex,1092.38,895.45,S0410
P006559,Allow Laptop,Electronics,Laptop,Apex,186.57,154.94,S0172
P006560,Certainly Fiction,Books,Fiction,NextGen,938.74,590.33,S0048
P006561,First Running,Sports,Running,PrimeGoods,1088.59,857.25,S0339
P006562,Organization Business,Books,Business,UrbanEdge,1184.44,811.3,S0471
P006563,Memory Football,Sports,Football,EverBuy,768.32,440.76,S0455
P006564,Land Kitchen,Home,Kitchen,GlobalMart,1125.8,898.14,S0086
P006565,Center Shoes,Clothing,Shoes,EverBuy,482.87,335.7,S0214
P006566,Agreement Business,Books,Business,PrimeGoods,23.29,19.85,S0321
P006567,Computer Fiction,Books,Fiction,PrimeGoods,854.5,692.08,S0078
P006568,Phone Fiction,Books,Fiction,NextGen,256.54,212.82,S0033
P006569,Professor Tablet,Electronics,Tablet,NovaTech,314.56,188.05,S0146
P006570,Fact Cricket,Sports,Cricket,PrimeGoods,1376.11,862.94,S0025
P006571,Break Accessories,Clothing,Accessories,EverBuy,577.01,414.87,S0070
P006572,Work Fitness,Sports,Fitness,EverBuy,1042.54,858.74,S0117
P006573,Home Football,Sports,Football,NextGen,258.35,166.35,S0217
P006574,Example Trousers,Clothing,Trousers,Vertex,702.67,567.67,S0059
P006575,Rich Education,Books,Education,GlobalMart,797.03,687.91,S0256
P006576,Arrive Lighting,Home,Lighting,UrbanEdge,848.2,548.49,S0340
P006577,Financial Fitness,Sports,Fitness,NextGen,667.82,414.96,S0434
P006578,Page Education,Books,Education,GlobalMart,535.38,393.7,S0361
P006579,Available Jackets,Clothing,Jackets,GlobalMart,117.15,73.95,S0256
P006580,Listen Jackets,Clothing,Jackets,PrimeGoods,436.73,243.34,S0490
P006581,Economic Technology,Books,Technology,NovaTech,644.7,366.52,S0256
P006582,You Cricket,Sports,Cricket,GlobalMart,379.48,316.54,S0338
P006583,Catch Tablet,Electronics,Tablet,EverBuy,154.33,98.93,S0265
P006584,Decision Football,Sports,Football,EverBuy,1261.96,753.59,S0263
P006585,Bank Lighting,Home,Lighting,UrbanEdge,696.0,515.71,S0181
P006586,Senior Decor,Home,Decor,PrimeGoods,22.89,13.52,S0204
P006587,Exist Furniture,Home,Furniture,PrimeGoods,788.7,650.77,S0324
P006588,Key Jackets,Clothing,Jackets,Vertex,1013.29,859.74,S0269
P006589,Writer Technology,Books,Technology,NextGen,273.55,195.42,S0339
P006590,Technology Football,Sports,Football,NextGen,1284.0,772.19,S0385
P006591,Couple Furniture,Home,Furniture,PrimeGoods,769.56,633.85,S0270
P006592,Clearly Fitness,Sports,Fitness,GlobalMart,1499.74,963.48,S0247
P006593,Behind Fitness,Sports,Fitness,Apex,159.98,90.73,S0115
P006594,Mr Smartphone,Electronics,Smartphone,NovaTech,558.12,473.66,S0203
P006595,Person Appliances,Home,Appliances,EverBuy,897.29,703.61,S0188
P006596,Hundred Fiction,Books,Fiction,NovaTech,1042.76,665.05,S0097
P006597,Pretty Jackets,Clothing,Jackets,UrbanEdge,151.53,129.33,S0225
P006598,Night Monitor,Electronics,Monitor,EverBuy,58.29,39.79,S0464
P006599,Entire Furniture,Home,Furniture,GlobalMart,1519.33,937.66,S0362
P006600,Section Laptop,Electronics,Laptop,EverBuy,870.92,642.01,S0318
P006601,Since Trousers,Clothing,Trousers,EverBuy,243.03,183.59,S0465
P006602,After Accessories,Clothing,Accessories,UrbanEdge,24.47,14.81,S0367
P006603,If Fitness,Sports,Fitness,UrbanEdge,482.08,281.4,S0374
P006604,Them Tablet,Electronics,Tablet,UrbanEdge,1317.12,991.46,S0052
P006605,Each Accessories,Clothing,Accessories,Apex,171.04,112.46,S0193
P006606,Good Fitness,Sports,Fitness,Apex,738.28,608.79,S0242
P006607,Century Jackets,Clothing,Jackets,PrimeGoods,268.42,175.81,S0459
P006608,Coach Comics,Books,Comics,PrimeGoods,576.97,427.33,S0293
P006609,Responsibility Appliances,Home,Appliances,PrimeGoods,573.84,463.44,S0358
P006610,Day Cricket,Sports,Cricket,NovaTech,37.62,26.48,S0414
P006611,Factor Outdoor,Sports,Outdoor,NextGen,1353.61,922.19,S0106
P006612,Energy Trousers,Clothing,Trousers,NovaTech,934.3,711.62,S0472
P006613,Write Accessories,Clothing,Accessories,GlobalMart,979.61,682.85,S0313
P006614,Commercial Shirts,Clothing,Shirts,GlobalMart,949.19,605.25,S0183
P006615,Figure Kitchen,Home,Kitchen,GlobalMart,726.0,601.65,S0326
P006616,Prevent Kitchen,Home,Kitchen,Apex,429.87,331.16,S0254
P006617,Ball Appliances,Home,Appliances,NovaTech,374.3,267.4,S0311
P006618,Specific Comics,Books,Comics,PrimeGoods,1110.09,755.47,S0243
P006619,Particularly Appliances,Home,Appliances,EverBuy,605.62,504.07,S0090
P006620,Travel Education,Books,Education,GlobalMart,1337.94,842.63,S0100
P006621,Several Comics,Books,Comics,Vertex,856.71,519.92,S0322
P006622,Family Fitness,Sports,Fitness,GlobalMart,133.92,75.63,S0299
P006623,Member Education,Books,Education,Vertex,744.89,463.26,S0454
P006624,Determine Accessories,Clothing,Accessories,GlobalMart,1076.7,806.36,S0045
P006625,Thought Education,Books,Education,NovaTech,1257.42,945.57,S0197
P006626,Down Education,Books,Education,EverBuy,104.45,58.93,S0057
P006627,Night Football,Sports,Football,GlobalMart,889.52,534.78,S0172
P006628,Important Education,Books,Education,Apex,1161.79,714.79,S0224
P006629,Me Kitchen,Home,Kitchen,NovaTech,1147.26,687.77,S0167
P006630,Type Laptop,Electronics,Laptop,UrbanEdge,1304.49,950.5,S0076
P006631,Bank Appliances,Home,Appliances,EverBuy,1148.63,872.34,S0118
P006632,Television Football,Sports,Football,GlobalMart,1376.64,929.15,S0005
P006633,Central Appliances,Home,Appliances,Apex,761.08,513.89,S0165
P006634,Occur Education,Books,Education,GlobalMart,472.36,396.32,S0341
P006635,Race Shirts,Clothing,Shirts,GlobalMart,415.91,254.81,S0218
P006636,Concern Comics,Books,Comics,EverBuy,878.51,581.41,S0356
P006637,Born Kitchen,Home,Kitchen,GlobalMart,276.17,208.36,S0340
P006638,The Technology,Books,Technology,EverBuy,977.85,688.78,S0218
P006639,Form Fiction,Books,Fiction,Apex,1217.3,840.5,S0328
P006640,Huge Fiction,Books,Fiction,NovaTech,171.78,108.75,S0455
P006641,Easy Running,Sports,Running,NovaTech,1231.42,776.33,S0409
P006642,Develop Kitchen,Home,Kitchen,NovaTech,1445.24,947.8,S0483
P006643,Method Cricket,Sports,Cricket,Apex,1007.13,715.82,S0127
P006644,Guess Fitness,Sports,Fitness,NextGen,871.39,576.44,S0321
P006645,Actually Kitchen,Home,Kitchen,Apex,583.76,392.1,S0109
P006646,Issue Jackets,Clothing,Jackets,NovaTech,118.35,67.27,S0363
P006647,Generation Laptop,Electronics,Laptop,Apex,89.5,57.71,S0365
P006648,Five Fiction,Books,Fiction,Vertex,70.78,52.57,S0452
P006649,Authority Laptop,Electronics,Laptop,GlobalMart,1068.45,893.94,S0078
P006650,Voice Kitchen,Home,Kitchen,PrimeGoods,1005.04,611.77,S0466
P006651,Water Monitor,Electronics,Monitor,NextGen,424.5,351.62,S0061
P006652,Plan Football,Sports,Football,NextGen,1717.32,976.56,S0204
P006653,Something Fiction,Books,Fiction,GlobalMart,261.04,211.99,S0388
P006654,Create Furniture,Home,Furniture,Vertex,1050.48,703.22,S0025
P006655,Personal Cricket,Sports,Cricket,UrbanEdge,1615.65,992.68,S0214
P006656,Finally Shirts,Clothing,Shirts,NextGen,757.87,649.57,S0253
P006657,Small Football,Sports,Football,PrimeGoods,809.98,584.86,S0367
P006658,Teach Technology,Books,Technology,Apex,800.95,586.08,S0280
P006659,Body Monitor,Electronics,Monitor,Apex,1193.83,979.09,S0353
P006660,Movie Cricket,Sports,Cricket,Vertex,621.79,413.75,S0038
P006661,Course Headphones,Electronics,Headphones,NextGen,1038.69,786.99,S0216
P006662,Mind Trousers,Clothing,Trousers,NextGen,87.74,66.93,S0468
P006663,Stop Lighting,Home,Lighting,NovaTech,775.19,536.98,S0231
P006664,Father Tablet,Electronics,Tablet,NextGen,115.36,65.6,S0359
P006665,Low Furniture,Home,Furniture,UrbanEdge,1045.54,743.22,S0461
P006666,Office Outdoor,Sports,Outdoor,EverBuy,910.85,662.93,S0278
P006667,Really Furniture,Home,Furniture,Vertex,447.54,312.23,S0029
P006668,Kitchen Monitor,Electronics,Monitor,EverBuy,223.34,187.31,S0289
P006669,Send Shirts,Clothing,Shirts,PrimeGoods,468.47,280.82,S0038
P006670,No Shoes,Clothing,Shoes,NovaTech,425.81,360.49,S0476
P006671,Light Furniture,Home,Furniture,GlobalMart,1166.58,705.1,S0322
P006672,Join Shoes,Clothing,Shoes,NovaTech,999.4,571.27,S0363
P006673,Room Decor,Home,Decor,UrbanEdge,764.44,576.09,S0353
P006674,Can Cricket,Sports,Cricket,GlobalMart,1149.13,895.96,S0360
P006675,Whatever Decor,Home,Decor,Apex,827.02,490.61,S0351
P006676,Gun Jackets,Clothing,Jackets,PrimeGoods,350.25,285.33,S0442
P006677,Success Running,Sports,Running,NovaTech,736.24,602.29,S0464
P006678,Relate Business,Books,Business,GlobalMart,288.44,215.01,S0171
P006679,Watch Furniture,Home,Furniture,NovaTech,774.5,668.7,S0417
P006680,Professor Technology,Books,Technology,NextGen,1017.4,770.1,S0133
P006681,Life Jackets,Clothing,Jackets,NextGen,1241.31,832.91,S0415
P006682,Simple Outdoor,Sports,Outdoor,GlobalMart,1064.23,692.49,S0187
P006683,Keep Shoes,Clothing,Shoes,PrimeGoods,1313.81,782.72,S0186
P006684,View Jackets,Clothing,Jackets,PrimeGoods,1002.04,814.66,S0135
P006685,Herself Comics,Books,Comics,NovaTech,645.6,542.76,S0211
P006686,Than Comics,Books,Comics,NextGen,486.25,378.03,S0351
P006687,Their Accessories,Clothing,Accessories,GlobalMart,1349.49,816.43,S0183
P006688,Everybody Business,Books,Business,NovaTech,510.76,380.65,S0433
P006689,Speech Kitchen,Home,Kitchen,NextGen,204.08,156.03,S0408
P006690,Suggest Running,Sports,Running,EverBuy,851.55,652.94,S0326
P006691,How Technology,Books,Technology,NovaTech,502.19,390.51,S0359
P006692,Keep Running,Sports,Running,EverBuy,329.78,257.76,S0475
P006693,Teach Technology,Books,Technology,UrbanEdge,832.71,501.86,S0213
P006694,Federal Fiction,Books,Fiction,NovaTech,430.67,298.54,S0205
P006695,Though Fitness,Sports,Fitness,Vertex,1154.96,982.81,S0423
P006696,Usually Running,Sports,Running,EverBuy,332.82,224.97,S0335
P006697,Issue Monitor,Electronics,Monitor,PrimeGoods,1045.16,830.55,S0131
P006698,Huge Furniture,Home,Furniture,EverBuy,1115.23,743.4,S0495
P006699,Product Lighting,Home,Lighting,EverBuy,1268.3,890.49,S0467
P006700,Never Comics,Books,Comics,GlobalMart,1182.82,661.11,S0417
P006701,Idea Tablet,Electronics,Tablet,EverBuy,822.14,614.87,S0494
P006702,Possible Shirts,Clothing,Shirts,PrimeGoods,846.53,646.96,S0174
P006703,Service Furniture,Home,Furniture,NextGen,1145.32,685.84,S0205
P006704,Rest Accessories,Clothing,Accessories,NovaTech,1361.62,861.5,S0159
P006705,Before Kitchen,Home,Kitchen,NovaTech,423.79,337.56,S0041
P006706,Career Shoes,Clothing,Shoes,NextGen,217.07,167.24,S0425
P006707,Person Jackets,Clothing,Jackets,Vertex,757.56,547.36,S0024
P006708,Act Lighting,Home,Lighting,NovaTech,20.76,16.17,S0062
P006709,Area Business,Books,Business,UrbanEdge,1028.17,829.76,S0483
P006710,Mouth Laptop,Electronics,Laptop,EverBuy,507.58,377.29,S0376
P006711,Expert Jackets,Clothing,Jackets,Apex,487.45,281.53,S0324
P006712,Me Technology,Books,Technology,PrimeGoods,20.66,17.74,S0293
P006713,The Shirts,Clothing,Shirts,NovaTech,644.59,388.3,S0382
P006714,Population Headphones,Electronics,Headphones,NextGen,347.74,204.1,S0312
P006715,Mind Cricket,Sports,Cricket,NextGen,861.81,498.09,S0464
P006716,Point Headphones,Electronics,Headphones,NextGen,680.54,450.75,S0096
P006717,Model Technology,Books,Technology,GlobalMart,1152.22,730.71,S0028
P006718,Hundred Smartphone,Electronics,Smartphone,UrbanEdge,1534.9,937.4,S0490
P006719,Morning Lighting,Home,Lighting,Apex,809.06,567.72,S0459
P006720,Trouble Education,Books,Education,UrbanEdge,133.23,78.15,S0423
P006721,Someone Accessories,Clothing,Accessories,NovaTech,1431.02,807.36,S0375
P006722,Family Fitness,Sports,Fitness,PrimeGoods,1548.45,903.14,S0488
P006723,Do Lighting,Home,Lighting,NovaTech,567.65,424.04,S0222
P006724,Per Shirts,Clothing,Shirts,Vertex,86.46,64.67,S0400
P006725,Accept Decor,Home,Decor,NextGen,719.22,415.06,S0357
P006726,Professor Shoes,Clothing,Shoes,UrbanEdge,53.73,41.36,S0411
P006727,Exactly Tablet,Electronics,Tablet,UrbanEdge,1261.81,756.98,S0476
P006728,Explain Monitor,Electronics,Monitor,Vertex,1190.2,826.87,S0157
P006729,Late Lighting,Home,Lighting,Vertex,1057.56,800.91,S0158
P006730,Account Fiction,Books,Fiction,NextGen,803.77,619.51,S0202
P006731,Group Education,Books,Education,EverBuy,663.56,565.99,S0391
P006732,Home Tablet,Electronics,Tablet,Vertex,955.68,601.69,S0238
P006733,Strong Education,Books,Education,NextGen,735.25,542.41,S0137
P006734,Fear Business,Books,Business,Vertex,423.0,255.92,S0075
P006735,Cover Trousers,Clothing,Trousers,UrbanEdge,110.88,93.0,S0499
P006736,Right Lighting,Home,Lighting,NextGen,1231.87,765.0,S0253
P006737,Class Fiction,Books,Fiction,UrbanEdge,1370.95,949.56,S0095
P006738,Mention Technology,Books,Technology,Apex,465.22,318.86,S0425
P006739,Instead Laptop,Electronics,Laptop,GlobalMart,1246.83,747.38,S0229
P006740,Close Business,Books,Business,GlobalMart,798.13,593.51,S0093
P006741,Crime Fiction,Books,Fiction,NextGen,192.37,123.75,S0324
P006742,Build Headphones,Electronics,Headphones,GlobalMart,1129.3,723.97,S0079
P006743,Why Smartphone,Electronics,Smartphone,Vertex,820.34,465.79,S0292
P006744,Seek Shoes,Clothing,Shoes,Vertex,497.45,294.32,S0349
P006745,Happy Fitness,Sports,Fitness,NovaTech,1189.75,853.17,S0272
P006746,Lot Monitor,Electronics,Monitor,UrbanEdge,813.8,459.98,S0138
P006747,Present Business,Books,Business,GlobalMart,638.42,356.98,S0177
P006748,Article Trousers,Clothing,Trousers,GlobalMart,1158.37,674.08,S0485
P006749,Education Fiction,Books,Fiction,UrbanEdge,1286.49,753.65,S0006
P006750,Turn Fiction,Books,Fiction,NovaTech,278.01,205.75,S0175
P006751,Good Trousers,Clothing,Trousers,NovaTech,210.08,124.64,S0134
P006752,Maintain Shoes,Clothing,Shoes,PrimeGoods,817.17,698.41,S0104
P006753,First Monitor,Electronics,Monitor,GlobalMart,303.23,212.84,S0059
P006754,Born Appliances,Home,Appliances,NovaTech,1070.61,774.13,S0323
P006755,Middle Headphones,Electronics,Headphones,PrimeGoods,1341.48,978.38,S0135
P006756,Style Smartphone,Electronics,Smartphone,PrimeGoods,760.93,510.72,S0227
P006757,Shake Outdoor,Sports,Outdoor,UrbanEdge,920.12,590.89,S0159
P006758,Treat Shoes,Clothing,Shoes,Vertex,1014.72,665.91,S0185
P006759,Reason Jackets,Clothing,Jackets,GlobalMart,1456.72,969.8,S0397
P006760,Process Laptop,Electronics,Laptop,EverBuy,1456.63,950.0,S0423
P006761,Politics Jackets,Clothing,Jackets,Apex,1001.71,676.79,S0066
P006762,Way Tablet,Electronics,Tablet,Apex,222.52,185.1,S0466
P006763,Month Lighting,Home,Lighting,GlobalMart,89.84,61.21,S0291
P006764,Area Decor,Home,Decor,NovaTech,571.34,317.6,S0347
P006765,Type Appliances,Home,Appliances,Vertex,47.71,36.61,S0324
P006766,But Fitness,Sports,Fitness,EverBuy,1079.27,706.71,S0475
P006767,Series Fitness,Sports,Fitness,Apex,196.7,164.52,S0136
P006768,Will Comics,Books,Comics,GlobalMart,24.41,15.59,S0228
P006769,Test Outdoor,Sports,Outdoor,NextGen,47.65,32.4,S0385
P006770,Approach Appliances,Home,Appliances,Apex,1091.31,683.41,S0423
P006771,Strong Football,Sports,Football,UrbanEdge,653.78,497.14,S0424
P006772,Do Shirts,Clothing,Shirts,NovaTech,21.22,14.18,S0241
P006773,Government Shirts,Clothing,Shirts,EverBuy,985.83,562.18,S0484
P006774,Mr Trousers,Clothing,Trousers,Apex,473.74,297.62,S0193
P006775,Guess Smartphone,Electronics,Smartphone,Apex,1556.73,985.76,S0321
P006776,Fish Furniture,Home,Furniture,NovaTech,565.91,325.31,S0491
P006777,Nearly Technology,Books,Technology,NextGen,1202.14,995.66,S0431
P006778,Throw Cricket,Sports,Cricket,PrimeGoods,675.85,392.33,S0189
P006779,Sell Shoes,Clothing,Shoes,PrimeGoods,445.52,261.92,S0434
P006780,Budget Cricket,Sports,Cricket,NovaTech,105.0,62.9,S0001
P006781,Minute Monitor,Electronics,Monitor,PrimeGoods,487.28,275.2,S0428
P006782,Method Jackets,Clothing,Jackets,UrbanEdge,861.27,486.88,S0029
P006783,Better Football,Sports,Football,NovaTech,1211.26,991.53,S0359
P006784,Point Business,Books,Business,NextGen,721.68,471.1,S0424
P006785,Media Football,Sports,Football,GlobalMart,399.92,345.53,S0434
P006786,Behind Comics,Books,Comics,GlobalMart,1244.17,701.27,S0009
P006787,Health Business,Books,Business,Apex,1468.26,969.72,S0148
P006788,Under Technology,Books,Technology,Apex,55.38,39.81,S0412
P006789,Most Appliances,Home,Appliances,PrimeGoods,1353.56,795.78,S0083
P006790,Allow Cricket,Sports,Cricket,EverBuy,1202.36,719.63,S0118
P006791,Statement Fiction,Books,Fiction,GlobalMart,1427.97,979.93,S0474
P006792,List Shoes,Clothing,Shoes,Apex,1130.45,824.14,S0237
P006793,Data Smartphone,Electronics,Smartphone,GlobalMart,799.32,468.34,S0175
P006794,Success Outdoor,Sports,Outdoor,PrimeGoods,1053.31,630.9,S0381
P006795,Mr Accessories,Clothing,Accessories,Apex,1483.97,967.56,S0039
P006796,Any Kitchen,Home,Kitchen,GlobalMart,196.66,167.86,S0399
P006797,Help Decor,Home,Decor,Vertex,896.95,499.57,S0255
P006798,Seat Education,Books,Education,Apex,1288.98,760.53,S0267
P006799,Soldier Cricket,Sports,Cricket,Apex,605.2,370.07,S0241
P006800,Administration Business,Books,Business,Vertex,225.35,146.0,S0224
P006801,Alone Furniture,Home,Furniture,EverBuy,887.41,495.43,S0173
P006802,See Tablet,Electronics,Tablet,Vertex,1230.14,777.23,S0281
P006803,Quality Business,Books,Business,GlobalMart,1051.36,817.79,S0138
P006804,Full Shoes,Clothing,Shoes,EverBuy,589.67,401.14,S0252
P006805,Base Tablet,Electronics,Tablet,NovaTech,1083.66,735.27,S0309
P006806,Book Furniture,Home,Furniture,PrimeGoods,30.29,21.51,S0227
P006807,Mother Appliances,Home,Appliances,UrbanEdge,609.67,444.55,S0455
P006808,Space Technology,Books,Technology,PrimeGoods,1138.12,918.98,S0126
P006809,Region Business,Books,Business,Apex,30.63,24.59,S0129
P006810,Wide Appliances,Home,Appliances,NovaTech,1362.95,819.42,S0149
P006811,Interesting Football,Sports,Football,GlobalMart,1610.6,920.72,S0233
P006812,And Laptop,Electronics,Laptop,PrimeGoods,1284.38,920.87,S0333
P006813,Vote Lighting,Home,Lighting,Vertex,864.81,516.82,S0459
P006814,Travel Headphones,Electronics,Headphones,NextGen,1172.8,687.46,S0007
P006815,Commercial Kitchen,Home,Kitchen,Apex,1544.22,915.29,S0375
P006816,Home Lighting,Home,Lighting,PrimeGoods,492.05,404.5,S0019
P006817,Themselves Technology,Books,Technology,NovaTech,1080.19,703.26,S0149
P006818,Consumer Outdoor,Sports,Outdoor,PrimeGoods,1355.63,906.62,S0270
P006819,Truth Shirts,Clothing,Shirts,NovaTech,384.11,330.76,S0089
P006820,Away Monitor,Electronics,Monitor,GlobalMart,1128.04,970.94,S0277
P006821,Sense Laptop,Electronics,Laptop,GlobalMart,871.92,586.98,S0230
P006822,Answer Tablet,Electronics,Tablet,UrbanEdge,445.04,268.18,S0393
P006823,Almost Running,Sports,Running,NovaTech,419.28,252.69,S0376
P006824,Effect Football,Sports,Football,NextGen,879.23,670.72,S0279
P006825,Unit Cricket,Sports,Cricket,UrbanEdge,286.21,225.02,S0196
P006826,Popular Jackets,Clothing,Jackets,Apex,522.92,313.3,S0457
P006827,Yes Cricket,Sports,Cricket,NovaTech,940.19,655.35,S0217
P006828,Husband Shoes,Clothing,Shoes,NextGen,301.68,188.51,S0431
P006829,Machine Jackets,Clothing,Jackets,UrbanEdge,422.67,299.85,S0209
P006830,Inside Shoes,Clothing,Shoes,GlobalMart,486.65,376.05,S0069
P006831,Fight Tablet,Electronics,Tablet,GlobalMart,1186.27,779.28,S0027
P006832,Rich Laptop,Electronics,Laptop,PrimeGoods,395.89,324.13,S0170
P006833,Day Appliances,Home,Appliances,NovaTech,562.41,415.37,S0065
P006834,Even Football,Sports,Football,GlobalMart,268.26,231.86,S0412
P006835,Site Trousers,Clothing,Trousers,NovaTech,1562.85,990.02,S0285
P006836,Spring Shoes,Clothing,Shoes,EverBuy,277.82,230.77,S0438
P006837,Social Smartphone,Electronics,Smartphone,GlobalMart,668.02,512.99,S0338
P006838,Production Furniture,Home,Furniture,UrbanEdge,1135.09,667.61,S0411
P006839,South Shirts,Clothing,Shirts,Apex,96.52,60.05,S0314
P006840,Collection Lighting,Home,Lighting,EverBuy,1013.12,858.71,S0442
P006841,Develop Furniture,Home,Furniture,GlobalMart,33.98,21.29,S0025
P006842,Foreign Shoes,Clothing,Shoes,GlobalMart,390.73,265.18,S0472
P006843,Up Cricket,Sports,Cricket,Apex,859.31,694.39,S0318
P006844,Enter Kitchen,Home,Kitchen,EverBuy,1107.57,657.55,S0458
P006845,Leg Jackets,Clothing,Jackets,NextGen,254.28,159.86,S0356
P006846,System Headphones,Electronics,Headphones,UrbanEdge,1439.65,912.68,S0347
P006847,Smile Outdoor,Sports,Outdoor,EverBuy,1059.19,797.39,S0036
P006848,Care Headphones,Electronics,Headphones,NextGen,216.68,127.56,S0327
P006849,Wide Smartphone,Electronics,Smartphone,EverBuy,748.14,436.7,S0097
P006850,On Kitchen,Home,Kitchen,GlobalMart,1101.63,909.94,S0339
P006851,Onto Furniture,Home,Furniture,UrbanEdge,404.13,259.25,S0433
P006852,Ground Fiction,Books,Fiction,EverBuy,834.86,638.34,S0457
P006853,Detail Laptop,Electronics,Laptop,EverBuy,680.03,550.72,S0061
P006854,Recent Fiction,Books,Fiction,NovaTech,889.95,646.31,S0210
P006855,Study Lighting,Home,Lighting,Apex,173.45,119.72,S0227
P006856,Art Education,Books,Education,PrimeGoods,542.96,325.39,S0388
P006857,Magazine Technology,Books,Technology,NextGen,723.03,423.6,S0396
P006858,Throw Lighting,Home,Lighting,PrimeGoods,1510.02,870.83,S0292
P006859,A Appliances,Home,Appliances,PrimeGoods,946.63,729.33,S0413
P006860,Its Education,Books,Education,NextGen,615.87,414.35,S0233
P006861,Color Business,Books,Business,UrbanEdge,46.72,30.46,S0254
P006862,Like Cricket,Sports,Cricket,Vertex,1378.16,896.08,S0190
P006863,Degree Kitchen,Home,Kitchen,NextGen,742.53,628.0,S0011
P006864,Bar Technology,Books,Technology,NovaTech,957.54,732.96,S0434
P006865,Win Comics,Books,Comics,Vertex,355.86,265.37,S0438
P006866,In Shirts,Clothing,Shirts,PrimeGoods,980.59,597.58,S0342
P006867,Environment Outdoor,Sports,Outdoor,NovaTech,594.01,380.09,S0447
P006868,Two Smartphone,Electronics,Smartphone,UrbanEdge,405.11,284.65,S0417
P006869,Figure Shirts,Clothing,Shirts,NextGen,25.04,15.49,S0143
P006870,Trouble Fiction,Books,Fiction,UrbanEdge,833.07,575.55,S0187
P006871,Do Kitchen,Home,Kitchen,Vertex,249.52,214.97,S0447
P006872,Glass Comics,Books,Comics,Vertex,172.07,132.25,S0200
P006873,Fire Tablet,Electronics,Tablet,NextGen,1429.45,946.49,S0071
P006874,Movie Decor,Home,Decor,NextGen,711.07,500.12,S0140
P006875,Mission Trousers,Clothing,Trousers,UrbanEdge,508.17,334.38,S0477
P006876,Personal Lighting,Home,Lighting,Apex,947.46,641.18,S0299
P006877,Left Comics,Books,Comics,GlobalMart,585.94,463.59,S0402
P006878,Appear Lighting,Home,Lighting,Vertex,916.74,585.81,S0005
P006879,Blood Appliances,Home,Appliances,NextGen,869.74,519.48,S0069
P006880,Threat Shirts,Clothing,Shirts,GlobalMart,1075.35,758.08,S0219
P006881,Require Business,Books,Business,Vertex,335.51,262.12,S0274
P006882,Institution Jackets,Clothing,Jackets,UrbanEdge,966.7,800.69,S0188
P006883,Professor Cricket,Sports,Cricket,PrimeGoods,799.99,447.94,S0286
P006884,Able Kitchen,Home,Kitchen,Vertex,1573.6,877.73,S0258
P006885,Important Decor,Home,Decor,NovaTech,353.13,212.33,S0405
P006886,Car Shirts,Clothing,Shirts,Vertex,193.79,164.82,S0038
P006887,Space Tablet,Electronics,Tablet,NovaTech,1753.98,994.09,S0379
P006888,Strong Outdoor,Sports,Outdoor,NextGen,1074.9,791.41,S0176
P006889,During Football,Sports,Football,Vertex,874.53,702.5,S0191
P006890,Himself Lighting,Home,Lighting,GlobalMart,71.08,49.25,S0323
P006891,Change Shirts,Clothing,Shirts,NextGen,719.89,588.98,S0350
P006892,Exist Comics,Books,Comics,NovaTech,187.46,104.49,S0431
P006893,Way Comics,Books,Comics,Apex,18.92,11.2,S0186
P006894,Assume Smartphone,Electronics,Smartphone,Vertex,922.65,641.37,S0416
P006895,Control Education,Books,Education,NovaTech,175.68,109.84,S0406
P006896,Fight Appliances,Home,Appliances,Apex,244.27,156.1,S0118
P006897,Peace Kitchen,Home,Kitchen,PrimeGoods,790.72,523.72,S0050
P006898,Why Headphones,Electronics,Headphones,EverBuy,1250.58,817.98,S0204
P006899,Lawyer Trousers,Clothing,Trousers,Apex,405.41,229.87,S0143
P006900,Discover Headphones,Electronics,Headphones,Vertex,1214.36,829.46,S0155
P006901,Total Running,Sports,Running,UrbanEdge,1460.73,887.03,S0142
P006902,Threat Smartphone,Electronics,Smartphone,Vertex,826.3,666.31,S0145
P006903,Build Technology,Books,Technology,NovaTech,924.06,635.09,S0436
P006904,Put Kitchen,Home,Kitchen,UrbanEdge,392.64,229.46,S0435
P006905,Put Fitness,Sports,Fitness,GlobalMart,574.66,481.18,S0146
P006906,Write Accessories,Clothing,Accessories,Vertex,1357.92,772.34,S0443
P006907,Avoid Football,Sports,Football,Vertex,58.25,46.32,S0161
P006908,Money Fitness,Sports,Fitness,GlobalMart,954.98,684.49,S0192
P006909,View Tablet,Electronics,Tablet,GlobalMart,322.91,195.36,S0031
P006910,Shake Monitor,Electronics,Monitor,PrimeGoods,653.0,403.87,S0167
P006911,Career Headphones,Electronics,Headphones,EverBuy,725.88,422.64,S0196
P006912,Be Shoes,Clothing,Shoes,NextGen,16.9,14.12,S0183
P006913,Share Headphones,Electronics,Headphones,PrimeGoods,865.01,495.11,S0229
P006914,Trade Shoes,Clothing,Shoes,NovaTech,952.28,817.54,S0285
P006915,Beyond Jackets,Clothing,Jackets,Apex,936.66,578.57,S0291
P006916,Business Fitness,Sports,Fitness,EverBuy,837.92,505.67,S0451
P006917,Four Trousers,Clothing,Trousers,PrimeGoods,197.26,124.9,S0455
P006918,Study Football,Sports,Football,NextGen,513.61,402.76,S0291
P006919,Thank Comics,Books,Comics,Apex,86.06,52.98,S0498
P006920,Break Cricket,Sports,Cricket,UrbanEdge,441.3,295.57,S0257
P006921,Camera Cricket,Sports,Cricket,NovaTech,557.61,438.83,S0354
P006922,Out Accessories,Clothing,Accessories,GlobalMart,1413.42,884.48,S0308
P006923,Public Shoes,Clothing,Shoes,PrimeGoods,235.49,168.16,S0423
P006924,Tough Headphones,Electronics,Headphones,EverBuy,696.14,578.87,S0292
P006925,Teach Cricket,Sports,Cricket,Vertex,1332.02,780.42,S0158
P006926,Nor Headphones,Electronics,Headphones,GlobalMart,516.2,436.24,S0171
P006927,Trial Football,Sports,Football,PrimeGoods,1209.5,897.71,S0262
P006928,Picture Furniture,Home,Furniture,PrimeGoods,123.32,95.01,S0178
P006929,White Cricket,Sports,Cricket,NextGen,1612.62,920.73,S0258
P006930,And Outdoor,Sports,Outdoor,UrbanEdge,1481.8,837.13,S0241
P006931,Suddenly Technology,Books,Technology,EverBuy,404.0,321.09,S0301
P006932,Board Fitness,Sports,Fitness,GlobalMart,1190.56,992.96,S0238
P006933,Marriage Kitchen,Home,Kitchen,NovaTech,107.49,62.07,S0264
P006934,Push Tablet,Electronics,Tablet,Apex,1212.59,902.0,S0393
P006935,Nice Kitchen,Home,Kitchen,GlobalMart,628.79,383.53,S0267
P006936,Off Smartphone,Electronics,Smartphone,Vertex,512.72,318.87,S0037
P006937,Itself Comics,Books,Comics,GlobalMart,996.31,587.58,S0176
P006938,Agency Appliances,Home,Appliances,NovaTech,743.74,453.57,S0168
P006939,Fund Running,Sports,Running,Vertex,656.4,504.32,S0142
P006940,Subject Tablet,Electronics,Tablet,PrimeGoods,41.72,32.68,S0358
P006941,Citizen Smartphone,Electronics,Smartphone,EverBuy,792.13,536.01,S0409
P006942,Suggest Decor,Home,Decor,Apex,1004.48,869.16,S0427
P006943,Mother Running,Sports,Running,Vertex,560.15,393.0,S0149
P006944,Company Shoes,Clothing,Shoes,EverBuy,579.15,401.5,S0034
P006945,Positive Monitor,Electronics,Monitor,NextGen,1050.11,638.79,S0354
P006946,Simple Decor,Home,Decor,Vertex,418.14,274.68,S0294
P006947,Seven Cricket,Sports,Cricket,EverBuy,590.49,366.52,S0107
P006948,Prepare Smartphone,Electronics,Smartphone,Vertex,190.4,107.08,S0477
P006949,Me Appliances,Home,Appliances,NovaTech,745.28,473.36,S0367
P006950,Economy Headphones,Electronics,Headphones,PrimeGoods,268.7,159.12,S0322
P006951,Body Lighting,Home,Lighting,GlobalMart,58.16,39.22,S0496
P006952,Cell Running,Sports,Running,EverBuy,824.72,497.07,S0068
P006953,Stay Outdoor,Sports,Outdoor,NovaTech,958.82,626.1,S0487
P006954,Water Fitness,Sports,Fitness,NextGen,170.61,108.35,S0436
P006955,Medical Fiction,Books,Fiction,Vertex,205.87,127.52,S0405
P006956,Career Laptop,Electronics,Laptop,Apex,112.64,71.59,S0048
P006957,One Headphones,Electronics,Headphones,UrbanEdge,429.69,369.6,S0184
P006958,Sing Fiction,Books,Fiction,NextGen,995.74,700.57,S0443
P006959,Happy Fiction,Books,Fiction,Vertex,1222.72,900.35,S0125
P006960,Far Outdoor,Sports,Outdoor,PrimeGoods,905.34,573.46,S0100
P006961,Sort Comics,Books,Comics,GlobalMart,792.39,679.66,S0413
P006962,About Cricket,Sports,Cricket,GlobalMart,1112.53,897.31,S0391
P006963,If Cricket,Sports,Cricket,NovaTech,1155.16,978.41,S0050
P006964,Decide Outdoor,Sports,Outdoor,NovaTech,567.43,354.14,S0092
P006965,Local Trousers,Clothing,Trousers,GlobalMart,600.11,410.61,S0078
P006966,Theory Football,Sports,Football,UrbanEdge,340.23,274.44,S0277
P006967,Often Decor,Home,Decor,EverBuy,523.04,350.21,S0306
P006968,Way Fiction,Books,Fiction,NextGen,1220.81,811.19,S0169
P006969,Free Shirts,Clothing,Shirts,UrbanEdge,588.52,372.26,S0468
P006970,Population Accessories,Clothing,Accessories,GlobalMart,710.2,441.42,S0051
P006971,Budget Outdoor,Sports,Outdoor,PrimeGoods,508.75,346.97,S0285
P006972,As Smartphone,Electronics,Smartphone,EverBuy,168.08,144.26,S0410
P006973,Serious Jackets,Clothing,Jackets,Apex,788.03,520.98,S0424
P006974,Poor Smartphone,Electronics,Smartphone,Vertex,782.92,546.18,S0451
P006975,Produce Outdoor,Sports,Outdoor,EverBuy,724.23,414.23,S0158
P006976,Design Headphones,Electronics,Headphones,NextGen,733.33,509.33,S0086
P006977,Data Technology,Books,Technology,PrimeGoods,572.17,377.48,S0023
P006978,Tonight Fiction,Books,Fiction,UrbanEdge,197.31,131.0,S0285
P006979,Training Monitor,Electronics,Monitor,NextGen,1140.11,740.64,S0025
P006980,Card Education,Books,Education,UrbanEdge,167.51,108.65,S0129
P006981,Wish Business,Books,Business,PrimeGoods,582.71,406.38,S0183
P006982,Shake Shoes,Clothing,Shoes,NextGen,764.56,429.47,S0454
P006983,Air Jackets,Clothing,Jackets,NextGen,115.72,70.87,S0271
P006984,Activity Football,Sports,Football,NovaTech,337.0,276.69,S0487
P006985,Paper Furniture,Home,Furniture,NextGen,1009.68,838.28,S0012
P006986,Brother Shoes,Clothing,Shoes,GlobalMart,266.76,172.67,S0312
P006987,Body Fitness,Sports,Fitness,Vertex,1066.98,637.74,S0309
P006988,Yourself Jackets,Clothing,Jackets,UrbanEdge,874.71,653.58,S0238
P006989,Child Headphones,Electronics,Headphones,NextGen,365.8,218.77,S0178
P006990,Pressure Accessories,Clothing,Accessories,NextGen,1348.23,784.62,S0458
P006991,Understand Fiction,Books,Fiction,PrimeGoods,42.07,33.23,S0096
P006992,Pressure Business,Books,Business,GlobalMart,1308.23,796.4,S0490
P006993,Get Accessories,Clothing,Accessories,NextGen,575.51,369.09,S0236
P006994,Fish Education,Books,Education,UrbanEdge,1058.16,628.82,S0375
P006995,Plan Kitchen,Home,Kitchen,EverBuy,97.63,61.4,S0108
P006996,End Laptop,Electronics,Laptop,EverBuy,810.29,550.41,S0129
P006997,Sort Comics,Books,Comics,PrimeGoods,409.66,271.29,S0362
P006998,Opportunity Cricket,Sports,Cricket,Vertex,15.53,11.97,S0235
P006999,Whom Business,Books,Business,EverBuy,902.08,571.72,S0404
P007000,Big Decor,Home,Decor,GlobalMart,857.33,738.06,S0342
P007001,Guess Education,Books,Education,GlobalMart,824.47,686.21,S0250
P007002,Thing Fitness,Sports,Fitness,GlobalMart,333.99,226.9,S0217
P007003,Other Jackets,Clothing,Jackets,NovaTech,906.84,717.49,S0380
P007004,Real Jackets,Clothing,Jackets,PrimeGoods,680.94,567.02,S0473
P007005,Citizen Smartphone,Electronics,Smartphone,NovaTech,502.95,429.76,S0017
P007006,Always Lighting,Home,Lighting,PrimeGoods,12.49,10.1,S0264
P007007,Environment Tablet,Electronics,Tablet,UrbanEdge,1308.58,743.69,S0086
P007008,Partner Fiction,Books,Fiction,Apex,378.21,312.66,S0453
P007009,Everybody Lighting,Home,Lighting,Apex,1018.06,829.82,S0042
P007010,Effort Technology,Books,Technology,GlobalMart,519.77,365.05,S0324
P007011,Him Comics,Books,Comics,NextGen,554.39,322.37,S0117
P007012,Of Accessories,Clothing,Accessories,PrimeGoods,1132.06,939.89,S0293
P007013,Sell Shoes,Clothing,Shoes,PrimeGoods,378.49,214.92,S0125
P007014,Woman Trousers,Clothing,Trousers,NovaTech,613.48,483.36,S0210
P007015,Upon Lighting,Home,Lighting,PrimeGoods,213.64,157.28,S0200
P007016,Upon Shirts,Clothing,Shirts,NovaTech,1357.41,779.18,S0006
P007017,She Football,Sports,Football,Apex,252.01,146.72,S0423
P007018,Factor Accessories,Clothing,Accessories,Vertex,291.06,252.69,S0076
P007019,Conference Business,Books,Business,UrbanEdge,115.54,67.14,S0188
P007020,Sign Monitor,Electronics,Monitor,UrbanEdge,1187.98,693.63,S0282
P007021,Case Accessories,Clothing,Accessories,Apex,1222.51,775.11,S0434
P007022,Sport Business,Books,Business,GlobalMart,815.01,646.38,S0323
P007023,Class Comics,Books,Comics,Apex,28.85,19.68,S0146
P007024,Girl Football,Sports,Football,PrimeGoods,473.85,336.72,S0182
P007025,Lot Lighting,Home,Lighting,GlobalMart,1256.64,753.21,S0184
P007026,Nearly Kitchen,Home,Kitchen,NextGen,88.94,54.58,S0442
P007027,Trial Running,Sports,Running,UrbanEdge,1375.76,765.89,S0335
P007028,Nice Shoes,Clothing,Shoes,NovaTech,112.65,92.47,S0460
P007029,International Technology,Books,Technology,GlobalMart,960.09,628.94,S0329
P007030,Treatment Accessories,Clothing,Accessories,NovaTech,171.73,122.07,S0388
P007031,Lawyer Furniture,Home,Furniture,UrbanEdge,37.02,32.18,S0447
P007032,Mission Laptop,Electronics,Laptop,EverBuy,509.83,435.22,S0202
P007033,Control Education,Books,Education,EverBuy,85.11,48.5,S0371
P007034,Fund Appliances,Home,Appliances,PrimeGoods,315.74,222.57,S0150
P007035,Good Headphones,Electronics,Headphones,UrbanEdge,944.67,739.82,S0186
P007036,How Tablet,Electronics,Tablet,NovaTech,1133.74,690.81,S0244
P007037,Agreement Comics,Books,Comics,NovaTech,1483.46,827.87,S0276
P007038,Themselves Trousers,Clothing,Trousers,Vertex,183.48,153.48,S0114
P007039,Key Tablet,Electronics,Tablet,Apex,367.45,209.68,S0138
P007040,Soldier Comics,Books,Comics,NextGen,101.53,75.52,S0414
P007041,Learn Outdoor,Sports,Outdoor,NextGen,1078.53,783.74,S0108
P007042,Watch Fiction,Books,Fiction,NextGen,1163.72,906.25,S0223
P007043,Less Accessories,Clothing,Accessories,Apex,120.36,86.13,S0349
P007044,Relationship Trousers,Clothing,Trousers,EverBuy,933.43,792.84,S0458
P007045,Heart Shirts,Clothing,Shirts,Vertex,859.11,562.06,S0436
P007046,Human Shoes,Clothing,Shoes,PrimeGoods,1137.1,943.9,S0226
P007047,Enough Decor,Home,Decor,Vertex,530.61,327.91,S0224
P007048,Behavior Lighting,Home,Lighting,GlobalMart,921.32,792.65,S0232
P007049,Police Furniture,Home,Furniture,Vertex,282.09,168.36,S0072
P007050,Have Trousers,Clothing,Trousers,EverBuy,527.82,407.43,S0117
P007051,Ten Fitness,Sports,Fitness,GlobalMart,1098.78,802.73,S0231
P007052,Very Furniture,Home,Furniture,EverBuy,702.37,438.61,S0288
P007053,Free Accessories,Clothing,Accessories,NovaTech,167.53,102.28,S0283
P007054,Performance Smartphone,Electronics,Smartphone,NextGen,850.61,477.69,S0446
P007055,Answer Trousers,Clothing,Trousers,Vertex,283.01,166.15,S0246
P007056,Enter Cricket,Sports,Cricket,PrimeGoods,953.75,741.9,S0462
P007057,Probably Headphones,Electronics,Headphones,NextGen,878.03,629.42,S0251
P007058,Could Decor,Home,Decor,Apex,892.68,519.24,S0287
P007059,Politics Comics,Books,Comics,PrimeGoods,947.59,724.96,S0023
P007060,Maybe Fiction,Books,Fiction,PrimeGoods,213.85,124.28,S0274
P007061,Somebody Education,Books,Education,PrimeGoods,1012.31,770.55,S0066
P007062,Speak Appliances,Home,Appliances,UrbanEdge,229.24,174.76,S0233
P007063,Little Jackets,Clothing,Jackets,Apex,1240.81,986.65,S0183
P007064,Institution Smartphone,Electronics,Smartphone,EverBuy,541.34,398.35,S0106
P007065,Firm Furniture,Home,Furniture,Apex,96.75,54.61,S0288
P007066,A Tablet,Electronics,Tablet,EverBuy,349.69,289.64,S0187
P007067,Know Running,Sports,Running,UrbanEdge,297.93,238.89,S0407
P007068,Window Furniture,Home,Furniture,EverBuy,987.92,551.24,S0073
P007069,Speech Business,Books,Business,PrimeGoods,220.63,126.54,S0026
P007070,Night Shirts,Clothing,Shirts,GlobalMart,1149.12,964.89,S0421
P007071,Song Lighting,Home,Lighting,NovaTech,918.28,593.59,S0346
P007072,Dinner Tablet,Electronics,Tablet,EverBuy,803.89,586.84,S0347
P007073,When Tablet,Electronics,Tablet,GlobalMart,1493.9,932.43,S0351
P007074,Consumer Education,Books,Education,UrbanEdge,848.93,542.53,S0071
P007075,Computer Shoes,Clothing,Shoes,NovaTech,1046.71,591.09,S0491
P007076,Interest Cricket,Sports,Cricket,EverBuy,997.65,593.0,S0402
P007077,Ask Shirts,Clothing,Shirts,EverBuy,861.26,563.42,S0013
P007078,Character Lighting,Home,Lighting,PrimeGoods,131.24,102.26,S0166
P007079,Task Accessories,Clothing,Accessories,NovaTech,521.35,351.53,S0331
P007080,Member Trousers,Clothing,Trousers,GlobalMart,626.4,399.8,S0012
P007081,Old Smartphone,Electronics,Smartphone,NextGen,516.13,300.9,S0380
P007082,Already Tablet,Electronics,Tablet,NextGen,224.25,129.84,S0414
P007083,Reality Running,Sports,Running,NextGen,696.86,591.67,S0204
P007084,Resource Smartphone,Electronics,Smartphone,Apex,614.17,399.2,S0087
P007085,Different Shirts,Clothing,Shirts,UrbanEdge,630.25,521.42,S0168
P007086,Nice Football,Sports,Football,GlobalMart,519.52,392.56,S0114
P007087,Campaign Fiction,Books,Fiction,NextGen,205.32,150.24,S0101
P007088,Goal Headphones,Electronics,Headphones,NextGen,1095.3,814.46,S0164
P007089,Scientist Business,Books,Business,UrbanEdge,166.04,113.15,S0231
P007090,Why Technology,Books,Technology,Apex,372.31,209.58,S0327
P007091,Purpose Running,Sports,Running,PrimeGoods,1051.4,835.28,S0214
P007092,Measure Outdoor,Sports,Outdoor,Vertex,841.94,698.41,S0308
P007093,Stuff Appliances,Home,Appliances,NovaTech,1195.03,795.15,S0218
P007094,Time Tablet,Electronics,Tablet,NovaTech,347.69,276.28,S0352
P007095,Small Cricket,Sports,Cricket,UrbanEdge,1108.51,844.21,S0246
P007096,Free Shirts,Clothing,Shirts,NextGen,1336.21,825.55,S0488
P007097,Professor Headphones,Electronics,Headphones,UrbanEdge,1746.57,971.35,S0457
P007098,Owner Smartphone,Electronics,Smartphone,GlobalMart,753.14,607.69,S0458
P007099,Operation Lighting,Home,Lighting,EverBuy,888.37,530.4,S0199
P007100,Across Trousers,Clothing,Trousers,NextGen,904.0,619.2,S0153
P007101,Race Fitness,Sports,Fitness,Vertex,651.18,363.46,S0367
P007102,Example Jackets,Clothing,Jackets,Vertex,1143.01,843.25,S0137
P007103,Drive Education,Books,Education,Apex,434.33,336.9,S0098
P007104,Suggest Shoes,Clothing,Shoes,NextGen,1230.83,734.25,S0306
P007105,Guy Headphones,Electronics,Headphones,EverBuy,1068.16,817.28,S0483
P007106,Local Shirts,Clothing,Shirts,Apex,1073.57,863.48,S0377
P007107,To Fitness,Sports,Fitness,Vertex,574.94,428.16,S0279
P007108,Itself Running,Sports,Running,Vertex,887.03,638.87,S0191
P007109,Include Kitchen,Home,Kitchen,NovaTech,1073.56,658.61,S0168
P007110,Position Laptop,Electronics,Laptop,PrimeGoods,1090.42,786.22,S0491
P007111,Section Fiction,Books,Fiction,EverBuy,472.65,330.23,S0358
P007112,Plant Cricket,Sports,Cricket,Apex,982.61,765.87,S0323
P007113,Few Shoes,Clothing,Shoes,NovaTech,704.97,517.68,S0088
P007114,Whose Football,Sports,Football,Apex,841.87,664.33,S0459
P007115,Set Laptop,Electronics,Laptop,UrbanEdge,607.04,476.32,S0258
P007116,Sport Tablet,Electronics,Tablet,NovaTech,1362.81,808.02,S0373
P007117,Area Education,Books,Education,NovaTech,243.23,185.12,S0171
P007118,Action Tablet,Electronics,Tablet,NovaTech,1453.84,888.49,S0334
P007119,Doctor Furniture,Home,Furniture,GlobalMart,1309.54,775.86,S0272
P007120,Through Monitor,Electronics,Monitor,UrbanEdge,708.13,456.47,S0251
P007121,Side Education,Books,Education,Vertex,1058.08,648.72,S0423
P007122,Standard Football,Sports,Football,UrbanEdge,990.31,795.4,S0204
P007123,Nation Furniture,Home,Furniture,NextGen,1057.01,592.91,S0099
P007124,Statement Accessories,Clothing,Accessories,Apex,231.82,160.47,S0348
P007125,Country Furniture,Home,Furniture,PrimeGoods,509.34,370.81,S0378
P007126,Least Football,Sports,Football,NovaTech,1355.79,839.05,S0095
P007127,Light Cricket,Sports,Cricket,EverBuy,82.68,52.27,S0381
P007128,Give Cricket,Sports,Cricket,EverBuy,479.69,397.85,S0478
P007129,Radio Monitor,Electronics,Monitor,PrimeGoods,1134.23,762.57,S0366
P007130,True Accessories,Clothing,Accessories,GlobalMart,140.69,98.66,S0281
P007131,That Headphones,Electronics,Headphones,Apex,839.65,525.56,S0127
P007132,Republican Comics,Books,Comics,Apex,48.99,27.34,S0070
P007133,Around Tablet,Electronics,Tablet,Vertex,1428.63,823.51,S0008
P007134,Young Shoes,Clothing,Shoes,EverBuy,441.28,316.63,S0292
P007135,With Shoes,Clothing,Shoes,NextGen,887.91,612.17,S0238
P007136,Hard Outdoor,Sports,Outdoor,EverBuy,492.25,358.32,S0274
P007137,Billion Comics,Books,Comics,PrimeGoods,1695.69,942.79,S0046
P007138,Own Smartphone,Electronics,Smartphone,Apex,335.5,272.11,S0228
P007139,By Furniture,Home,Furniture,UrbanEdge,1106.76,668.57,S0496
P007140,Expect Comics,Books,Comics,UrbanEdge,462.07,291.35,S0280
P007141,Dark Kitchen,Home,Kitchen,GlobalMart,371.5,285.34,S0102
P007142,His Smartphone,Electronics,Smartphone,NovaTech,451.61,308.8,S0028
P007143,Stage Tablet,Electronics,Tablet,UrbanEdge,1750.53,997.84,S0244
P007144,Energy Cricket,Sports,Cricket,NextGen,42.43,35.97,S0406
P007145,Language Smartphone,Electronics,Smartphone,Apex,551.53,417.14,S0425
P007146,Maintain Business,Books,Business,GlobalMart,58.69,43.77,S0490
P007147,Term Headphones,Electronics,Headphones,Apex,505.32,343.32,S0131
P007148,Finally Shoes,Clothing,Shoes,EverBuy,997.62,655.5,S0279
P007149,Point Cricket,Sports,Cricket,Vertex,1190.66,805.8,S0165
P007150,True Business,Books,Business,Apex,1207.27,899.4,S0102
P007151,Explain Tablet,Electronics,Tablet,Vertex,1103.89,956.22,S0255
P007152,Debate Tablet,Electronics,Tablet,PrimeGoods,805.39,456.08,S0265
P007153,Apply Tablet,Electronics,Tablet,GlobalMart,1079.17,897.73,S0076
P007154,Probably Lighting,Home,Lighting,NextGen,635.21,513.99,S0043
P007155,Receive Jackets,Clothing,Jackets,GlobalMart,81.07,59.42,S0311
P007156,Sound Education,Books,Education,Apex,1078.23,623.94,S0073
P007157,About Cricket,Sports,Cricket,Vertex,1361.58,796.5,S0021
P007158,North Fiction,Books,Fiction,EverBuy,1389.93,784.37,S0222
P007159,American Smartphone,Electronics,Smartphone,NextGen,1769.24,985.4,S0300
P007160,Various Outdoor,Sports,Outdoor,Vertex,1021.96,796.41,S0252
P007161,Particularly Headphones,Electronics,Headphones,UrbanEdge,83.78,58.25,S0067
P007162,Red Appliances,Home,Appliances,GlobalMart,767.46,665.34,S0070
P007163,Evidence Fitness,Sports,Fitness,NovaTech,885.71,748.36,S0478
P007164,Impact Accessories,Clothing,Accessories,EverBuy,153.04,93.55,S0444
P007165,A Appliances,Home,Appliances,EverBuy,384.55,239.12,S0107
P007166,Information Shirts,Clothing,Shirts,PrimeGoods,248.43,145.44,S0425
P007167,Great Outdoor,Sports,Outdoor,UrbanEdge,1383.16,971.73,S0189
P007168,Now Kitchen,Home,Kitchen,Apex,427.34,279.99,S0343
P007169,Main Monitor,Electronics,Monitor,NextGen,946.43,654.71,S0309
P007170,Technology Running,Sports,Running,NovaTech,353.58,241.32,S0413
P007171,Country Kitchen,Home,Kitchen,Vertex,872.01,754.4,S0071
P007172,Leg Fiction,Books,Fiction,EverBuy,343.14,293.89,S0453
P007173,Government Tablet,Electronics,Tablet,Apex,884.08,574.05,S0261
P007174,Clearly Shirts,Clothing,Shirts,UrbanEdge,428.85,318.98,S0318
P007175,Picture Shirts,Clothing,Shirts,Vertex,723.52,577.42,S0185
P007176,Child Furniture,Home,Furniture,Apex,372.08,264.88,S0197
P007177,Book Technology,Books,Technology,Apex,798.32,653.93,S0278
P007178,Their Decor,Home,Decor,Apex,416.76,352.11,S0387
P007179,Even Monitor,Electronics,Monitor,Apex,733.28,609.14,S0399
P007180,Few Trousers,Clothing,Trousers,NovaTech,428.03,301.25,S0181
P007181,Land Laptop,Electronics,Laptop,Vertex,1434.68,962.93,S0435
P007182,Easy Decor,Home,Decor,NovaTech,641.12,361.96,S0485
P007183,Interesting Trousers,Clothing,Trousers,PrimeGoods,1324.54,884.77,S0146
P007184,Paper Tablet,Electronics,Tablet,PrimeGoods,348.9,292.58,S0200
P007185,Single Headphones,Electronics,Headphones,NextGen,610.24,420.17,S0163
P007186,Line Kitchen,Home,Kitchen,Apex,280.93,211.1,S0469
P007187,Standard Comics,Books,Comics,PrimeGoods,1563.37,982.78,S0310
P007188,Old Running,Sports,Running,Vertex,208.12,134.08,S0035
P007189,One Shoes,Clothing,Shoes,GlobalMart,1120.89,886.49,S0206
P007190,Far Education,Books,Education,NovaTech,1405.22,950.29,S0395
P007191,Rise Laptop,Electronics,Laptop,NovaTech,1137.42,632.88,S0215
P007192,Act Technology,Books,Technology,PrimeGoods,769.42,537.34,S0146
P007193,Often Jackets,Clothing,Jackets,PrimeGoods,1171.22,915.26,S0455
P007194,Tell Trousers,Clothing,Trousers,GlobalMart,990.67,776.2,S0167
P007195,Appear Decor,Home,Decor,PrimeGoods,429.8,293.85,S0095
P007196,Total Shirts,Clothing,Shirts,Apex,168.55,123.17,S0020
P007197,Maybe Monitor,Electronics,Monitor,NextGen,492.76,397.44,S0175
P007198,Win Comics,Books,Comics,UrbanEdge,673.49,501.4,S0461
P007199,Day Trousers,Clothing,Trousers,Vertex,122.23,102.71,S0262
P007200,Situation Monitor,Electronics,Monitor,NextGen,982.16,555.97,S0462
P007201,Participant Smartphone,Electronics,Smartphone,GlobalMart,269.64,217.36,S0039
P007202,Energy Lighting,Home,Lighting,NovaTech,1277.23,856.91,S0027
P007203,Onto Comics,Books,Comics,GlobalMart,733.52,427.52,S0001
P007204,Affect Fitness,Sports,Fitness,UrbanEdge,1254.72,829.12,S0270
P007205,Force Fitness,Sports,Fitness,GlobalMart,1371.73,776.18,S0384
P007206,Protect Furniture,Home,Furniture,NextGen,928.7,681.36,S0431
P007207,Real Outdoor,Sports,Outdoor,Apex,477.02,395.38,S0471
P007208,Particularly Accessories,Clothing,Accessories,Apex,742.85,630.52,S0057
P007209,Leave Headphones,Electronics,Headphones,EverBuy,121.2,100.65,S0427
P007210,While Outdoor,Sports,Outdoor,Apex,271.76,187.57,S0398
P007211,Ten Cricket,Sports,Cricket,EverBuy,308.63,258.66,S0203
P007212,Hot Furniture,Home,Furniture,GlobalMart,621.05,489.54,S0490
P007213,Protect Furniture,Home,Furniture,NovaTech,1268.01,725.29,S0483
P007214,Possible Accessories,Clothing,Accessories,EverBuy,132.89,78.31,S0198
P007215,Reflect Appliances,Home,Appliances,Vertex,814.52,618.0,S0263
P007216,Natural Decor,Home,Decor,Vertex,93.89,52.72,S0484
P007217,Laugh Smartphone,Electronics,Smartphone,NextGen,684.22,541.32,S0341
P007218,Somebody Appliances,Home,Appliances,PrimeGoods,437.88,329.45,S0274
P007219,Join Fiction,Books,Fiction,PrimeGoods,978.76,595.01,S0307
P007220,Young Fiction,Books,Fiction,NovaTech,1545.64,986.41,S0438
P007221,Behind Shoes,Clothing,Shoes,NextGen,1068.58,693.62,S0011
P007222,Put Jackets,Clothing,Jackets,Vertex,1686.57,972.7,S0320
P007223,Kind Decor,Home,Decor,UrbanEdge,1110.09,687.02,S0126
P007224,Forward Kitchen,Home,Kitchen,Apex,1204.01,762.64,S0243
P007225,Product Running,Sports,Running,GlobalMart,697.65,418.3,S0055
P007226,Right Fiction,Books,Fiction,Apex,27.14,22.28,S0038
P007227,Different Fiction,Books,Fiction,NovaTech,822.79,674.3,S0104
P007228,In Decor,Home,Decor,UrbanEdge,401.32,275.86,S0281
P007229,Store Lighting,Home,Lighting,Apex,1744.98,991.8,S0457
P007230,Place Jackets,Clothing,Jackets,Apex,408.95,325.25,S0218
P007231,Language Running,Sports,Running,NovaTech,1121.44,720.73,S0190
P007232,Himself Cricket,Sports,Cricket,NextGen,953.33,713.64,S0478
P007233,Rather Running,Sports,Running,PrimeGoods,827.96,489.06,S0397
P007234,And Outdoor,Sports,Outdoor,GlobalMart,636.68,550.33,S0169
P007235,Challenge Fiction,Books,Fiction,NextGen,1258.49,882.03,S0301
P007236,Politics Trousers,Clothing,Trousers,PrimeGoods,787.13,537.76,S0356
P007237,On Comics,Books,Comics,PrimeGoods,1336.63,764.22,S0126
P007238,Both Lighting,Home,Lighting,Apex,1009.54,645.22,S0435
P007239,Strong Shoes,Clothing,Shoes,Vertex,1219.11,870.69,S0384
P007240,Century Running,Sports,Running,Apex,208.13,134.36,S0276
P007241,Arrive Smartphone,Electronics,Smartphone,UrbanEdge,1102.43,888.96,S0107
P007242,Standard Tablet,Electronics,Tablet,GlobalMart,497.33,340.15,S0244
P007243,Necessary Decor,Home,Decor,GlobalMart,735.46,563.57,S0453
P007244,Add Tablet,Electronics,Tablet,PrimeGoods,742.42,441.49,S0347
P007245,Term Headphones,Electronics,Headphones,Vertex,76.02,63.92,S0337
P007246,Always Business,Books,Business,NextGen,148.0,91.84,S0486
P007247,Either Shirts,Clothing,Shirts,GlobalMart,727.97,427.25,S0177
P007248,Check Fitness,Sports,Fitness,GlobalMart,827.73,660.1,S0398
P007249,Continue Lighting,Home,Lighting,PrimeGoods,1204.88,808.27,S0301
P007250,Perform Comics,Books,Comics,NextGen,1131.61,721.81,S0055
P007251,Since Accessories,Clothing,Accessories,Apex,1154.34,793.23,S0466
P007252,Series Kitchen,Home,Kitchen,UrbanEdge,857.95,574.68,S0353
P007253,Black Headphones,Electronics,Headphones,NovaTech,930.44,595.34,S0230
P007254,Allow Business,Books,Business,Apex,423.55,352.88,S0090
P007255,Maybe Comics,Books,Comics,NovaTech,657.21,493.51,S0034
P007256,Population Football,Sports,Football,NextGen,748.83,636.22,S0250
P007257,Meeting Shirts,Clothing,Shirts,GlobalMart,287.78,245.7,S0106
P007258,Each Smartphone,Electronics,Smartphone,GlobalMart,977.3,559.7,S0348
P007259,Medical Shirts,Clothing,Shirts,EverBuy,603.43,374.96,S0257
P007260,Discuss Furniture,Home,Furniture,UrbanEdge,1129.32,905.06,S0117
P007261,Soon Headphones,Electronics,Headphones,PrimeGoods,1144.05,819.17,S0265
P007262,Million Trousers,Clothing,Trousers,NextGen,859.98,591.86,S0175
P007263,Put Shirts,Clothing,Shirts,Vertex,1088.12,741.53,S0256
P007264,Center Running,Sports,Running,NovaTech,536.48,324.02,S0378
P007265,Dinner Lighting,Home,Lighting,GlobalMart,948.11,530.79,S0077
P007266,Race Trousers,Clothing,Trousers,EverBuy,22.74,13.92,S0310
P007267,Central Fiction,Books,Fiction,NextGen,801.29,495.43,S0298
P007268,Challenge Business,Books,Business,Vertex,1549.34,926.85,S0149
P007269,Human Accessories,Clothing,Accessories,NovaTech,1368.36,819.03,S0191
P007270,Stage Monitor,Electronics,Monitor,GlobalMart,421.68,291.61,S0126
P007271,Reduce Trousers,Clothing,Trousers,Vertex,1052.62,791.2,S0165
P007272,Relate Technology,Books,Technology,GlobalMart,68.23,57.44,S0307
P007273,Federal Tablet,Electronics,Tablet,NextGen,598.88,351.86,S0163
P007274,Amount Decor,Home,Decor,EverBuy,172.33,135.06,S0293
P007275,Difficult Appliances,Home,Appliances,NextGen,787.31,465.1,S0194
P007276,Provide Kitchen,Home,Kitchen,UrbanEdge,242.58,192.38,S0308
P007277,His Tablet,Electronics,Tablet,EverBuy,201.35,161.16,S0392
P007278,Peace Tablet,Electronics,Tablet,NovaTech,534.45,416.45,S0410
P007279,Hair Shoes,Clothing,Shoes,PrimeGoods,731.73,468.52,S0165
P007280,Officer Running,Sports,Running,GlobalMart,1198.3,853.81,S0380
P007281,Above Shoes,Clothing,Shoes,NovaTech,1094.87,787.62,S0390
P007282,Read Business,Books,Business,PrimeGoods,1155.7,795.74,S0254
P007283,Food Furniture,Home,Furniture,PrimeGoods,1280.68,765.23,S0449
P007284,Five Smartphone,Electronics,Smartphone,NextGen,662.75,425.05,S0359
P007285,Physical Tablet,Electronics,Tablet,PrimeGoods,81.65,47.34,S0148
P007286,Discover Jackets,Clothing,Jackets,PrimeGoods,1452.65,825.7,S0055
P007287,Camera Outdoor,Sports,Outdoor,Vertex,237.69,144.54,S0079
P007288,Avoid Fiction,Books,Fiction,NovaTech,1224.76,974.15,S0371
P007289,Speech Comics,Books,Comics,NextGen,1121.25,674.59,S0057
P007290,Training Headphones,Electronics,Headphones,PrimeGoods,547.75,435.72,S0375
P007291,Early Shoes,Clothing,Shoes,NextGen,1152.19,762.83,S0119
P007292,Behavior Education,Books,Education,NextGen,1300.27,887.73,S0396
P007293,To Cricket,Sports,Cricket,UrbanEdge,515.91,398.7,S0011
P007294,Red Outdoor,Sports,Outdoor,PrimeGoods,583.34,464.29,S0192
P007295,Piece Cricket,Sports,Cricket,GlobalMart,293.41,164.04,S0282
P007296,Mention Cricket,Sports,Cricket,Vertex,548.51,395.89,S0432
P007297,Result Outdoor,Sports,Outdoor,NextGen,1104.8,749.61,S0107
P007298,Tree Shoes,Clothing,Shoes,EverBuy,644.92,415.79,S0309
P007299,Effort Jackets,Clothing,Jackets,PrimeGoods,749.9,418.3,S0252
P007300,Analysis Decor,Home,Decor,UrbanEdge,953.59,580.54,S0495
P007301,They Headphones,Electronics,Headphones,UrbanEdge,607.21,424.04,S0421
P007302,Them Shirts,Clothing,Shirts,GlobalMart,902.51,538.23,S0082
P007303,Structure Comics,Books,Comics,NextGen,1062.99,634.8,S0171
P007304,Image Furniture,Home,Furniture,NovaTech,956.51,661.64,S0268
P007305,Music Accessories,Clothing,Accessories,PrimeGoods,98.62,79.13,S0174
P007306,Through Comics,Books,Comics,PrimeGoods,1200.32,984.1,S0355
P007307,This Furniture,Home,Furniture,UrbanEdge,831.26,674.62,S0079
P007308,Night Decor,Home,Decor,EverBuy,1354.2,805.07,S0049
P007309,Treatment Headphones,Electronics,Headphones,PrimeGoods,410.78,318.14,S0119
P007310,Rich Education,Books,Education,UrbanEdge,926.75,565.88,S0127
P007311,Appear Accessories,Clothing,Accessories,PrimeGoods,668.07,404.94,S0178
P007312,Economy Shirts,Clothing,Shirts,PrimeGoods,70.65,40.6,S0442
P007313,Eat Shoes,Clothing,Shoes,EverBuy,1361.09,796.78,S0390
P007314,Traditional Kitchen,Home,Kitchen,Vertex,808.74,540.63,S0286
P007315,Dog Furniture,Home,Furniture,NextGen,807.91,499.22,S0199
P007316,Subject Lighting,Home,Lighting,NovaTech,993.35,692.68,S0147
P007317,Bill Laptop,Electronics,Laptop,NovaTech,740.66,488.85,S0096
P007318,Although Business,Books,Business,UrbanEdge,989.28,821.94,S0325
P007319,Piece Laptop,Electronics,Laptop,Apex,748.88,439.55,S0401
P007320,Value Comics,Books,Comics,GlobalMart,891.1,587.99,S0391
P007321,Serious Fitness,Sports,Fitness,Apex,736.21,531.59,S0125
P007322,Economic Technology,Books,Technology,Vertex,331.82,234.53,S0121
P007323,Get Cricket,Sports,Cricket,GlobalMart,632.65,356.59,S0359
P007324,Table Kitchen,Home,Kitchen,PrimeGoods,798.3,620.95,S0447
P007325,Through Football,Sports,Football,PrimeGoods,1138.46,776.37,S0406
P007326,These Smartphone,Electronics,Smartphone,EverBuy,338.89,225.16,S0473
P007327,Green Comics,Books,Comics,Vertex,481.87,370.68,S0009
P007328,Myself Lighting,Home,Lighting,UrbanEdge,299.14,236.93,S0253
P007329,Society Monitor,Electronics,Monitor,NovaTech,605.48,389.85,S0100
P007330,Leave Decor,Home,Decor,UrbanEdge,1066.34,789.52,S0177
P007331,Figure Decor,Home,Decor,NextGen,63.04,40.69,S0367
P007332,Simply Furniture,Home,Furniture,Vertex,403.23,229.36,S0497
P007333,Section Smartphone,Electronics,Smartphone,Apex,512.73,319.36,S0209
P007334,Field Jackets,Clothing,Jackets,NextGen,159.01,99.62,S0232
P007335,War Headphones,Electronics,Headphones,NextGen,694.89,418.53,S0383
P007336,Upon Decor,Home,Decor,EverBuy,645.81,518.52,S0473
P007337,Fall Lighting,Home,Lighting,Vertex,634.49,469.34,S0206
P007338,Tonight Running,Sports,Running,NextGen,759.68,480.28,S0113
P007339,Feeling Technology,Books,Technology,NovaTech,1129.69,629.42,S0335
P007340,Example Decor,Home,Decor,NextGen,95.3,74.19,S0467
P007341,Size Education,Books,Education,UrbanEdge,629.45,358.21,S0429
P007342,Commercial Technology,Books,Technology,EverBuy,165.88,127.38,S0028
P007343,Cause Smartphone,Electronics,Smartphone,Apex,988.54,739.3,S0421
P007344,Evidence Furniture,Home,Furniture,NextGen,854.39,725.68,S0351
P007345,Remember Cricket,Sports,Cricket,PrimeGoods,80.56,47.55,S0277
P007346,International Appliances,Home,Appliances,Apex,1317.68,934.18,S0274
P007347,Provide Comics,Books,Comics,NextGen,432.37,342.06,S0107
P007348,Expert Outdoor,Sports,Outdoor,NovaTech,366.56,270.12,S0429
P007349,Standard Business,Books,Business,GlobalMart,620.58,407.5,S0206
P007350,Even Business,Books,Business,NovaTech,1267.51,757.02,S0257
P007351,Sport Running,Sports,Running,UrbanEdge,905.02,708.32,S0382
P007352,Particularly Accessories,Clothing,Accessories,EverBuy,894.15,691.03,S0136
P007353,Teacher Trousers,Clothing,Trousers,GlobalMart,1119.42,752.87,S0361
P007354,Animal Shirts,Clothing,Shirts,UrbanEdge,24.36,16.19,S0437
P007355,Century Shirts,Clothing,Shirts,PrimeGoods,1505.85,906.79,S0124
P007356,Nice Headphones,Electronics,Headphones,UrbanEdge,654.54,401.1,S0259
P007357,Not Business,Books,Business,NovaTech,523.38,308.99,S0395
P007358,Return Trousers,Clothing,Trousers,NovaTech,124.64,77.77,S0162
P007359,Key Football,Sports,Football,Vertex,112.8,80.54,S0225
P007360,Across Cricket,Sports,Cricket,GlobalMart,273.76,161.51,S0176
P007361,Specific Monitor,Electronics,Monitor,NovaTech,989.75,636.91,S0053
P007362,East Kitchen,Home,Kitchen,UrbanEdge,366.36,239.61,S0250
P007363,Cup Fitness,Sports,Fitness,UrbanEdge,346.45,238.19,S0260
P007364,Author Shirts,Clothing,Shirts,UrbanEdge,798.29,583.89,S0174
P007365,Up Trousers,Clothing,Trousers,Vertex,523.06,337.57,S0394
P007366,Itself Lighting,Home,Lighting,Vertex,782.98,609.15,S0428
P007367,Partner Football,Sports,Football,EverBuy,745.14,425.16,S0211
P007368,Throughout Cricket,Sports,Cricket,UrbanEdge,1276.33,737.56,S0060
P007369,Subject Shirts,Clothing,Shirts,UrbanEdge,1140.94,736.38,S0210
P007370,Dark Kitchen,Home,Kitchen,Vertex,490.62,339.97,S0095
P007371,Necessary Monitor,Electronics,Monitor,Apex,1436.87,982.74,S0420
P007372,Wear Accessories,Clothing,Accessories,EverBuy,1123.87,752.41,S0377
P007373,Director Jackets,Clothing,Jackets,NextGen,1255.95,834.26,S0124
P007374,She Tablet,Electronics,Tablet,NextGen,96.0,81.84,S0336
P007375,Action Laptop,Electronics,Laptop,NextGen,1123.43,776.01,S0217
P007376,Artist Trousers,Clothing,Trousers,Apex,1229.5,691.3,S0113
P007377,Traditional Accessories,Clothing,Accessories,Vertex,849.61,583.59,S0126
P007378,Memory Business,Books,Business,EverBuy,406.7,251.03,S0048
P007379,Have Laptop,Electronics,Laptop,GlobalMart,488.03,378.74,S0240
P007380,Spend Football,Sports,Football,Vertex,537.22,422.6,S0020
P007381,Behavior Appliances,Home,Appliances,Apex,391.98,219.67,S0012
P007382,Down Furniture,Home,Furniture,Apex,364.47,278.18,S0112
P007383,For Outdoor,Sports,Outdoor,UrbanEdge,825.45,667.91,S0397
P007384,General Outdoor,Sports,Outdoor,GlobalMart,893.29,695.14,S0374
P007385,Camera Football,Sports,Football,Vertex,562.66,333.17,S0033
P007386,Maybe Headphones,Electronics,Headphones,UrbanEdge,476.0,265.91,S0017
P007387,Its Laptop,Electronics,Laptop,NextGen,1066.43,681.47,S0273
P007388,Direction Fiction,Books,Fiction,NextGen,763.8,555.92,S0447
P007389,Plant Furniture,Home,Furniture,PrimeGoods,1675.39,988.44,S0224
P007390,Team Cricket,Sports,Cricket,EverBuy,1592.68,998.77,S0153
P007391,Available Trousers,Clothing,Trousers,NextGen,117.06,75.72,S0071
P007392,Teacher Furniture,Home,Furniture,GlobalMart,759.63,598.7,S0049
P007393,Guy Cricket,Sports,Cricket,GlobalMart,804.13,546.4,S0353
P007394,After Tablet,Electronics,Tablet,NovaTech,357.45,285.05,S0245
P007395,Part Furniture,Home,Furniture,Vertex,373.34,239.69,S0452
P007396,Either Appliances,Home,Appliances,GlobalMart,1314.12,775.17,S0078
P007397,Upon Tablet,Electronics,Tablet,UrbanEdge,897.34,618.18,S0013
P007398,Skill Headphones,Electronics,Headphones,UrbanEdge,1701.47,989.32,S0114
P007399,Agency Shirts,Clothing,Shirts,Vertex,830.62,708.78,S0064
P007400,Lawyer Running,Sports,Running,NovaTech,410.4,304.09,S0077
P007401,Fine Fiction,Books,Fiction,PrimeGoods,495.75,330.62,S0211
P007402,While Comics,Books,Comics,GlobalMart,954.02,588.54,S0322
P007403,Maybe Shirts,Clothing,Shirts,NovaTech,281.21,180.3,S0157
P007404,Camera Decor,Home,Decor,NovaTech,90.71,68.91,S0059
P007405,Discover Comics,Books,Comics,Apex,570.33,432.42,S0170
P007406,Generation Outdoor,Sports,Outdoor,Vertex,974.98,553.24,S0371
P007407,Dog Accessories,Clothing,Accessories,EverBuy,506.0,312.8,S0401
P007408,Choose Education,Books,Education,GlobalMart,69.73,41.83,S0056
P007409,Rate Business,Books,Business,NovaTech,154.74,91.7,S0369
P007410,North Shirts,Clothing,Shirts,NextGen,761.73,451.87,S0327
P007411,Usually Appliances,Home,Appliances,NovaTech,562.19,427.31,S0088
P007412,Leave Fiction,Books,Fiction,GlobalMart,630.37,458.25,S0063
P007413,Stage Decor,Home,Decor,UrbanEdge,728.86,593.29,S0307
P007414,Follow Smartphone,Electronics,Smartphone,NovaTech,487.14,378.85,S0247
P007415,Onto Fiction,Books,Fiction,NovaTech,52.4,44.2,S0486
P007416,Choose Jackets,Clothing,Jackets,EverBuy,897.71,605.32,S0030
P007417,Why Fitness,Sports,Fitness,PrimeGoods,1071.02,773.06,S0221
P007418,Kitchen Shoes,Clothing,Shoes,EverBuy,310.6,239.99,S0251
P007419,Wonder Running,Sports,Running,GlobalMart,540.92,468.88,S0279
P007420,Player Headphones,Electronics,Headphones,UrbanEdge,808.11,506.03,S0493
P007421,Listen Fitness,Sports,Fitness,EverBuy,675.13,584.99,S0292
P007422,Security Comics,Books,Comics,Vertex,330.66,188.2,S0097
P007423,Center Smartphone,Electronics,Smartphone,PrimeGoods,881.64,754.45,S0215
P007424,Personal Kitchen,Home,Kitchen,EverBuy,21.91,16.58,S0436
P007425,Tv Fitness,Sports,Fitness,NovaTech,982.63,609.25,S0252
P007426,Go Accessories,Clothing,Accessories,EverBuy,1325.34,756.1,S0292
P007427,Tax Smartphone,Electronics,Smartphone,EverBuy,482.65,322.27,S0070
P007428,Answer Comics,Books,Comics,NextGen,685.47,578.61,S0293
P007429,Lead Appliances,Home,Appliances,PrimeGoods,250.68,213.38,S0486
P007430,Than Technology,Books,Technology,Apex,380.04,286.8,S0096
P007431,Modern Kitchen,Home,Kitchen,GlobalMart,560.96,453.29,S0373
P007432,Explain Jackets,Clothing,Jackets,Apex,305.49,189.15,S0017
P007433,Continue Business,Books,Business,UrbanEdge,112.9,72.26,S0173
P007434,Half Comics,Books,Comics,NextGen,1109.93,656.2,S0273
P007435,Court Trousers,Clothing,Trousers,Vertex,1228.03,807.22,S0376
P007436,Trouble Fiction,Books,Fiction,EverBuy,93.67,73.79,S0103
P007437,Heart Decor,Home,Decor,EverBuy,176.89,109.06,S0420
P007438,Eight Fitness,Sports,Fitness,Apex,720.18,483.12,S0490
P007439,Pick Running,Sports,Running,Apex,806.76,608.38,S0221
P007440,Drug Jackets,Clothing,Jackets,Apex,1307.08,876.99,S0326
P007441,Popular Appliances,Home,Appliances,NextGen,1297.05,900.96,S0322
P007442,Avoid Jackets,Clothing,Jackets,EverBuy,709.85,423.48,S0044
P007443,Agree Outdoor,Sports,Outdoor,NovaTech,1100.46,653.81,S0380
P007444,Society Outdoor,Sports,Outdoor,PrimeGoods,357.8,215.66,S0160
P007445,Black Football,Sports,Football,PrimeGoods,344.92,218.86,S0039
P007446,Many Comics,Books,Comics,GlobalMart,704.46,428.24,S0142
P007447,Pressure Shoes,Clothing,Shoes,UrbanEdge,624.75,491.2,S0075
P007448,Argue Football,Sports,Football,PrimeGoods,1487.64,892.51,S0145
P007449,Market Furniture,Home,Furniture,Vertex,829.22,668.83,S0349
P007450,Almost Education,Books,Education,PrimeGoods,1181.33,924.54,S0405
P007451,Common Education,Books,Education,GlobalMart,105.61,81.08,S0423
P007452,Within Fiction,Books,Fiction,PrimeGoods,564.14,475.27,S0154
P007453,Notice Cricket,Sports,Cricket,Apex,1619.43,978.22,S0459
P007454,Develop Accessories,Clothing,Accessories,EverBuy,292.49,218.01,S0336
P007455,Indeed Business,Books,Business,PrimeGoods,650.68,451.73,S0384
P007456,Smile Lighting,Home,Lighting,NextGen,283.17,166.97,S0017
P007457,Fly Furniture,Home,Furniture,Apex,594.39,516.2,S0377
P007458,Outside Headphones,Electronics,Headphones,Vertex,218.7,147.03,S0467
P007459,Heavy Comics,Books,Comics,Apex,771.86,655.32,S0459
P007460,Management Appliances,Home,Appliances,Apex,1072.07,661.68,S0312
P007461,Nature Comics,Books,Comics,GlobalMart,623.59,483.53,S0382
P007462,Congress Headphones,Electronics,Headphones,GlobalMart,1346.75,881.86,S0397
P007463,Buy Education,Books,Education,UrbanEdge,363.6,215.5,S0376
P007464,Base Tablet,Electronics,Tablet,PrimeGoods,232.28,166.97,S0259
P007465,Culture Appliances,Home,Appliances,NextGen,723.52,451.78,S0333
P007466,Bad Comics,Books,Comics,PrimeGoods,905.72,715.12,S0089
P007467,Recently Jackets,Clothing,Jackets,GlobalMart,1065.65,645.68,S0036
P007468,Reveal Appliances,Home,Appliances,UrbanEdge,376.78,322.95,S0493
P007469,Reflect Running,Sports,Running,PrimeGoods,1128.3,966.18,S0112
P007470,Language Lighting,Home,Lighting,UrbanEdge,137.19,78.04,S0223
P007471,Statement Smartphone,Electronics,Smartphone,EverBuy,995.63,625.23,S0451
P007472,Significant Accessories,Clothing,Accessories,NovaTech,1117.88,839.09,S0473
P007473,Result Appliances,Home,Appliances,Vertex,1107.18,661.99,S0337
P007474,Within Technology,Books,Technology,GlobalMart,309.01,248.83,S0272
P007475,At Education,Books,Education,EverBuy,254.31,207.84,S0253
P007476,By Fitness,Sports,Fitness,NovaTech,1466.12,845.69,S0035
P007477,Determine Accessories,Clothing,Accessories,EverBuy,650.75,364.33,S0429
P007478,Guy Decor,Home,Decor,NovaTech,54.81,40.27,S0048
P007479,About Lighting,Home,Lighting,GlobalMart,1295.72,860.39,S0079
P007480,Stop Fiction,Books,Fiction,UrbanEdge,130.56,92.48,S0022
P007481,Party Tablet,Electronics,Tablet,Apex,1616.81,969.26,S0325
P007482,Receive Trousers,Clothing,Trousers,Apex,790.97,669.19,S0054
P007483,Within Smartphone,Electronics,Smartphone,NextGen,1216.81,976.76,S0196
P007484,Know Football,Sports,Football,PrimeGoods,1045.04,736.01,S0175
P007485,Event Shirts,Clothing,Shirts,Vertex,634.35,415.98,S0161
P007486,Forget Technology,Books,Technology,NextGen,640.08,524.88,S0428
P007487,Choose Shirts,Clothing,Shirts,EverBuy,1173.27,693.11,S0141
P007488,Politics Cricket,Sports,Cricket,EverBuy,267.36,175.05,S0368
P007489,Month Technology,Books,Technology,GlobalMart,1017.38,878.06,S0409
P007490,Open Kitchen,Home,Kitchen,UrbanEdge,427.42,342.79,S0238
P007491,That Lighting,Home,Lighting,PrimeGoods,424.18,263.77,S0401
P007492,Up Fitness,Sports,Fitness,PrimeGoods,689.95,483.19,S0259
P007493,Bad Smartphone,Electronics,Smartphone,GlobalMart,944.16,662.43,S0208
P007494,Big Outdoor,Sports,Outdoor,UrbanEdge,46.82,40.26,S0350
P007495,Best Laptop,Electronics,Laptop,EverBuy,684.93,478.3,S0095
P007496,Drive Smartphone,Electronics,Smartphone,EverBuy,1111.89,705.78,S0214
P007497,Blood Appliances,Home,Appliances,Apex,376.6,314.15,S0095
P007498,Even Decor,Home,Decor,NovaTech,520.73,363.86,S0043
P007499,International Fiction,Books,Fiction,GlobalMart,293.94,234.24,S0314
P007500,Future Jackets,Clothing,Jackets,GlobalMart,1640.66,924.7,S0244
P007501,Appear Jackets,Clothing,Jackets,Vertex,665.34,553.92,S0317
P007502,Behavior Fitness,Sports,Fitness,GlobalMart,523.8,311.25,S0112
P007503,Computer Headphones,Electronics,Headphones,UrbanEdge,1468.99,819.5,S0419
P007504,It Tablet,Electronics,Tablet,NextGen,627.16,491.07,S0309
P007505,Task Headphones,Electronics,Headphones,Vertex,1584.96,967.05,S0345
P007506,Evening Business,Books,Business,NextGen,1030.7,734.6,S0440
P007507,Indicate Trousers,Clothing,Trousers,NextGen,582.53,350.06,S0443
P007508,Kind Technology,Books,Technology,NextGen,551.33,404.12,S0349
P007509,Here Monitor,Electronics,Monitor,GlobalMart,775.33,613.22,S0276
P007510,Visit Monitor,Electronics,Monitor,PrimeGoods,1290.85,753.04,S0437
P007511,Treat Tablet,Electronics,Tablet,PrimeGoods,1051.83,877.55,S0362
P007512,Again Fiction,Books,Fiction,Vertex,715.93,421.42,S0237
P007513,House Decor,Home,Decor,EverBuy,471.59,325.21,S0478
P007514,Yourself Fitness,Sports,Fitness,Vertex,872.67,535.71,S0070
P007515,Political Tablet,Electronics,Tablet,NovaTech,606.88,362.72,S0218
P007516,Congress Shoes,Clothing,Shoes,NovaTech,1208.48,938.05,S0228
P007517,Market Fitness,Sports,Fitness,NovaTech,132.43,87.07,S0260
P007518,Race Decor,Home,Decor,EverBuy,899.69,730.48,S0343
P007519,Bed Jackets,Clothing,Jackets,NextGen,167.84,93.82,S0477
P007520,Board Trousers,Clothing,Trousers,Apex,302.14,176.17,S0317
P007521,Education Technology,Books,Technology,NovaTech,734.6,554.74,S0203
P007522,Lead Headphones,Electronics,Headphones,NovaTech,900.24,704.38,S0278
P007523,Management Comics,Books,Comics,UrbanEdge,104.11,67.12,S0354
P007524,Attack Technology,Books,Technology,Apex,208.59,129.19,S0476
P007525,Attorney Technology,Books,Technology,EverBuy,1464.28,848.84,S0251
P007526,Else Headphones,Electronics,Headphones,NextGen,19.68,12.06,S0363
P007527,Smile Decor,Home,Decor,EverBuy,739.93,411.11,S0250
P007528,Kid Lighting,Home,Lighting,Apex,1587.93,883.23,S0039
P007529,Field Technology,Books,Technology,Vertex,293.74,205.29,S0445
P007530,Property Shirts,Clothing,Shirts,Apex,361.15,302.6,S0020
P007531,Law Decor,Home,Decor,Vertex,321.03,236.41,S0113
P007532,Relationship Fitness,Sports,Fitness,NovaTech,137.0,116.59,S0288
P007533,Forget Trousers,Clothing,Trousers,Vertex,1429.07,947.14,S0247
P007534,Bring Fitness,Sports,Fitness,Vertex,72.07,40.07,S0066
P007535,Woman Trousers,Clothing,Trousers,Vertex,42.46,29.02,S0023
P007536,Them Business,Books,Business,NovaTech,432.97,318.07,S0376
P007537,Prove Business,Books,Business,PrimeGoods,452.78,350.12,S0025
P007538,Low Football,Sports,Football,EverBuy,1001.04,867.72,S0449
P007539,Relationship Decor,Home,Decor,PrimeGoods,1034.25,865.95,S0202
P007540,Race Accessories,Clothing,Accessories,UrbanEdge,449.55,326.28,S0044
P007541,Have Monitor,Electronics,Monitor,NextGen,805.99,482.89,S0214
P007542,Fill Technology,Books,Technology,Vertex,761.5,573.91,S0284
P007543,Official Shoes,Clothing,Shoes,NextGen,49.87,30.82,S0376
P007544,Ready Trousers,Clothing,Trousers,Apex,1098.92,737.78,S0401
P007545,Alone Headphones,Electronics,Headphones,PrimeGoods,905.86,511.01,S0091
P007546,Design Comics,Books,Comics,GlobalMart,623.13,415.82,S0368
P007547,Medical Headphones,Electronics,Headphones,Vertex,176.69,145.81,S0049
P007548,Visit Lighting,Home,Lighting,NextGen,734.57,411.33,S0126
P007549,Student Accessories,Clothing,Accessories,Vertex,996.24,594.41,S0059
P007550,Hold Outdoor,Sports,Outdoor,UrbanEdge,593.46,341.58,S0494
P007551,South Laptop,Electronics,Laptop,Apex,405.13,255.12,S0442
P007552,Live Outdoor,Sports,Outdoor,Vertex,65.92,39.02,S0242
P007553,Radio Smartphone,Electronics,Smartphone,NovaTech,110.35,70.65,S0391
P007554,Toward Running,Sports,Running,PrimeGoods,59.77,44.72,S0157
P007555,Big Jackets,Clothing,Jackets,UrbanEdge,957.01,565.46,S0465
P007556,Establish Decor,Home,Decor,EverBuy,312.14,263.59,S0417
P007557,Debate Fitness,Sports,Fitness,NextGen,357.53,213.82,S0306
P007558,Project Shoes,Clothing,Shoes,NextGen,1009.46,690.95,S0206
P007559,Account Jackets,Clothing,Jackets,UrbanEdge,641.16,491.86,S0100
P007560,Shake Smartphone,Electronics,Smartphone,NovaTech,171.66,143.39,S0141
P007561,All Tablet,Electronics,Tablet,UrbanEdge,419.59,324.53,S0058
P007562,Science Football,Sports,Football,Vertex,413.66,311.45,S0393
P007563,Serve Outdoor,Sports,Outdoor,NovaTech,612.54,524.46,S0492
P007564,Pull Lighting,Home,Lighting,GlobalMart,586.23,489.54,S0467
P007565,Choice Comics,Books,Comics,Apex,1149.75,745.23,S0086
P007566,Simply Smartphone,Electronics,Smartphone,Apex,434.71,281.04,S0459
P007567,Skin Shirts,Clothing,Shirts,Apex,888.43,760.09,S0317
P007568,Administration Fiction,Books,Fiction,UrbanEdge,1068.66,640.2,S0045
P007569,Idea Decor,Home,Decor,Vertex,707.89,463.18,S0248
P007570,Young Outdoor,Sports,Outdoor,NovaTech,1398.75,914.6,S0282
P007571,Second Smartphone,Electronics,Smartphone,NovaTech,580.5,346.42,S0483
P007572,Game Furniture,Home,Furniture,NextGen,868.26,688.91,S0295
P007573,World Fitness,Sports,Fitness,NovaTech,1256.3,739.33,S0449
P007574,Customer Decor,Home,Decor,UrbanEdge,823.52,691.05,S0266
P007575,Want Shoes,Clothing,Shoes,Apex,495.89,358.04,S0435
P007576,Information Accessories,Clothing,Accessories,Apex,1204.74,989.99,S0033
P007577,Sing Business,Books,Business,NovaTech,201.0,147.96,S0378
P007578,Her Appliances,Home,Appliances,Vertex,385.53,300.13,S0280
P007579,Laugh Decor,Home,Decor,NextGen,1011.78,878.21,S0170
P007580,Idea Shirts,Clothing,Shirts,PrimeGoods,236.78,142.56,S0320
P007581,Build Headphones,Electronics,Headphones,Apex,1710.46,997.77,S0076
P007582,Forget Technology,Books,Technology,EverBuy,77.84,57.74,S0346
P007583,Quickly Furniture,Home,Furniture,Vertex,1254.22,937.02,S0462
P007584,Certain Cricket,Sports,Cricket,GlobalMart,1115.31,912.06,S0208
P007585,Various Technology,Books,Technology,EverBuy,316.59,221.89,S0448
P007586,Night Lighting,Home,Lighting,GlobalMart,568.25,366.43,S0031
P007587,Painting Decor,Home,Decor,GlobalMart,694.61,399.04,S0458
P007588,Star Comics,Books,Comics,Apex,684.05,520.83,S0498
P007589,Wear Tablet,Electronics,Tablet,NovaTech,940.89,533.29,S0442
P007590,Himself Laptop,Electronics,Laptop,Apex,159.32,106.53,S0390
P007591,Door Shoes,Clothing,Shoes,GlobalMart,1431.41,815.56,S0263
P007592,Administration Jackets,Clothing,Jackets,Apex,715.26,511.98,S0067
P007593,Never Fiction,Books,Fiction,Vertex,752.32,606.0,S0196
P007594,Call Shirts,Clothing,Shirts,Vertex,1128.62,752.14,S0372
P007595,Quite Comics,Books,Comics,UrbanEdge,50.51,37.74,S0401
P007596,Agree Decor,Home,Decor,GlobalMart,355.68,250.3,S0447
P007597,Us Outdoor,Sports,Outdoor,Apex,359.25,214.96,S0431
P007598,Question Furniture,Home,Furniture,GlobalMart,336.55,191.98,S0062
P007599,Require Monitor,Electronics,Monitor,GlobalMart,421.85,283.08,S0242
P007600,Area Laptop,Electronics,Laptop,GlobalMart,856.58,655.85,S0304
P007601,Light Fitness,Sports,Fitness,GlobalMart,848.6,600.7,S0384
P007602,Computer Decor,Home,Decor,GlobalMart,224.33,133.65,S0119
P007603,Wall Laptop,Electronics,Laptop,PrimeGoods,39.01,29.7,S0165
P007604,Condition Appliances,Home,Appliances,UrbanEdge,973.32,548.51,S0199
P007605,Head Jackets,Clothing,Jackets,PrimeGoods,1531.08,862.08,S0314
P007606,Anyone Headphones,Electronics,Headphones,NovaTech,595.51,347.55,S0417
P007607,My Appliances,Home,Appliances,EverBuy,776.11,442.98,S0178
P007608,Above Furniture,Home,Furniture,GlobalMart,1382.7,775.43,S0483
P007609,Its Trousers,Clothing,Trousers,NextGen,827.96,669.19,S0403
P007610,Cause Cricket,Sports,Cricket,GlobalMart,1126.56,711.67,S0307
P007611,Full Comics,Books,Comics,EverBuy,1192.57,729.15,S0173
P007612,Then Lighting,Home,Lighting,UrbanEdge,1379.57,980.68,S0086
P007613,Present Jackets,Clothing,Jackets,Apex,812.21,536.89,S0398
P007614,Institution Monitor,Electronics,Monitor,GlobalMart,664.12,394.45,S0072
P007615,Second Cricket,Sports,Cricket,Vertex,905.95,566.33,S0172
P007616,Contain Comics,Books,Comics,GlobalMart,58.4,47.57,S0024
P007617,Open Education,Books,Education,EverBuy,586.87,448.45,S0155
P007618,Traditional Technology,Books,Technology,EverBuy,234.03,155.81,S0289
P007619,Give Trousers,Clothing,Trousers,Apex,166.72,141.39,S0098
P007620,Think Education,Books,Education,Apex,627.83,516.62,S0194
P007621,Put Cricket,Sports,Cricket,NovaTech,797.78,609.62,S0079
P007622,Yes Running,Sports,Running,EverBuy,53.76,34.09,S0483
P007623,Eight Football,Sports,Football,EverBuy,832.84,473.55,S0302
P007624,Get Appliances,Home,Appliances,UrbanEdge,1283.29,890.3,S0453
P007625,Economic Jackets,Clothing,Jackets,GlobalMart,1155.25,935.54,S0434
P007626,Region Kitchen,Home,Kitchen,Vertex,1200.43,825.13,S0215
P007627,As Comics,Books,Comics,UrbanEdge,310.61,180.9,S0469
P007628,Teacher Football,Sports,Football,Vertex,638.19,419.02,S0302
P007629,Provide Fiction,Books,Fiction,Apex,464.7,383.91,S0024
P007630,Laugh Monitor,Electronics,Monitor,PrimeGoods,495.09,408.02,S0334
P007631,Forward Headphones,Electronics,Headphones,PrimeGoods,189.07,110.06,S0069
P007632,Clearly Lighting,Home,Lighting,UrbanEdge,1593.45,974.98,S0203
P007633,Cover Outdoor,Sports,Outdoor,Vertex,655.63,373.65,S0052
P007634,Near Laptop,Electronics,Laptop,NextGen,13.85,10.34,S0284
P007635,Generation Technology,Books,Technology,NextGen,1312.6,875.24,S0351
P007636,Right Cricket,Sports,Cricket,Apex,312.64,246.6,S0404
P007637,Statement Trousers,Clothing,Trousers,UrbanEdge,1055.91,752.85,S0060
P007638,Majority Education,Books,Education,NextGen,265.02,167.14,S0058
P007639,Change Business,Books,Business,PrimeGoods,483.77,409.99,S0002
P007640,These Technology,Books,Technology,NextGen,1690.7,979.77,S0048
P007641,As Business,Books,Business,EverBuy,531.29,442.29,S0317
P007642,Growth Appliances,Home,Appliances,NovaTech,363.92,272.95,S0015
P007643,Fund Education,Books,Education,EverBuy,1246.65,998.4,S0297
P007644,Morning Shirts,Clothing,Shirts,GlobalMart,363.04,265.0,S0411
P007645,Benefit Jackets,Clothing,Jackets,GlobalMart,779.63,617.12,S0036
P007646,New Smartphone,Electronics,Smartphone,Vertex,1450.09,968.41,S0256
P007647,Shake Shirts,Clothing,Shirts,EverBuy,1251.36,872.48,S0223
P007648,Body Running,Sports,Running,PrimeGoods,1127.61,846.37,S0158
P007649,Appear Laptop,Electronics,Laptop,NextGen,983.53,790.38,S0137
P007650,Such Jackets,Clothing,Jackets,EverBuy,978.32,677.59,S0245
P007651,Interview Decor,Home,Decor,EverBuy,666.46,543.72,S0180
P007652,Push Decor,Home,Decor,NovaTech,1045.17,845.83,S0201
P007653,Drive Appliances,Home,Appliances,Vertex,296.08,202.06,S0280
P007654,Fish Football,Sports,Football,UrbanEdge,552.79,354.18,S0102
P007655,Into Lighting,Home,Lighting,PrimeGoods,564.54,457.34,S0194
P007656,Democrat Appliances,Home,Appliances,EverBuy,623.38,377.16,S0004
P007657,Action Lighting,Home,Lighting,NextGen,909.8,560.34,S0015
P007658,These Running,Sports,Running,NovaTech,416.12,271.82,S0003
P007659,Account Shoes,Clothing,Shoes,UrbanEdge,706.16,506.72,S0495
P007660,Crime Fiction,Books,Fiction,EverBuy,1422.84,843.14,S0287
P007661,Major Headphones,Electronics,Headphones,PrimeGoods,1389.34,815.68,S0458
P007662,Include Fitness,Sports,Fitness,GlobalMart,535.23,325.67,S0445
P007663,Stage Appliances,Home,Appliances,Apex,1219.88,943.59,S0217
P007664,Say Fiction,Books,Fiction,UrbanEdge,42.91,35.01,S0254
P007665,Specific Lighting,Home,Lighting,Apex,1039.89,664.99,S0190
P007666,Leader Cricket,Sports,Cricket,PrimeGoods,1020.11,607.51,S0453
P007667,Special Lighting,Home,Lighting,NovaTech,1443.85,897.73,S0357
P007668,Low Jackets,Clothing,Jackets,NovaTech,1066.34,842.24,S0389
P007669,Listen Smartphone,Electronics,Smartphone,EverBuy,1108.85,633.63,S0343
P007670,Nearly Headphones,Electronics,Headphones,NextGen,900.48,508.06,S0128
P007671,Feeling Furniture,Home,Furniture,GlobalMart,810.1,662.04,S0236
P007672,Represent Fiction,Books,Fiction,Apex,821.44,678.7,S0045
P007673,Represent Headphones,Electronics,Headphones,NovaTech,558.57,412.12,S0241
P007674,Author Tablet,Electronics,Tablet,NovaTech,1431.84,918.96,S0430
P007675,Time Lighting,Home,Lighting,Vertex,1061.9,725.9,S0135
P007676,Same Cricket,Sports,Cricket,NovaTech,449.36,312.13,S0278
P007677,Song Shirts,Clothing,Shirts,Apex,485.44,394.04,S0124
P007678,Tv Outdoor,Sports,Outdoor,UrbanEdge,1245.53,999.31,S0104
P007679,Sister Furniture,Home,Furniture,GlobalMart,1141.19,975.28,S0094
P007680,Institution Furniture,Home,Furniture,Vertex,85.58,52.77,S0250
P007681,Program Shoes,Clothing,Shoes,EverBuy,523.37,329.98,S0334
P007682,Agency Kitchen,Home,Kitchen,Vertex,1084.58,630.7,S0171
P007683,Wall Tablet,Electronics,Tablet,UrbanEdge,1429.01,956.02,S0167
P007684,Drop Outdoor,Sports,Outdoor,Vertex,949.27,621.52,S0489
P007685,Choice Outdoor,Sports,Outdoor,EverBuy,833.42,540.7,S0431
P007686,Necessary Kitchen,Home,Kitchen,UrbanEdge,195.71,132.26,S0294
P007687,Across Headphones,Electronics,Headphones,PrimeGoods,793.42,494.11,S0286
P007688,Choice Trousers,Clothing,Trousers,UrbanEdge,22.9,19.55,S0253
P007689,Quality Education,Books,Education,Apex,1419.77,852.72,S0332
P007690,Door Business,Books,Business,Apex,896.48,687.23,S0027
P007691,Better Kitchen,Home,Kitchen,NextGen,946.4,646.52,S0038
P007692,Door Business,Books,Business,EverBuy,494.8,331.64,S0154
P007693,Finally Smartphone,Electronics,Smartphone,PrimeGoods,816.19,456.74,S0237
P007694,Maintain Outdoor,Sports,Outdoor,GlobalMart,994.22,847.48,S0079
P007695,Certainly Jackets,Clothing,Jackets,NovaTech,1485.42,927.34,S0120
P007696,Do Technology,Books,Technology,Apex,959.85,541.29,S0145
P007697,Heavy Cricket,Sports,Cricket,GlobalMart,254.08,158.96,S0242
P007698,Reveal Appliances,Home,Appliances,EverBuy,704.5,593.66,S0281
P007699,Else Shirts,Clothing,Shirts,NovaTech,179.34,140.08,S0059
P007700,Sing Technology,Books,Technology,Vertex,1571.58,956.58,S0081
P007701,Story Headphones,Electronics,Headphones,UrbanEdge,969.37,620.18,S0488
P007702,Take Shoes,Clothing,Shoes,Vertex,822.01,506.29,S0016
P007703,Prevent Furniture,Home,Furniture,EverBuy,1322.47,887.0,S0013
P007704,Central Lighting,Home,Lighting,GlobalMart,427.07,244.13,S0272
P007705,Off Tablet,Electronics,Tablet,NextGen,1035.89,770.15,S0467
P007706,Our Fitness,Sports,Fitness,Apex,773.59,618.39,S0346
P007707,Every Outdoor,Sports,Outdoor,GlobalMart,1615.18,922.95,S0438
P007708,Over Monitor,Electronics,Monitor,UrbanEdge,1143.55,876.07,S0082
P007709,Clear Smartphone,Electronics,Smartphone,EverBuy,1446.06,896.01,S0361
P007710,Happy Tablet,Electronics,Tablet,PrimeGoods,530.65,457.77,S0278
P007711,Read Fitness,Sports,Fitness,Apex,1256.11,738.66,S0087
P007712,Kitchen Shirts,Clothing,Shirts,GlobalMart,450.81,363.33,S0191
P007713,Hand Fitness,Sports,Fitness,NovaTech,796.7,474.77,S0334
P007714,Ahead Lighting,Home,Lighting,EverBuy,682.72,419.81,S0448
P007715,Little Cricket,Sports,Cricket,UrbanEdge,107.99,62.51,S0472
P007716,Tax Outdoor,Sports,Outdoor,NovaTech,485.47,392.93,S0412
P007717,Behind Smartphone,Electronics,Smartphone,Apex,339.16,202.77,S0245
P007718,Production Fitness,Sports,Fitness,GlobalMart,203.97,149.62,S0033
P007719,Instead Outdoor,Sports,Outdoor,NovaTech,532.53,395.48,S0353
P007720,Live Trousers,Clothing,Trousers,UrbanEdge,821.35,534.61,S0049
P007721,Ever Business,Books,Business,PrimeGoods,1096.59,617.35,S0109
P007722,Audience Fitness,Sports,Fitness,PrimeGoods,823.34,595.85,S0290
P007723,Up Lighting,Home,Lighting,Vertex,1166.6,968.83,S0273
P007724,Painting Cricket,Sports,Cricket,PrimeGoods,694.43,464.31,S0143
P007725,Senior Accessories,Clothing,Accessories,UrbanEdge,1575.15,902.4,S0470
P007726,Suggest Outdoor,Sports,Outdoor,Vertex,1141.04,882.9,S0317
P007727,Scene Kitchen,Home,Kitchen,NovaTech,959.46,573.51,S0314
P007728,Art Smartphone,Electronics,Smartphone,Apex,139.61,105.8,S0297
P007729,Plan Laptop,Electronics,Laptop,EverBuy,823.48,647.69,S0010
P007730,However Outdoor,Sports,Outdoor,PrimeGoods,28.6,22.59,S0265
P007731,Control Headphones,Electronics,Headphones,Vertex,948.71,729.47,S0323
P007732,Capital Tablet,Electronics,Tablet,Vertex,424.21,238.46,S0261
P007733,End Furniture,Home,Furniture,Vertex,357.88,226.06,S0197
P007734,Foreign Monitor,Electronics,Monitor,Vertex,235.8,133.81,S0030
P007735,Remember Laptop,Electronics,Laptop,PrimeGoods,1065.1,736.13,S0328
P007736,Chair Furniture,Home,Furniture,Apex,240.0,177.1,S0364
P007737,Under Fiction,Books,Fiction,NextGen,617.69,513.55,S0345
P007738,Voice Cricket,Sports,Cricket,GlobalMart,1011.57,876.7,S0474
P007739,Individual Shoes,Clothing,Shoes,PrimeGoods,1380.8,830.35,S0236
P007740,Word Accessories,Clothing,Accessories,GlobalMart,539.59,316.74,S0171
P007741,Rather Smartphone,Electronics,Smartphone,GlobalMart,1066.47,701.94,S0327
P007742,Forward Furniture,Home,Furniture,GlobalMart,1512.11,926.15,S0059
P007743,Vote Football,Sports,Football,EverBuy,909.7,675.15,S0243
P007744,Ahead Kitchen,Home,Kitchen,EverBuy,1392.34,877.52,S0271
P007745,Such Shoes,Clothing,Shoes,EverBuy,105.91,75.86,S0440
P007746,Thing Fitness,Sports,Fitness,Apex,683.85,394.72,S0014
P007747,Nor Smartphone,Electronics,Smartphone,EverBuy,217.17,155.67,S0280
P007748,Care Football,Sports,Football,UrbanEdge,102.23,72.52,S0483
P007749,Answer Accessories,Clothing,Accessories,EverBuy,1271.74,835.59,S0075
P007750,Discuss Accessories,Clothing,Accessories,EverBuy,473.29,300.93,S0195
P007751,Board Education,Books,Education,UrbanEdge,1366.08,926.59,S0331
P007752,Detail Furniture,Home,Furniture,Apex,360.04,203.65,S0317
P007753,Too Smartphone,Electronics,Smartphone,NovaTech,136.86,76.88,S0192
P007754,Yet Education,Books,Education,GlobalMart,451.26,367.23,S0084
P007755,Wish Kitchen,Home,Kitchen,NextGen,780.74,537.09,S0049
P007756,Risk Shirts,Clothing,Shirts,PrimeGoods,1250.15,956.26,S0133
P007757,Size Outdoor,Sports,Outdoor,PrimeGoods,314.1,176.14,S0321
P007758,Outside Headphones,Electronics,Headphones,NextGen,1235.54,723.6,S0252
P007759,Program Comics,Books,Comics,NextGen,234.83,136.65,S0166
P007760,Professional Shoes,Clothing,Shoes,UrbanEdge,71.93,49.15,S0093
P007761,Pattern Headphones,Electronics,Headphones,Apex,628.64,359.82,S0112
P007762,Popular Comics,Books,Comics,Apex,892.41,550.95,S0483
P007763,Pick Tablet,Electronics,Tablet,Apex,986.81,812.87,S0459
P007764,Project Jackets,Clothing,Jackets,Vertex,337.83,254.12,S0314
P007765,College Shirts,Clothing,Shirts,Vertex,1039.69,699.07,S0397
P007766,Catch Fitness,Sports,Fitness,PrimeGoods,866.59,491.98,S0219
P007767,Network Trousers,Clothing,Trousers,GlobalMart,1311.25,957.16,S0065
P007768,Test Technology,Books,Technology,UrbanEdge,1618.4,941.36,S0269
P007769,He Fiction,Books,Fiction,NovaTech,1723.07,993.78,S0396
P007770,South Monitor,Electronics,Monitor,NextGen,311.9,249.18,S0323
P007771,Old Trousers,Clothing,Trousers,NovaTech,311.44,268.99,S0344
P007772,Us Trousers,Clothing,Trousers,PrimeGoods,1194.92,765.89,S0019
P007773,Involve Laptop,Electronics,Laptop,Apex,1062.01,593.83,S0433
P007774,Future Furniture,Home,Furniture,Vertex,568.32,319.32,S0410
P007775,Food Furniture,Home,Furniture,UrbanEdge,128.04,104.08,S0237
P007776,Culture Running,Sports,Running,EverBuy,163.62,106.56,S0209
P007777,Ever Tablet,Electronics,Tablet,NovaTech,1508.08,980.86,S0105
P007778,Go Shirts,Clothing,Shirts,GlobalMart,1278.55,827.05,S0337
P007779,Campaign Monitor,Electronics,Monitor,Apex,41.67,34.11,S0103
P007780,Individual Trousers,Clothing,Trousers,PrimeGoods,407.49,255.78,S0380
P007781,Job Smartphone,Electronics,Smartphone,GlobalMart,275.06,194.59,S0450
P007782,Well Decor,Home,Decor,Apex,1131.75,864.81,S0047
P007783,Them Fitness,Sports,Fitness,UrbanEdge,778.4,453.45,S0096
P007784,Maintain Fitness,Sports,Fitness,NextGen,397.08,223.24,S0362
P007785,Source Kitchen,Home,Kitchen,PrimeGoods,657.38,370.03,S0113
P007786,Market Monitor,Electronics,Monitor,EverBuy,933.37,537.53,S0370
P007787,Case Lighting,Home,Lighting,EverBuy,283.36,193.54,S0462
P007788,Member Cricket,Sports,Cricket,UrbanEdge,919.08,777.55,S0069
P007789,Next Laptop,Electronics,Laptop,PrimeGoods,66.9,57.19,S0108
P007790,Idea Headphones,Electronics,Headphones,UrbanEdge,67.41,44.34,S0383
P007791,Reduce Decor,Home,Decor,EverBuy,658.95,425.49,S0452
P007792,Remain Shirts,Clothing,Shirts,Apex,203.01,148.84,S0187
P007793,Ever Kitchen,Home,Kitchen,Apex,594.82,407.45,S0002
P007794,Really Jackets,Clothing,Jackets,PrimeGoods,72.53,56.29,S0453
P007795,Question Shirts,Clothing,Shirts,GlobalMart,1072.08,705.34,S0391
P007796,Too Laptop,Electronics,Laptop,NovaTech,86.61,62.5,S0235
P007797,Dinner Decor,Home,Decor,GlobalMart,1250.26,871.41,S0295
P007798,Each Shirts,Clothing,Shirts,GlobalMart,1007.37,736.96,S0255
P007799,Play Shoes,Clothing,Shoes,EverBuy,1084.91,897.93,S0202
P007800,Hard Fitness,Sports,Fitness,Vertex,1167.81,957.14,S0322
P007801,Relate Kitchen,Home,Kitchen,NextGen,757.13,633.29,S0479
P007802,Since Lighting,Home,Lighting,EverBuy,346.65,241.63,S0462
P007803,Structure Appliances,Home,Appliances,NovaTech,207.2,115.73,S0347
P007804,Certain Tablet,Electronics,Tablet,PrimeGoods,1006.25,572.94,S0337
P007805,Great Running,Sports,Running,GlobalMart,16.7,12.17,S0074
P007806,Decide Kitchen,Home,Kitchen,EverBuy,1228.03,826.85,S0205
P007807,Happy Fiction,Books,Fiction,UrbanEdge,298.85,236.4,S0442
P007808,Behind Cricket,Sports,Cricket,Vertex,1286.95,935.11,S0360
P007809,Miss Business,Books,Business,EverBuy,1444.25,810.98,S0118
P007810,A Monitor,Electronics,Monitor,GlobalMart,181.25,133.45,S0277
P007811,Property Education,Books,Education,EverBuy,1174.42,704.44,S0113
P007812,Newspaper Technology,Books,Technology,Vertex,509.62,301.86,S0030
P007813,Agency Football,Sports,Football,NovaTech,261.41,222.54,S0376
P007814,Discover Appliances,Home,Appliances,Apex,494.86,349.33,S0499
P007815,Chance Lighting,Home,Lighting,EverBuy,1674.19,971.01,S0306
P007816,Himself Decor,Home,Decor,NextGen,299.25,178.63,S0038
P007817,Main Accessories,Clothing,Accessories,UrbanEdge,77.2,57.26,S0407
P007818,Any Fitness,Sports,Fitness,GlobalMart,137.17,111.56,S0283
P007819,Money Tablet,Electronics,Tablet,PrimeGoods,462.91,382.99,S0428
P007820,Enter Trousers,Clothing,Trousers,Vertex,936.98,733.35,S0248
P007821,Trade Business,Books,Business,Apex,156.97,120.04,S0405
P007822,Month Tablet,Electronics,Tablet,Vertex,683.17,549.84,S0327
P007823,Deal Running,Sports,Running,UrbanEdge,109.6,72.37,S0152
P007824,Hair Jackets,Clothing,Jackets,Apex,715.09,517.96,S0343
P007825,They Shoes,Clothing,Shoes,PrimeGoods,101.91,75.31,S0363
P007826,Start Education,Books,Education,NextGen,1088.13,685.2,S0417
P007827,State Lighting,Home,Lighting,NextGen,1474.79,826.36,S0176
P007828,Message Furniture,Home,Furniture,NextGen,1293.64,859.86,S0259
P007829,Place Football,Sports,Football,UrbanEdge,137.35,116.0,S0408
P007830,See Education,Books,Education,Apex,669.18,511.17,S0355
P007831,Throughout Kitchen,Home,Kitchen,GlobalMart,1131.95,933.07,S0433
P007832,Probably Kitchen,Home,Kitchen,UrbanEdge,1019.07,567.31,S0397
P007833,Boy Shirts,Clothing,Shirts,PrimeGoods,691.92,550.24,S0293
P007834,Television Headphones,Electronics,Headphones,UrbanEdge,1184.26,863.89,S0080
P007835,Reality Shoes,Clothing,Shoes,PrimeGoods,1303.71,903.94,S0466
P007836,Resource Fiction,Books,Fiction,PrimeGoods,88.67,61.29,S0497
P007837,Color Accessories,Clothing,Accessories,NovaTech,42.55,27.36,S0361
P007838,Challenge Outdoor,Sports,Outdoor,Vertex,413.6,281.15,S0258
P007839,Cause Appliances,Home,Appliances,UrbanEdge,596.48,332.01,S0159
P007840,Worry Business,Books,Business,NextGen,615.03,479.1,S0378
P007841,Discuss Laptop,Electronics,Laptop,Vertex,932.39,729.79,S0200
P007842,Claim Smartphone,Electronics,Smartphone,Vertex,1358.46,928.39,S0076
P007843,According Technology,Books,Technology,PrimeGoods,744.87,448.06,S0152
P007844,Fear Trousers,Clothing,Trousers,Vertex,1193.89,858.82,S0066
P007845,Minute Laptop,Electronics,Laptop,EverBuy,218.05,124.99,S0024
P007846,Person Smartphone,Electronics,Smartphone,Vertex,1159.18,774.48,S0366
P007847,Work Headphones,Electronics,Headphones,GlobalMart,257.15,170.4,S0333
P007848,Off Education,Books,Education,Vertex,1041.52,708.19,S0496
P007849,Wish Fiction,Books,Fiction,GlobalMart,1038.95,769.18,S0026
P007850,Prove Running,Sports,Running,NovaTech,441.26,366.47,S0402
P007851,They Outdoor,Sports,Outdoor,EverBuy,133.88,85.35,S0151
P007852,Eye Appliances,Home,Appliances,NovaTech,1198.29,994.79,S0067
P007853,Line Shirts,Clothing,Shirts,NextGen,599.36,358.57,S0368
P007854,Increase Smartphone,Electronics,Smartphone,GlobalMart,1203.04,718.86,S0339
P007855,Current Shoes,Clothing,Shoes,NovaTech,801.01,629.59,S0099
P007856,However Laptop,Electronics,Laptop,UrbanEdge,1623.99,932.96,S0449
P007857,Focus Laptop,Electronics,Laptop,NextGen,259.14,191.8,S0172
P007858,Color Trousers,Clothing,Trousers,PrimeGoods,899.64,634.96,S0204
P007859,However Shirts,Clothing,Shirts,NextGen,925.02,543.1,S0075
P007860,Figure Shoes,Clothing,Shoes,NovaTech,63.71,39.33,S0291
P007861,Onto Appliances,Home,Appliances,NovaTech,1210.99,718.66,S0322
P007862,Doctor Tablet,Electronics,Tablet,Vertex,324.08,244.0,S0094
P007863,Church Running,Sports,Running,NextGen,126.49,99.74,S0499
P007864,Always Comics,Books,Comics,Apex,73.25,58.3,S0314
P007865,Dinner Trousers,Clothing,Trousers,Apex,374.52,289.1,S0052
P007866,Exactly Furniture,Home,Furniture,Apex,489.07,363.14,S0424
P007867,Save Accessories,Clothing,Accessories,EverBuy,1253.6,889.46,S0173
P007868,Next Technology,Books,Technology,GlobalMart,603.76,455.69,S0343
P007869,Series Shirts,Clothing,Shirts,Vertex,1203.46,816.88,S0266
P007870,Someone Running,Sports,Running,UrbanEdge,739.02,424.02,S0103
P007871,Place Football,Sports,Football,Apex,611.9,528.09,S0349
P007872,High Headphones,Electronics,Headphones,PrimeGoods,658.7,454.08,S0205
P007873,Word Comics,Books,Comics,PrimeGoods,113.94,80.48,S0085
P007874,Include Outdoor,Sports,Outdoor,UrbanEdge,570.41,460.09,S0024
P007875,Structure Comics,Books,Comics,Apex,1194.37,720.12,S0127
P007876,Of Kitchen,Home,Kitchen,Vertex,1128.43,635.73,S0066
P007877,Some Outdoor,Sports,Outdoor,Apex,1082.41,850.22,S0154
P007878,Mind Jackets,Clothing,Jackets,NextGen,620.28,473.71,S0330
P007879,Prove Accessories,Clothing,Accessories,EverBuy,662.82,522.06,S0351
P007880,Idea Business,Books,Business,PrimeGoods,813.87,562.46,S0038
P007881,Machine Shoes,Clothing,Shoes,Vertex,863.01,636.72,S0186
P007882,I Accessories,Clothing,Accessories,PrimeGoods,173.09,112.04,S0054
P007883,Dog Shirts,Clothing,Shirts,GlobalMart,91.8,68.33,S0327
P007884,Key Monitor,Electronics,Monitor,PrimeGoods,16.66,11.14,S0059
P007885,Return Comics,Books,Comics,EverBuy,470.64,401.55,S0085
P007886,Fish Technology,Books,Technology,Vertex,173.17,121.85,S0003
P007887,Sense Laptop,Electronics,Laptop,EverBuy,763.5,497.83,S0394
P007888,Ten Cricket,Sports,Cricket,UrbanEdge,1428.91,810.11,S0325
P007889,Direction Kitchen,Home,Kitchen,GlobalMart,180.4,156.26,S0500
P007890,Hit Laptop,Electronics,Laptop,GlobalMart,871.94,736.86,S0105
P007891,Pressure Outdoor,Sports,Outdoor,Apex,629.28,442.1,S0231
P007892,Vote Decor,Home,Decor,PrimeGoods,133.67,86.23,S0421
P007893,Seat Shirts,Clothing,Shirts,Vertex,672.2,507.39,S0095
P007894,Rate Shoes,Clothing,Shoes,Vertex,1255.09,760.99,S0417
P007895,Whom Business,Books,Business,GlobalMart,581.19,375.11,S0065
P007896,Watch Laptop,Electronics,Laptop,GlobalMart,910.2,574.52,S0358
P007897,However Headphones,Electronics,Headphones,Apex,388.33,289.63,S0146
P007898,Very Education,Books,Education,NextGen,152.83,109.5,S0212
P007899,Scene Fitness,Sports,Fitness,NextGen,305.26,203.3,S0034
P007900,Degree Running,Sports,Running,Vertex,1192.16,867.06,S0064
P007901,Argue Shoes,Clothing,Shoes,NextGen,47.58,28.5,S0407
P007902,Build Lighting,Home,Lighting,Vertex,305.24,199.46,S0122
P007903,Technology Appliances,Home,Appliances,PrimeGoods,430.1,336.8,S0381
P007904,Ready Education,Books,Education,NovaTech,725.55,564.45,S0222
P007905,Catch Lighting,Home,Lighting,UrbanEdge,1080.96,653.2,S0251
P007906,Live Education,Books,Education,EverBuy,835.11,476.1,S0096
P007907,Reduce Decor,Home,Decor,EverBuy,260.15,197.65,S0479
P007908,Top Trousers,Clothing,Trousers,Vertex,1214.3,819.72,S0135
P007909,Court Furniture,Home,Furniture,Vertex,123.53,86.66,S0325
P007910,Reflect Accessories,Clothing,Accessories,Apex,710.36,542.92,S0109
P007911,Affect Decor,Home,Decor,PrimeGoods,693.74,537.44,S0478
P007912,Someone Monitor,Electronics,Monitor,NextGen,949.38,632.52,S0242
P007913,Recently Furniture,Home,Furniture,GlobalMart,114.04,65.37,S0005
P007914,Seven Business,Books,Business,NextGen,1695.85,969.95,S0041
P007915,Candidate Kitchen,Home,Kitchen,PrimeGoods,1489.47,849.43,S0168
P007916,Reason Decor,Home,Decor,Vertex,166.13,100.46,S0268
P007917,He Headphones,Electronics,Headphones,Apex,1165.24,950.18,S0223
P007918,Red Tablet,Electronics,Tablet,GlobalMart,463.52,291.17,S0176
P007919,Nothing Comics,Books,Comics,NextGen,375.28,239.24,S0042
P007920,Design Fitness,Sports,Fitness,UrbanEdge,198.95,159.99,S0328
P007921,Wait Laptop,Electronics,Laptop,PrimeGoods,67.73,55.64,S0244
P007922,In Kitchen,Home,Kitchen,NextGen,1240.26,887.58,S0400
P007923,International Jackets,Clothing,Jackets,Vertex,726.46,541.19,S0158
P007924,Include Accessories,Clothing,Accessories,Vertex,1092.72,675.21,S0257
P007925,Through Running,Sports,Running,Vertex,159.23,122.3,S0305
P007926,Baby Shirts,Clothing,Shirts,NextGen,1715.07,954.22,S0300
P007927,Rise Jackets,Clothing,Jackets,Vertex,1146.29,929.38,S0306
P007928,Contain Monitor,Electronics,Monitor,Vertex,953.58,646.48,S0073
P007929,Interest Appliances,Home,Appliances,NextGen,525.96,320.65,S0336
P007930,Stock Appliances,Home,Appliances,NextGen,961.1,676.55,S0226
P007931,Make Appliances,Home,Appliances,NovaTech,321.15,217.06,S0185
P007932,New Laptop,Electronics,Laptop,NovaTech,560.21,475.96,S0055
P007933,Suffer Smartphone,Electronics,Smartphone,GlobalMart,1623.3,908.77,S0034
P007934,Choice Tablet,Electronics,Tablet,UrbanEdge,18.23,13.25,S0426
P007935,Rock Jackets,Clothing,Jackets,NextGen,667.78,413.87,S0416
P007936,Recently Business,Books,Business,Apex,775.15,621.31,S0255
P007937,Look Lighting,Home,Lighting,UrbanEdge,786.75,546.97,S0152
P007938,Per Shirts,Clothing,Shirts,NextGen,34.91,20.97,S0300
P007939,Character Decor,Home,Decor,Apex,254.36,152.39,S0308
P007940,Chance Smartphone,Electronics,Smartphone,NextGen,300.12,175.55,S0415
P007941,Support Tablet,Electronics,Tablet,UrbanEdge,841.95,519.04,S0024
P007942,Beyond Shoes,Clothing,Shoes,Vertex,1310.21,933.22,S0409
P007943,School Outdoor,Sports,Outdoor,Vertex,1445.2,952.63,S0109
P007944,Whom Decor,Home,Decor,NextGen,780.81,671.07,S0174
P007945,Movie Technology,Books,Technology,PrimeGoods,421.33,313.04,S0332
P007946,Magazine Education,Books,Education,GlobalMart,1059.45,653.15,S0236
P007947,Civil Jackets,Clothing,Jackets,PrimeGoods,1027.37,778.5,S0221
P007948,Center Decor,Home,Decor,NovaTech,1380.94,794.21,S0328
P007949,Blood Business,Books,Business,GlobalMart,508.97,294.26,S0305
P007950,Little Fiction,Books,Fiction,PrimeGoods,375.94,227.65,S0444
P007951,Also Cricket,Sports,Cricket,PrimeGoods,44.08,27.28,S0433
P007952,Positive Cricket,Sports,Cricket,Apex,93.09,60.07,S0470
P007953,Chair Business,Books,Business,NextGen,471.79,402.46,S0195
P007954,Manager Headphones,Electronics,Headphones,GlobalMart,561.16,366.65,S0412
P007955,If Jackets,Clothing,Jackets,Vertex,1114.07,861.43,S0390
P007956,Deal Laptop,Electronics,Laptop,GlobalMart,278.12,185.41,S0332
P007957,Read Smartphone,Electronics,Smartphone,UrbanEdge,968.93,802.04,S0025
P007958,Future Kitchen,Home,Kitchen,Apex,519.53,374.02,S0307
P007959,City Accessories,Clothing,Accessories,PrimeGoods,962.46,742.05,S0001
P007960,Design Appliances,Home,Appliances,NextGen,903.62,586.78,S0322
P007961,Ago Headphones,Electronics,Headphones,Vertex,400.35,330.72,S0304
P007962,Image Running,Sports,Running,EverBuy,1301.89,958.94,S0005
P007963,Along Kitchen,Home,Kitchen,EverBuy,475.25,384.15,S0250
P007964,Somebody Running,Sports,Running,PrimeGoods,407.04,291.55,S0237
P007965,Manage Cricket,Sports,Cricket,Apex,964.57,673.03,S0279
P007966,Really Tablet,Electronics,Tablet,GlobalMart,1282.09,999.8,S0492
P007967,She Trousers,Clothing,Trousers,NovaTech,1244.72,948.93,S0166
P007968,Else Fiction,Books,Fiction,Apex,677.71,533.95,S0174
P007969,Ten Cricket,Sports,Cricket,UrbanEdge,537.84,430.94,S0291
P007970,Another Decor,Home,Decor,PrimeGoods,548.88,476.47,S0061
P007971,Order Tablet,Electronics,Tablet,PrimeGoods,1276.43,849.81,S0396
P007972,Fly Cricket,Sports,Cricket,PrimeGoods,1371.74,822.39,S0147
P007973,Amount Comics,Books,Comics,GlobalMart,721.59,465.97,S0376
P007974,Send Shoes,Clothing,Shoes,PrimeGoods,1049.17,627.74,S0458
P007975,Can Education,Books,Education,GlobalMart,1527.44,910.99,S0269
P007976,Author Kitchen,Home,Kitchen,EverBuy,1197.14,978.53,S0047
P007977,He Smartphone,Electronics,Smartphone,Vertex,788.03,589.42,S0314
P007978,Would Decor,Home,Decor,Vertex,1311.4,989.35,S0148
P007979,Become Cricket,Sports,Cricket,Vertex,241.01,172.26,S0176
P007980,Sound Running,Sports,Running,Apex,292.82,175.91,S0178
P007981,Soldier Fitness,Sports,Fitness,EverBuy,283.72,168.72,S0283
P007982,Section Shoes,Clothing,Shoes,NovaTech,283.75,229.87,S0448
P007983,Past Trousers,Clothing,Trousers,NovaTech,26.74,16.77,S0279
P007984,We Laptop,Electronics,Laptop,GlobalMart,336.4,236.68,S0126
P007985,Decide Outdoor,Sports,Outdoor,Vertex,1175.27,853.66,S0193
P007986,Decide Jackets,Clothing,Jackets,NovaTech,873.17,749.26,S0290
P007987,Bag Lighting,Home,Lighting,PrimeGoods,1131.92,661.37,S0299
P007988,Official Running,Sports,Running,UrbanEdge,39.51,26.57,S0291
P007989,Interesting Appliances,Home,Appliances,EverBuy,869.63,554.85,S0003
P007990,Ten Education,Books,Education,GlobalMart,355.66,245.54,S0411
P007991,Few Fitness,Sports,Fitness,NextGen,581.97,340.98,S0302
P007992,Author Running,Sports,Running,GlobalMart,1083.05,713.82,S0492
P007993,I Shoes,Clothing,Shoes,Apex,1010.75,623.94,S0288
P007994,Gas Comics,Books,Comics,NovaTech,1079.92,811.65,S0038
P007995,Security Shoes,Clothing,Shoes,PrimeGoods,742.91,441.21,S0433
P007996,Minute Monitor,Electronics,Monitor,PrimeGoods,546.52,351.07,S0432
P007997,Process Headphones,Electronics,Headphones,GlobalMart,454.76,272.29,S0242
P007998,Range Cricket,Sports,Cricket,Vertex,894.62,723.6,S0223
P007999,Remember Headphones,Electronics,Headphones,PrimeGoods,1007.21,598.82,S0104
P008000,Three Shirts,Clothing,Shirts,Apex,404.03,263.4,S0228
P008001,Window Jackets,Clothing,Jackets,NextGen,179.93,153.1,S0130
P008002,Former Running,Sports,Running,GlobalMart,1007.15,711.8,S0062
P008003,Design Technology,Books,Technology,Vertex,407.59,260.79,S0195
P008004,Art Laptop,Electronics,Laptop,NovaTech,1331.74,829.62,S0345
P008005,War Comics,Books,Comics,NextGen,1157.52,908.96,S0010
P008006,Forget Tablet,Electronics,Tablet,UrbanEdge,916.59,668.36,S0398
P008007,Street Education,Books,Education,Vertex,340.19,281.88,S0070
P008008,Forward Fiction,Books,Fiction,EverBuy,252.47,142.65,S0356
P008009,War Cricket,Sports,Cricket,PrimeGoods,786.85,478.7,S0495
P008010,Film Shoes,Clothing,Shoes,EverBuy,264.45,151.09,S0404
P008011,One Tablet,Electronics,Tablet,NextGen,75.04,48.0,S0307
P008012,After Shoes,Clothing,Shoes,NextGen,1528.13,983.05,S0335
P008013,Market Education,Books,Education,GlobalMart,863.98,484.88,S0433
P008014,Necessary Shoes,Clothing,Shoes,Vertex,254.09,153.94,S0376
P008015,Speak Decor,Home,Decor,Apex,21.51,15.8,S0017
P008016,Guy Comics,Books,Comics,GlobalMart,850.04,551.34,S0306
P008017,Stage Kitchen,Home,Kitchen,UrbanEdge,628.17,448.1,S0207
P008018,Wind Fitness,Sports,Fitness,PrimeGoods,595.59,410.34,S0047
P008019,See Outdoor,Sports,Outdoor,GlobalMart,198.52,113.14,S0425
P008020,Sport Furniture,Home,Furniture,EverBuy,265.57,154.43,S0082
P008021,Camera Jackets,Clothing,Jackets,NovaTech,742.93,445.59,S0016
P008022,Help Running,Sports,Running,GlobalMart,198.17,171.92,S0364
P008023,Interesting Cricket,Sports,Cricket,PrimeGoods,1266.36,907.11,S0067
P008024,Owner Appliances,Home,Appliances,NextGen,244.99,140.15,S0029
P008025,Century Monitor,Electronics,Monitor,Apex,1219.59,967.86,S0110
P008026,Democrat Decor,Home,Decor,EverBuy,1321.94,789.75,S0131
P008027,Couple Business,Books,Business,PrimeGoods,557.88,393.0,S0445
P008028,Election Education,Books,Education,EverBuy,535.99,341.44,S0354
P008029,Word Technology,Books,Technology,Apex,1192.98,805.87,S0420
P008030,Reveal Headphones,Electronics,Headphones,NovaTech,471.13,402.27,S0380
P008031,Finish Headphones,Electronics,Headphones,EverBuy,662.52,383.32,S0178
P008032,Stage Monitor,Electronics,Monitor,GlobalMart,1065.63,883.95,S0233
P008033,Heart Trousers,Clothing,Trousers,NovaTech,414.36,352.74,S0287
P008034,Whole Shirts,Clothing,Shirts,Apex,267.23,152.29,S0213
P008035,The Trousers,Clothing,Trousers,NovaTech,599.7,433.84,S0189
P008036,Economy Appliances,Home,Appliances,NextGen,860.41,594.43,S0151
P008037,Right Business,Books,Business,EverBuy,1402.49,956.91,S0131
P008038,Gas Outdoor,Sports,Outdoor,Vertex,1062.28,907.37,S0100
P008039,Popular Cricket,Sports,Cricket,NovaTech,461.89,314.7,S0084
P008040,Effect Outdoor,Sports,Outdoor,UrbanEdge,1046.62,651.03,S0270
P008041,Outside Fitness,Sports,Fitness,NextGen,504.32,337.96,S0277
P008042,Off Furniture,Home,Furniture,Apex,834.36,511.51,S0314
P008043,Hour Tablet,Electronics,Tablet,NovaTech,437.46,276.22,S0177
P008044,Market Football,Sports,Football,PrimeGoods,1409.51,933.68,S0472
P008045,Very Smartphone,Electronics,Smartphone,EverBuy,110.76,88.83,S0314
P008046,Customer Fitness,Sports,Fitness,EverBuy,885.4,565.27,S0359
P008047,Himself Cricket,Sports,Cricket,Vertex,179.76,152.83,S0082
P008048,Cold Comics,Books,Comics,GlobalMart,466.65,326.54,S0303
P008049,Enjoy Headphones,Electronics,Headphones,UrbanEdge,495.19,383.89,S0216
P008050,Theory Decor,Home,Decor,GlobalMart,278.71,196.96,S0195
P008051,Ready Outdoor,Sports,Outdoor,NextGen,138.14,96.85,S0327
P008052,Cultural Lighting,Home,Lighting,PrimeGoods,649.87,371.34,S0335
P008053,Though Accessories,Clothing,Accessories,NovaTech,522.52,376.52,S0300
P008054,Bank Business,Books,Business,UrbanEdge,1378.47,971.03,S0163
P008055,Dinner Accessories,Clothing,Accessories,Vertex,670.01,480.65,S0125
P008056,Task Lighting,Home,Lighting,GlobalMart,1216.62,983.17,S0008
P008057,Western Business,Books,Business,EverBuy,845.53,698.51,S0042
P008058,That Outdoor,Sports,Outdoor,EverBuy,1184.24,716.58,S0405
P008059,Receive Football,Sports,Football,EverBuy,1121.71,633.37,S0472
P008060,Rest Kitchen,Home,Kitchen,GlobalMart,856.38,676.38,S0122
P008061,Manager Education,Books,Education,PrimeGoods,1635.04,967.29,S0152
P008062,Body Education,Books,Education,PrimeGoods,350.66,300.56,S0108
P008063,Same Cricket,Sports,Cricket,Apex,592.67,330.97,S0349
P008064,Fast Tablet,Electronics,Tablet,NextGen,117.31,69.6,S0410
P008065,Travel Running,Sports,Running,Apex,1040.17,591.6,S0328
P008066,Area Monitor,Electronics,Monitor,NovaTech,637.34,541.94,S0201
P008067,Reason Headphones,Electronics,Headphones,NextGen,1455.96,843.53,S0342
P008068,Impact Outdoor,Sports,Outdoor,PrimeGoods,865.58,664.32,S0030
P008069,Respond Outdoor,Sports,Outdoor,NextGen,1137.23,843.1,S0432
P008070,Today Football,Sports,Football,PrimeGoods,1066.53,610.28,S0312
P008071,Reflect Running,Sports,Running,UrbanEdge,881.32,539.88,S0018
P008072,Available Technology,Books,Technology,GlobalMart,690.47,425.55,S0104
P008073,Must Football,Sports,Football,UrbanEdge,1465.23,884.47,S0333
P008074,Action Running,Sports,Running,GlobalMart,297.98,201.15,S0436
P008075,Article Tablet,Electronics,Tablet,NextGen,855.54,645.36,S0204
P008076,Audience Kitchen,Home,Kitchen,PrimeGoods,1248.57,766.76,S0059
P008077,Six Lighting,Home,Lighting,PrimeGoods,371.95,250.52,S0128
P008078,Black Running,Sports,Running,UrbanEdge,437.09,312.38,S0054
P008079,Security Monitor,Electronics,Monitor,EverBuy,1622.23,979.17,S0489
P008080,Later Cricket,Sports,Cricket,GlobalMart,1153.57,713.33,S0066
P008081,Wind Lighting,Home,Lighting,NextGen,624.44,347.59,S0118
P008082,Enter Business,Books,Business,UrbanEdge,525.3,298.77,S0412
P008083,Senior Football,Sports,Football,UrbanEdge,902.7,568.87,S0493
P008084,Able Shoes,Clothing,Shoes,Vertex,748.91,561.62,S0336
P008085,Success Jackets,Clothing,Jackets,NextGen,1236.4,758.98,S0099
P008086,Sea Shirts,Clothing,Shirts,PrimeGoods,1043.02,595.26,S0091
P008087,Quite Fitness,Sports,Fitness,PrimeGoods,1025.09,705.15,S0123
P008088,Good Education,Books,Education,Vertex,281.54,178.75,S0278
P008089,Part Technology,Books,Technology,Vertex,515.16,421.13,S0365
P008090,Pressure Fiction,Books,Fiction,PrimeGoods,1087.79,679.78,S0439
P008091,Economy Laptop,Electronics,Laptop,GlobalMart,155.24,88.03,S0279
P008092,Site Football,Sports,Football,Vertex,124.09,106.63,S0246
P008093,Know Outdoor,Sports,Outdoor,NextGen,117.92,82.54,S0303
P008094,Serious Running,Sports,Running,EverBuy,1439.12,850.02,S0425
P008095,Threat Kitchen,Home,Kitchen,NovaTech,1146.44,735.26,S0092
P008096,Likely Fitness,Sports,Fitness,NovaTech,755.68,522.35,S0442
P008097,Free Lighting,Home,Lighting,UrbanEdge,207.68,132.06,S0352
P008098,Meet Business,Books,Business,EverBuy,1298.49,994.64,S0182
P008099,Public Furniture,Home,Furniture,EverBuy,448.32,261.92,S0320
P008100,Hear Business,Books,Business,PrimeGoods,993.42,717.63,S0173
P008101,Until Education,Books,Education,Vertex,168.28,102.04,S0071
P008102,Employee Running,Sports,Running,NextGen,1157.76,698.32,S0312
P008103,Second Shirts,Clothing,Shirts,EverBuy,745.41,496.4,S0218
P008104,Mrs Technology,Books,Technology,NextGen,54.79,38.11,S0386
P008105,Today Furniture,Home,Furniture,EverBuy,719.9,593.05,S0425
P008106,Home Cricket,Sports,Cricket,Vertex,160.6,114.54,S0078
P008107,Foot Kitchen,Home,Kitchen,EverBuy,44.47,26.28,S0264
P008108,Safe Monitor,Electronics,Monitor,GlobalMart,183.89,105.52,S0222
P008109,Physical Running,Sports,Running,UrbanEdge,33.22,28.39,S0028
P008110,Someone Appliances,Home,Appliances,NextGen,1127.12,963.39,S0173
P008111,Spring Education,Books,Education,Apex,67.84,44.27,S0256
P008112,Between Furniture,Home,Furniture,NovaTech,1174.64,792.0,S0488
P008113,Student Cricket,Sports,Cricket,PrimeGoods,640.57,371.35,S0014
P008114,Remain Comics,Books,Comics,NextGen,1192.07,917.17,S0179
P008115,Serve Comics,Books,Comics,GlobalMart,51.11,33.71,S0281
P008116,Budget Football,Sports,Football,NovaTech,703.62,441.59,S0366
P008117,Sell Tablet,Electronics,Tablet,NextGen,824.14,700.97,S0017
P008118,Enjoy Shirts,Clothing,Shirts,NovaTech,338.49,258.24,S0131
P008119,Brother Headphones,Electronics,Headphones,GlobalMart,36.82,22.53,S0102
P008120,Accept Furniture,Home,Furniture,NextGen,1336.84,818.56,S0067
P008121,Chair Furniture,Home,Furniture,NextGen,714.41,424.61,S0041
P008122,Mind Trousers,Clothing,Trousers,NovaTech,1203.82,726.34,S0452
P008123,Cut Shoes,Clothing,Shoes,GlobalMart,106.41,62.76,S0265
P008124,Wait Kitchen,Home,Kitchen,PrimeGoods,799.35,489.45,S0088
P008125,Coach Shoes,Clothing,Shoes,EverBuy,349.42,259.19,S0051
P008126,Whole Kitchen,Home,Kitchen,Apex,885.72,599.6,S0014
P008127,Agency Tablet,Electronics,Tablet,EverBuy,1308.58,847.67,S0098
P008128,Avoid Business,Books,Business,Apex,1098.88,886.08,S0443
P008129,She Appliances,Home,Appliances,PrimeGoods,630.35,523.8,S0163
P008130,Particular Outdoor,Sports,Outdoor,Vertex,1284.94,743.51,S0151
P008131,Life Smartphone,Electronics,Smartphone,NextGen,718.09,437.1,S0089
P008132,Talk Lighting,Home,Lighting,Apex,1019.11,672.83,S0370
P008133,Sense Lighting,Home,Lighting,NextGen,182.25,143.44,S0007
P008134,Ok Business,Books,Business,GlobalMart,1443.24,823.63,S0112
P008135,Central Fiction,Books,Fiction,EverBuy,1213.06,894.37,S0405
P008136,Cut Running,Sports,Running,NovaTech,1042.46,726.45,S0168
P008137,Go Technology,Books,Technology,UrbanEdge,206.19,145.44,S0366
P008138,Base Furniture,Home,Furniture,UrbanEdge,1375.61,853.48,S0121
P008139,Enjoy Running,Sports,Running,Vertex,496.07,347.95,S0124
P008140,Middle Football,Sports,Football,PrimeGoods,404.37,273.04,S0396
P008141,Effort Monitor,Electronics,Monitor,UrbanEdge,449.44,294.4,S0260
P008142,Million Running,Sports,Running,EverBuy,1086.35,663.58,S0037
P008143,Me Fiction,Books,Fiction,GlobalMart,414.95,337.16,S0399
P008144,One Furniture,Home,Furniture,Apex,250.86,211.04,S0367
P008145,Require Fitness,Sports,Fitness,NextGen,888.61,609.22,S0440
P008146,Expect Accessories,Clothing,Accessories,Apex,465.25,336.31,S0069
P008147,Author Furniture,Home,Furniture,UrbanEdge,631.93,511.79,S0203
P008148,Production Shoes,Clothing,Shoes,UrbanEdge,1423.66,953.02,S0326
P008149,Hand Fitness,Sports,Fitness,NovaTech,95.18,55.8,S0184
P008150,Explain Monitor,Electronics,Monitor,EverBuy,1293.17,988.08,S0362
P008151,Him Outdoor,Sports,Outdoor,Apex,592.48,498.1,S0406
P008152,Involve Shirts,Clothing,Shirts,GlobalMart,338.49,207.22,S0372
P008153,Recently Education,Books,Education,NovaTech,747.66,464.91,S0332
P008154,End Football,Sports,Football,EverBuy,654.94,431.45,S0079
P008155,Administration Trousers,Clothing,Trousers,Apex,762.85,429.04,S0311
P008156,Important Technology,Books,Technology,Apex,385.62,235.91,S0256
P008157,As Smartphone,Electronics,Smartphone,Apex,311.26,268.48,S0342
P008158,Firm Shoes,Clothing,Shoes,GlobalMart,576.95,474.56,S0152
P008159,Little Cricket,Sports,Cricket,EverBuy,382.94,283.68,S0372
P008160,Mean Appliances,Home,Appliances,EverBuy,65.22,38.12,S0110
P008161,Machine Education,Books,Education,NextGen,717.89,506.71,S0418
P008162,His Shirts,Clothing,Shirts,PrimeGoods,95.11,66.01,S0104
P008163,Hot Shirts,Clothing,Shirts,UrbanEdge,1308.74,770.35,S0277
P008164,Personal Accessories,Clothing,Accessories,Apex,683.85,532.62,S0206
P008165,Simple Appliances,Home,Appliances,GlobalMart,561.37,332.54,S0126
P008166,Attorney Headphones,Electronics,Headphones,Apex,117.97,84.36,S0005
P008167,Institution Furniture,Home,Furniture,NovaTech,716.56,473.06,S0452
P008168,Analysis Education,Books,Education,UrbanEdge,636.2,378.53,S0337
P008169,Through Furniture,Home,Furniture,NextGen,1224.44,850.01,S0104
P008170,Popular Smartphone,Electronics,Smartphone,Vertex,1180.52,933.65,S0098
P008171,Single Monitor,Electronics,Monitor,NextGen,336.61,201.19,S0247
P008172,Half Fiction,Books,Fiction,Vertex,980.3,627.17,S0274
P008173,American Cricket,Sports,Cricket,NextGen,60.19,44.37,S0003
P008174,Sea Accessories,Clothing,Accessories,NovaTech,700.73,410.05,S0236
P008175,Goal Education,Books,Education,NextGen,841.57,670.31,S0128
P008176,Into Lighting,Home,Lighting,NextGen,578.1,474.03,S0423
P008177,Owner Lighting,Home,Lighting,Vertex,565.32,356.13,S0383
P008178,Maintain Jackets,Clothing,Jackets,UrbanEdge,835.36,657.33,S0005
P008179,Personal Furniture,Home,Furniture,GlobalMart,652.31,375.4,S0459
P008180,Second Running,Sports,Running,Apex,967.15,557.44,S0493
P008181,Both Running,Sports,Running,NovaTech,928.65,719.1,S0152
P008182,Cold Laptop,Electronics,Laptop,Apex,940.94,695.05,S0296
P008183,All Decor,Home,Decor,EverBuy,1455.45,970.57,S0057
P008184,Knowledge Shirts,Clothing,Shirts,NextGen,972.04,649.83,S0384
P008185,Conference Comics,Books,Comics,PrimeGoods,77.43,53.3,S0439
P008186,Billion Shirts,Clothing,Shirts,Vertex,931.2,804.71,S0209
P008187,Each Running,Sports,Running,EverBuy,710.47,451.55,S0018
P008188,Capital Monitor,Electronics,Monitor,NovaTech,599.1,372.33,S0415
P008189,Market Jackets,Clothing,Jackets,GlobalMart,1643.61,929.71,S0145
P008190,From Shirts,Clothing,Shirts,NextGen,1487.44,977.9,S0378
P008191,Kitchen Cricket,Sports,Cricket,NextGen,798.78,575.1,S0302
P008192,Around Fitness,Sports,Fitness,EverBuy,1387.16,936.18,S0181
P008193,So Appliances,Home,Appliances,EverBuy,125.7,99.67,S0265
P008194,Grow Shirts,Clothing,Shirts,NovaTech,1115.65,762.52,S0434
P008195,Cut Decor,Home,Decor,NovaTech,549.51,399.92,S0430
P008196,Walk Fiction,Books,Fiction,PrimeGoods,349.29,222.5,S0169
P008197,Pay Jackets,Clothing,Jackets,UrbanEdge,828.59,590.96,S0113
P008198,Lead Furniture,Home,Furniture,Vertex,48.45,31.72,S0338
P008199,Center Accessories,Clothing,Accessories,EverBuy,392.19,225.75,S0271
P008200,Dog Fiction,Books,Fiction,Apex,761.74,553.74,S0284
P008201,This Technology,Books,Technology,Vertex,107.78,80.25,S0436
P008202,Night Outdoor,Sports,Outdoor,EverBuy,1347.58,905.16,S0264
P008203,Group Education,Books,Education,GlobalMart,379.38,228.21,S0179
P008204,Support Outdoor,Sports,Outdoor,PrimeGoods,1406.64,786.31,S0411
P008205,Throw Decor,Home,Decor,PrimeGoods,644.53,434.11,S0341
P008206,Put Technology,Books,Technology,NovaTech,1025.49,694.47,S0479
P008207,Art Jackets,Clothing,Jackets,EverBuy,49.28,29.92,S0267
P008208,Economy Decor,Home,Decor,Vertex,779.18,602.01,S0462
P008209,Leave Trousers,Clothing,Trousers,NovaTech,143.22,95.75,S0344
P008210,Interesting Shoes,Clothing,Shoes,EverBuy,107.06,71.0,S0105
P008211,Too Running,Sports,Running,NovaTech,1250.67,945.87,S0096
P008212,If Furniture,Home,Furniture,Vertex,442.89,256.53,S0342
P008213,Member Fiction,Books,Fiction,GlobalMart,560.67,340.25,S0019
P008214,Run Shirts,Clothing,Shirts,GlobalMart,527.46,354.14,S0178
P008215,Interesting Tablet,Electronics,Tablet,UrbanEdge,585.94,356.51,S0002
P008216,Go Headphones,Electronics,Headphones,Vertex,728.62,479.14,S0239
P008217,Industry Comics,Books,Comics,NextGen,964.3,735.41,S0486
P008218,Perhaps Smartphone,Electronics,Smartphone,NextGen,1026.87,579.21,S0475
P008219,Pull Outdoor,Sports,Outdoor,NovaTech,1654.58,940.52,S0211
P008220,Approach Jackets,Clothing,Jackets,UrbanEdge,420.71,297.95,S0491
P008221,Information Comics,Books,Comics,PrimeGoods,244.84,210.61,S0406
P008222,Morning Outdoor,Sports,Outdoor,NextGen,343.65,199.56,S0376
P008223,This Smartphone,Electronics,Smartphone,Apex,193.62,153.67,S0184
P008224,Recent Running,Sports,Running,NovaTech,991.18,684.51,S0215
P008225,Stay Football,Sports,Football,UrbanEdge,401.78,305.32,S0037
P008226,Production Fitness,Sports,Fitness,Apex,982.87,674.06,S0313
P008227,Ball Business,Books,Business,NextGen,228.2,184.06,S0011
P008228,Open Accessories,Clothing,Accessories,PrimeGoods,1597.46,949.77,S0461
P008229,Radio Outdoor,Sports,Outdoor,Apex,807.75,457.64,S0126
P008230,Bed Smartphone,Electronics,Smartphone,Apex,1156.18,679.06,S0480
P008231,Program Shirts,Clothing,Shirts,EverBuy,752.69,418.7,S0147
P008232,Physical Jackets,Clothing,Jackets,PrimeGoods,714.12,548.24,S0324
P008233,Less Laptop,Electronics,Laptop,EverBuy,126.68,79.09,S0177
P008234,Pm Fitness,Sports,Fitness,UrbanEdge,278.69,221.19,S0268
P008235,Event Appliances,Home,Appliances,UrbanEdge,1419.53,984.68,S0346
P008236,Large Shirts,Clothing,Shirts,PrimeGoods,383.86,260.7,S0436
P008237,It Shirts,Clothing,Shirts,NextGen,55.43,40.11,S0469
P008238,Although Business,Books,Business,NextGen,1664.58,963.12,S0135
P008239,Short Decor,Home,Decor,Vertex,776.07,522.63,S0146
P008240,One Appliances,Home,Appliances,EverBuy,120.3,77.93,S0012
P008241,Amount Appliances,Home,Appliances,NextGen,710.33,602.41,S0070
P008242,Financial Cricket,Sports,Cricket,EverBuy,868.49,668.93,S0259
P008243,Finally Kitchen,Home,Kitchen,UrbanEdge,1600.13,909.73,S0420
P008244,Itself Jackets,Clothing,Jackets,NovaTech,186.88,119.18,S0418
P008245,Drive Headphones,Electronics,Headphones,PrimeGoods,35.14,30.39,S0308
P008246,New Laptop,Electronics,Laptop,NextGen,1217.26,789.14,S0273
P008247,Military Comics,Books,Comics,Apex,1109.48,619.14,S0399
P008248,Popular Fitness,Sports,Fitness,Vertex,762.59,630.94,S0032
P008249,Team Shirts,Clothing,Shirts,UrbanEdge,1076.04,703.03,S0137
P008250,Through Education,Books,Education,PrimeGoods,834.24,463.53,S0449
P008251,Approach Technology,Books,Technology,PrimeGoods,1161.08,732.04,S0347
P008252,Upon Running,Sports,Running,GlobalMart,189.87,156.83,S0096
P008253,Green Smartphone,Electronics,Smartphone,EverBuy,464.89,395.54,S0456
P008254,Laugh Accessories,Clothing,Accessories,GlobalMart,997.11,574.49,S0221
P008255,Force Appliances,Home,Appliances,PrimeGoods,830.08,491.49,S0464
P008256,Training Smartphone,Electronics,Smartphone,UrbanEdge,1312.05,855.42,S0201
P008257,Military Running,Sports,Running,EverBuy,1049.46,853.23,S0071
P008258,Various Laptop,Electronics,Laptop,UrbanEdge,1211.09,688.97,S0094
P008259,Hold Kitchen,Home,Kitchen,Vertex,681.84,481.94,S0493
P008260,Interest Accessories,Clothing,Accessories,GlobalMart,48.69,30.89,S0014
P008261,Crime Football,Sports,Football,GlobalMart,171.19,143.96,S0476
P008262,Life Furniture,Home,Furniture,Apex,944.39,540.98,S0021
P008263,And Cricket,Sports,Cricket,NovaTech,495.53,350.54,S0054
P008264,Crime Comics,Books,Comics,EverBuy,343.88,289.51,S0279
P008265,Near Monitor,Electronics,Monitor,EverBuy,360.93,258.75,S0070
P008266,Pull Monitor,Electronics,Monitor,PrimeGoods,952.55,712.7,S0369
P008267,See Jackets,Clothing,Jackets,Vertex,774.78,620.63,S0040
P008268,Mission Comics,Books,Comics,EverBuy,1324.26,979.26,S0014
P008269,Itself Trousers,Clothing,Trousers,PrimeGoods,1317.36,801.0,S0088
P008270,Possible Appliances,Home,Appliances,NextGen,1145.39,685.82,S0339
P008271,Very Business,Books,Business,Vertex,349.2,202.34,S0186
P008272,Collection Tablet,Electronics,Tablet,EverBuy,40.09,31.81,S0037
P008273,Before Lighting,Home,Lighting,Apex,661.78,439.43,S0466
P008274,Very Jackets,Clothing,Jackets,Vertex,1543.37,923.06,S0276
P008275,Dinner Jackets,Clothing,Jackets,GlobalMart,1001.8,800.22,S0202
P008276,Reveal Smartphone,Electronics,Smartphone,NovaTech,326.83,199.66,S0444
P008277,Least Tablet,Electronics,Tablet,Apex,981.59,734.55,S0182
P008278,Institution Trousers,Clothing,Trousers,Apex,1469.78,893.07,S0031
P008279,Address Laptop,Electronics,Laptop,NextGen,596.05,403.25,S0194
P008280,Red Cricket,Sports,Cricket,GlobalMart,97.52,79.8,S0084
P008281,Hand Business,Books,Business,GlobalMart,1134.91,800.13,S0413
P008282,Cover Comics,Books,Comics,Vertex,522.19,331.9,S0339
P008283,Show Fitness,Sports,Fitness,Apex,1203.55,925.03,S0411
P008284,After Kitchen,Home,Kitchen,Vertex,159.51,113.3,S0462
P008285,Government Fitness,Sports,Fitness,PrimeGoods,1480.32,985.46,S0477
P008286,Member Comics,Books,Comics,UrbanEdge,925.8,597.27,S0498
P008287,Form Headphones,Electronics,Headphones,Vertex,837.51,677.28,S0059
P008288,Method Fiction,Books,Fiction,UrbanEdge,159.73,109.18,S0159
P008289,Right Trousers,Clothing,Trousers,NextGen,989.71,804.28,S0498
P008290,Avoid Lighting,Home,Lighting,UrbanEdge,719.58,403.6,S0450
P008291,Response Cricket,Sports,Cricket,EverBuy,1165.92,785.8,S0120
P008292,Fact Fitness,Sports,Fitness,NextGen,816.8,625.63,S0190
P008293,Medical Tablet,Electronics,Tablet,GlobalMart,1376.1,883.9,S0290
P008294,Force Running,Sports,Running,NextGen,301.29,257.3,S0417
P008295,Heart Smartphone,Electronics,Smartphone,EverBuy,1259.55,781.95,S0297
P008296,Head Monitor,Electronics,Monitor,GlobalMart,715.48,589.08,S0094
P008297,State Laptop,Electronics,Laptop,EverBuy,932.18,762.98,S0398
P008298,Practice Smartphone,Electronics,Smartphone,PrimeGoods,1229.3,808.22,S0320
P008299,Among Tablet,Electronics,Tablet,UrbanEdge,674.57,543.08,S0115
P008300,Event Tablet,Electronics,Tablet,NextGen,385.75,250.3,S0335
P008301,Compare Tablet,Electronics,Tablet,NovaTech,806.28,479.68,S0450
P008302,Sometimes Laptop,Electronics,Laptop,GlobalMart,1480.86,878.22,S0066
P008303,Down Appliances,Home,Appliances,NextGen,297.92,237.59,S0225
P008304,Meet Kitchen,Home,Kitchen,EverBuy,218.36,132.0,S0336
P008305,While Running,Sports,Running,EverBuy,56.87,47.53,S0454
P008306,Bank Trousers,Clothing,Trousers,NovaTech,267.07,192.67,S0227
P008307,Do Jackets,Clothing,Jackets,UrbanEdge,113.7,87.57,S0430
P008308,Wear Accessories,Clothing,Accessories,GlobalMart,1440.85,814.01,S0145
P008309,Democrat Appliances,Home,Appliances,Vertex,666.51,508.62,S0304
P008310,General Shoes,Clothing,Shoes,EverBuy,300.5,222.73,S0252
P008311,Return Comics,Books,Comics,PrimeGoods,1533.89,909.52,S0339
P008312,Draw Comics,Books,Comics,NovaTech,55.6,35.26,S0328
P008313,Mission Business,Books,Business,PrimeGoods,952.58,804.93,S0196
P008314,Dark Kitchen,Home,Kitchen,PrimeGoods,241.76,145.87,S0015
P008315,Future Football,Sports,Football,UrbanEdge,1043.91,756.78,S0076
P008316,Claim Outdoor,Sports,Outdoor,Vertex,1075.07,714.83,S0354
P008317,Just Appliances,Home,Appliances,NextGen,1409.07,846.48,S0001
P008318,Test Outdoor,Sports,Outdoor,Vertex,449.84,252.33,S0128
P008319,American Fitness,Sports,Fitness,NovaTech,450.28,340.24,S0128
P008320,Similar Fiction,Books,Fiction,UrbanEdge,151.07,86.58,S0441
P008321,Their Accessories,Clothing,Accessories,NovaTech,55.02,47.44,S0113
P008322,Hard Technology,Books,Technology,NextGen,1114.91,700.81,S0181
P008323,Democrat Furniture,Home,Furniture,Vertex,1251.72,812.7,S0018
P008324,Room Monitor,Electronics,Monitor,UrbanEdge,960.43,652.81,S0166
P008325,Movement Laptop,Electronics,Laptop,NextGen,145.01,87.56,S0054
P008326,Policy Trousers,Clothing,Trousers,GlobalMart,93.22,54.64,S0217
P008327,Her Furniture,Home,Furniture,Apex,1291.41,869.3,S0390
P008328,Focus Fitness,Sports,Fitness,PrimeGoods,77.1,60.86,S0465
P008329,Environment Headphones,Electronics,Headphones,NextGen,1249.53,917.32,S0107
P008330,Establish Appliances,Home,Appliances,Apex,629.13,496.53,S0112
P008331,Accept Lighting,Home,Lighting,UrbanEdge,1314.17,795.94,S0223
P008332,Bring Cricket,Sports,Cricket,PrimeGoods,343.41,296.89,S0369
P008333,Memory Outdoor,Sports,Outdoor,NovaTech,177.29,125.34,S0227
P008334,Simple Laptop,Electronics,Laptop,GlobalMart,402.69,271.51,S0459
P008335,Us Business,Books,Business,Vertex,1181.37,746.78,S0146
P008336,Try Comics,Books,Comics,Apex,867.2,529.29,S0284
P008337,Apply Shoes,Clothing,Shoes,Apex,341.48,254.87,S0285
P008338,Visit Business,Books,Business,EverBuy,63.38,51.58,S0428
P008339,Why Jackets,Clothing,Jackets,NextGen,225.19,175.14,S0309
P008340,Pull Accessories,Clothing,Accessories,NextGen,1465.96,922.87,S0402
P008341,Positive Laptop,Electronics,Laptop,EverBuy,1441.51,931.53,S0054
P008342,Dark Technology,Books,Technology,UrbanEdge,294.95,255.76,S0078
P008343,Voice Decor,Home,Decor,NovaTech,1378.14,853.37,S0121
P008344,Similar Running,Sports,Running,EverBuy,1442.34,801.79,S0167
P008345,Record Outdoor,Sports,Outdoor,Apex,682.72,423.91,S0094
P008346,Rest Shoes,Clothing,Shoes,Apex,1584.0,985.25,S0478
P008347,The Outdoor,Sports,Outdoor,Vertex,862.94,603.85,S0161
P008348,East Shoes,Clothing,Shoes,PrimeGoods,1594.21,940.1,S0457
P008349,Attack Accessories,Clothing,Accessories,PrimeGoods,1302.25,916.6,S0383
P008350,Fish Fiction,Books,Fiction,Apex,606.55,408.05,S0027
P008351,Involve Accessories,Clothing,Accessories,Apex,508.45,344.19,S0010
P008352,Black Trousers,Clothing,Trousers,UrbanEdge,983.91,726.24,S0158
P008353,Theory Comics,Books,Comics,NextGen,777.47,531.23,S0176
P008354,Security Furniture,Home,Furniture,NovaTech,1716.09,983.75,S0431
P008355,Themselves Jackets,Clothing,Jackets,UrbanEdge,152.15,110.71,S0412
P008356,Huge Furniture,Home,Furniture,Apex,1505.22,940.57,S0437
P008357,Then Appliances,Home,Appliances,GlobalMart,1320.18,986.42,S0323
P008358,Girl Fiction,Books,Fiction,UrbanEdge,1031.84,682.47,S0140
P008359,Entire Fitness,Sports,Fitness,NextGen,1020.24,620.7,S0062
P008360,See Laptop,Electronics,Laptop,Vertex,60.76,40.6,S0164
P008361,Pressure Smartphone,Electronics,Smartphone,Vertex,1432.36,921.46,S0366
P008362,Door Monitor,Electronics,Monitor,Vertex,600.49,367.8,S0237
P008363,Clearly Education,Books,Education,UrbanEdge,598.09,496.13,S0195
P008364,Affect Fiction,Books,Fiction,GlobalMart,265.54,194.79,S0488
P008365,Experience Business,Books,Business,PrimeGoods,610.04,472.51,S0370
P008366,Each Outdoor,Sports,Outdoor,NovaTech,621.82,512.38,S0448
P008367,Catch Smartphone,Electronics,Smartphone,NovaTech,1531.18,984.7,S0153
P008368,Reason Accessories,Clothing,Accessories,NovaTech,814.49,453.07,S0156
P008369,Your Furniture,Home,Furniture,EverBuy,648.27,360.68,S0136
P008370,Staff Tablet,Electronics,Tablet,GlobalMart,74.56,48.36,S0479
P008371,Million Accessories,Clothing,Accessories,UrbanEdge,1416.96,858.96,S0447
P008372,Training Trousers,Clothing,Trousers,NextGen,866.57,525.97,S0112
P008373,Represent Comics,Books,Comics,Vertex,88.08,72.04,S0451
P008374,Size Laptop,Electronics,Laptop,EverBuy,1095.22,757.33,S0452
P008375,Yet Monitor,Electronics,Monitor,GlobalMart,1416.35,962.15,S0418
P008376,It Lighting,Home,Lighting,Apex,815.79,630.52,S0243
P008377,Activity Furniture,Home,Furniture,GlobalMart,498.06,288.92,S0101
P008378,Democrat Accessories,Clothing,Accessories,EverBuy,559.69,404.33,S0027
P008379,Walk Outdoor,Sports,Outdoor,Vertex,316.51,267.26,S0480
P008380,Establish Running,Sports,Running,PrimeGoods,848.88,726.34,S0227
P008381,Perform Decor,Home,Decor,Apex,727.17,582.74,S0186
P008382,Light Fiction,Books,Fiction,PrimeGoods,866.76,491.73,S0088
P008383,During Trousers,Clothing,Trousers,PrimeGoods,1162.54,969.4,S0382
P008384,Raise Shirts,Clothing,Shirts,Vertex,730.09,523.31,S0052
P008385,Sound Lighting,Home,Lighting,NextGen,1369.37,838.49,S0196
P008386,Exist Decor,Home,Decor,NextGen,153.56,85.56,S0158
P008387,Reveal Furniture,Home,Furniture,PrimeGoods,1277.79,813.46,S0028
P008388,Southern Running,Sports,Running,Apex,688.94,456.09,S0127
P008389,Become Tablet,Electronics,Tablet,Vertex,1319.09,853.47,S0011
P008390,Arm Business,Books,Business,UrbanEdge,853.49,668.77,S0358
P008391,Federal Comics,Books,Comics,Vertex,204.92,167.14,S0315
P008392,Push Cricket,Sports,Cricket,GlobalMart,477.23,306.91,S0073
P008393,Foreign Monitor,Electronics,Monitor,Apex,347.33,202.28,S0141
P008394,Power Running,Sports,Running,NextGen,1229.12,819.87,S0264
P008395,Sell Kitchen,Home,Kitchen,UrbanEdge,1294.17,967.13,S0018
P008396,Source Headphones,Electronics,Headphones,Vertex,393.15,274.0,S0089
P008397,Especially Cricket,Sports,Cricket,PrimeGoods,403.24,329.98,S0396
P008398,Without Education,Books,Education,NextGen,751.01,570.76,S0064
P008399,Data Education,Books,Education,UrbanEdge,320.88,212.68,S0033
P008400,Current Cricket,Sports,Cricket,Vertex,613.27,343.89,S0080
P008401,Relationship Shoes,Clothing,Shoes,UrbanEdge,656.59,543.14,S0156
P008402,Trade Comics,Books,Comics,Apex,376.77,300.8,S0349
P008403,Series Fitness,Sports,Fitness,PrimeGoods,17.82,13.33,S0112
P008404,Across Tablet,Electronics,Tablet,PrimeGoods,65.14,51.73,S0282
P008405,Worry Furniture,Home,Furniture,NovaTech,1685.75,946.4,S0281
P008406,Magazine Shoes,Clothing,Shoes,NextGen,729.74,500.82,S0316
P008407,Green Outdoor,Sports,Outdoor,UrbanEdge,271.03,225.61,S0285
P008408,Trade Comics,Books,Comics,UrbanEdge,38.38,27.99,S0480
P008409,Direction Trousers,Clothing,Trousers,PrimeGoods,87.01,70.82,S0467
P008410,Will Shirts,Clothing,Shirts,Vertex,239.96,187.44,S0431
P008411,Weight Accessories,Clothing,Accessories,NovaTech,748.08,461.05,S0289
P008412,Life Jackets,Clothing,Jackets,GlobalMart,749.08,546.04,S0208
P008413,Price Appliances,Home,Appliances,NextGen,325.8,196.97,S0131
P008414,Decision Shirts,Clothing,Shirts,EverBuy,1433.79,810.42,S0008
P008415,They Kitchen,Home,Kitchen,UrbanEdge,210.3,162.38,S0162
P008416,Worry Accessories,Clothing,Accessories,NextGen,732.3,487.77,S0210
P008417,Certainly Running,Sports,Running,EverBuy,952.26,693.22,S0022
P008418,Age Fiction,Books,Fiction,Apex,1517.71,962.72,S0493
P008419,Culture Cricket,Sports,Cricket,NextGen,683.78,433.29,S0140
P008420,Movie Fitness,Sports,Fitness,Vertex,1372.63,807.32,S0220
P008421,Item Accessories,Clothing,Accessories,Apex,484.91,324.32,S0210
P008422,City Jackets,Clothing,Jackets,NextGen,420.76,287.82,S0028
P008423,Business Trousers,Clothing,Trousers,NovaTech,1023.86,624.24,S0238
P008424,Decade Laptop,Electronics,Laptop,UrbanEdge,1013.26,614.22,S0462
P008425,Maybe Comics,Books,Comics,PrimeGoods,1089.74,677.82,S0023
P008426,Agency Decor,Home,Decor,Apex,534.55,352.36,S0012
P008427,Thousand Fiction,Books,Fiction,EverBuy,1160.05,689.87,S0498
P008428,Former Jackets,Clothing,Jackets,GlobalMart,1298.18,819.3,S0442
P008429,Poor Shoes,Clothing,Shoes,Vertex,283.58,219.03,S0343
P008430,Design Monitor,Electronics,Monitor,Vertex,581.59,416.91,S0034
P008431,His Monitor,Electronics,Monitor,NovaTech,1019.48,780.24,S0315
P008432,Personal Decor,Home,Decor,UrbanEdge,301.82,182.85,S0025
P008433,Cover Laptop,Electronics,Laptop,NextGen,966.86,807.84,S0437
P008434,Teacher Fiction,Books,Fiction,UrbanEdge,1356.76,866.6,S0133
P008435,Carry Comics,Books,Comics,NextGen,1390.29,788.54,S0496
P008436,War Shoes,Clothing,Shoes,PrimeGoods,1082.79,777.87,S0082
P008437,Him Shirts,Clothing,Shirts,NovaTech,957.39,630.8,S0129
P008438,Religious Decor,Home,Decor,PrimeGoods,564.12,387.42,S0354
P008439,Him Running,Sports,Running,EverBuy,819.21,483.41,S0373
P008440,Agent Furniture,Home,Furniture,Apex,385.58,224.04,S0343
P008441,Them Appliances,Home,Appliances,GlobalMart,834.0,702.82,S0149
P008442,Leader Laptop,Electronics,Laptop,UrbanEdge,728.35,616.2,S0345
P008443,So Shoes,Clothing,Shoes,NextGen,338.65,247.62,S0418
P008444,Experience Fiction,Books,Fiction,PrimeGoods,27.81,15.96,S0422
P008445,Test Running,Sports,Running,PrimeGoods,551.27,317.17,S0332
P008446,Yes Lighting,Home,Lighting,UrbanEdge,575.25,390.36,S0099
P008447,Direction Furniture,Home,Furniture,Vertex,670.99,537.22,S0424
P008448,Third Outdoor,Sports,Outdoor,NextGen,359.64,246.01,S0020
P008449,Think Comics,Books,Comics,GlobalMart,314.02,244.8,S0213
P008450,Task Lighting,Home,Lighting,GlobalMart,714.97,401.33,S0341
P008451,Later Technology,Books,Technology,GlobalMart,1003.42,744.86,S0242
P008452,Major Headphones,Electronics,Headphones,EverBuy,552.44,354.97,S0132
P008453,Difficult Business,Books,Business,NextGen,453.27,364.49,S0337
P008454,State Lighting,Home,Lighting,EverBuy,1470.48,921.02,S0139
P008455,Those Lighting,Home,Lighting,UrbanEdge,1018.69,801.31,S0319
P008456,Another Football,Sports,Football,Apex,197.91,130.07,S0172
P008457,Stuff Shoes,Clothing,Shoes,Apex,113.07,81.91,S0402
P008458,Heavy Football,Sports,Football,EverBuy,344.57,279.0,S0470
P008459,Painting Laptop,Electronics,Laptop,NovaTech,1164.15,712.33,S0103
P008460,Gas Business,Books,Business,NovaTech,406.56,335.04,S0247
P008461,Partner Kitchen,Home,Kitchen,GlobalMart,687.26,423.93,S0127
P008462,Year Outdoor,Sports,Outdoor,Apex,1700.47,972.59,S0012
P008463,Employee Decor,Home,Decor,EverBuy,183.77,141.28,S0070
P008464,Maybe Appliances,Home,Appliances,PrimeGoods,862.91,702.31,S0479
P008465,Worker Running,Sports,Running,PrimeGoods,791.56,484.66,S0368
P008466,Because Lighting,Home,Lighting,Apex,1177.0,792.86,S0183
P008467,Particular Running,Sports,Running,Apex,259.33,155.68,S0479
P008468,During Fiction,Books,Fiction,EverBuy,132.88,81.42,S0348
P008469,Hotel Monitor,Electronics,Monitor,PrimeGoods,746.24,416.09,S0219
P008470,Economy Football,Sports,Football,UrbanEdge,1146.4,850.4,S0431
P008471,Interesting Education,Books,Education,GlobalMart,359.62,297.44,S0291
P008472,College Fiction,Books,Fiction,NovaTech,1475.68,918.89,S0397
P008473,Character Kitchen,Home,Kitchen,NextGen,137.32,84.91,S0494
P008474,Reduce Tablet,Electronics,Tablet,NextGen,290.85,186.02,S0302
P008475,Although Shoes,Clothing,Shoes,NextGen,304.26,181.52,S0358
P008476,Ability Football,Sports,Football,GlobalMart,1696.53,973.28,S0132
P008477,Eat Lighting,Home,Lighting,NextGen,402.49,332.98,S0133
P008478,Child Shirts,Clothing,Shirts,EverBuy,1104.15,792.99,S0305
P008479,Whatever Comics,Books,Comics,Apex,746.47,486.09,S0470
P008480,Room Business,Books,Business,PrimeGoods,1131.05,662.7,S0007
P008481,Act Shoes,Clothing,Shoes,EverBuy,699.03,592.63,S0047
P008482,Wonder Education,Books,Education,UrbanEdge,572.92,379.07,S0080
P008483,Morning Comics,Books,Comics,Vertex,1440.11,812.41,S0260
P008484,Set Lighting,Home,Lighting,Apex,961.02,810.09,S0476
P008485,Into Comics,Books,Comics,Apex,604.0,438.1,S0156
P008486,Daughter Monitor,Electronics,Monitor,Vertex,1671.52,998.05,S0168
P008487,Capital Football,Sports,Football,PrimeGoods,754.66,445.55,S0086
P008488,On Education,Books,Education,Apex,1428.41,882.71,S0306
P008489,Reflect Accessories,Clothing,Accessories,Apex,676.91,443.7,S0499
P008490,Under Decor,Home,Decor,Apex,678.11,413.57,S0486
P008491,Evidence Laptop,Electronics,Laptop,Apex,218.34,144.62,S0206
P008492,Interesting Tablet,Electronics,Tablet,EverBuy,1072.47,915.33,S0006
P008493,Arm Outdoor,Sports,Outdoor,UrbanEdge,882.78,730.5,S0145
P008494,Should Accessories,Clothing,Accessories,Apex,338.46,222.07,S0404
P008495,Type Running,Sports,Running,Apex,644.96,553.11,S0093
P008496,While Football,Sports,Football,PrimeGoods,1185.72,829.75,S0068
P008497,Arrive Monitor,Electronics,Monitor,PrimeGoods,1339.19,745.11,S0171
P008498,Network Shirts,Clothing,Shirts,Apex,577.99,375.43,S0043
P008499,Wide Running,Sports,Running,UrbanEdge,136.76,99.91,S0318
P008500,Part Furniture,Home,Furniture,UrbanEdge,829.14,656.89,S0299
P008501,Audience Fiction,Books,Fiction,NextGen,1508.5,861.32,S0010
P008502,Bank Shoes,Clothing,Shoes,EverBuy,908.94,764.3,S0391
P008503,Material Comics,Books,Comics,EverBuy,361.13,289.83,S0288
P008504,Many Education,Books,Education,UrbanEdge,36.67,26.88,S0335
P008505,Sort Shirts,Clothing,Shirts,Vertex,973.03,614.23,S0240
P008506,After Shirts,Clothing,Shirts,PrimeGoods,494.37,394.85,S0169
P008507,Artist Headphones,Electronics,Headphones,PrimeGoods,841.59,687.26,S0078
P008508,Explain Laptop,Electronics,Laptop,EverBuy,88.43,61.21,S0390
P008509,House Furniture,Home,Furniture,Vertex,1525.97,927.09,S0489
P008510,Both Education,Books,Education,PrimeGoods,1008.34,560.98,S0306
P008511,Economic Fiction,Books,Fiction,PrimeGoods,160.55,131.88,S0141
P008512,Bag Cricket,Sports,Cricket,EverBuy,936.8,649.49,S0298
P008513,Government Football,Sports,Football,Vertex,245.39,161.09,S0317
P008514,Arm Jackets,Clothing,Jackets,Apex,1477.72,968.88,S0019
P008515,Yeah Smartphone,Electronics,Smartphone,EverBuy,753.8,556.68,S0253
P008516,Fly Appliances,Home,Appliances,Apex,912.17,784.12,S0346
P008517,War Tablet,Electronics,Tablet,PrimeGoods,1133.4,922.52,S0132
P008518,Traditional Monitor,Electronics,Monitor,PrimeGoods,99.68,57.32,S0252
P008519,Maybe Lighting,Home,Lighting,NovaTech,1415.54,832.28,S0356
P008520,Politics Lighting,Home,Lighting,Apex,180.74,106.75,S0230
P008521,Single Trousers,Clothing,Trousers,Apex,347.57,233.11,S0295
P008522,Gun Running,Sports,Running,UrbanEdge,150.34,94.11,S0286
P008523,Hear Comics,Books,Comics,Vertex,372.77,253.89,S0164
P008524,Bank Technology,Books,Technology,NextGen,791.4,457.52,S0269
P008525,Line Running,Sports,Running,EverBuy,433.82,258.26,S0239
P008526,If Fiction,Books,Fiction,NextGen,1413.07,825.25,S0147
P008527,Work Fitness,Sports,Fitness,Vertex,558.97,359.94,S0324
P008528,Seem Shirts,Clothing,Shirts,NextGen,158.87,113.27,S0055
P008529,Spring Tablet,Electronics,Tablet,EverBuy,1633.03,915.72,S0185
P008530,His Running,Sports,Running,EverBuy,900.39,657.82,S0139
P008531,Blue Furniture,Home,Furniture,UrbanEdge,412.16,256.32,S0130
P008532,Seat Laptop,Electronics,Laptop,EverBuy,1002.19,619.7,S0408
P008533,Although Jackets,Clothing,Jackets,GlobalMart,448.47,284.27,S0062
P008534,Even Kitchen,Home,Kitchen,UrbanEdge,265.21,173.21,S0254
P008535,Wind Fitness,Sports,Fitness,PrimeGoods,559.24,463.77,S0397
P008536,Good Kitchen,Home,Kitchen,PrimeGoods,322.42,211.97,S0411
P008537,Animal Smartphone,Electronics,Smartphone,EverBuy,876.96,511.27,S0231
P008538,Administration Running,Sports,Running,UrbanEdge,738.8,427.58,S0240
P008539,Responsibility Jackets,Clothing,Jackets,NovaTech,1450.53,900.09,S0383
P008540,Fill Appliances,Home,Appliances,GlobalMart,1418.3,813.67,S0085
P008541,Around Fiction,Books,Fiction,EverBuy,766.5,477.81,S0473
P008542,Direction Education,Books,Education,Apex,722.8,532.45,S0485
P008543,Event Trousers,Clothing,Trousers,Apex,808.04,696.56,S0027
P008544,Town Shirts,Clothing,Shirts,EverBuy,385.38,255.38,S0256
P008545,Focus Football,Sports,Football,EverBuy,895.18,574.48,S0019
P008546,Yourself Education,Books,Education,NextGen,648.17,560.91,S0168
P008547,Mr Decor,Home,Decor,NovaTech,1383.76,949.52,S0422
P008548,Huge Football,Sports,Football,UrbanEdge,1234.74,719.09,S0306
P008549,Result Kitchen,Home,Kitchen,Apex,356.67,239.36,S0039
P008550,Score Accessories,Clothing,Accessories,Vertex,45.4,29.72,S0278
P008551,South Technology,Books,Technology,UrbanEdge,281.06,177.97,S0458
P008552,Couple Trousers,Clothing,Trousers,NovaTech,1197.96,791.19,S0036
P008553,Forward Appliances,Home,Appliances,PrimeGoods,65.91,39.89,S0009
P008554,Carry Shoes,Clothing,Shoes,GlobalMart,1104.59,843.91,S0130
P008555,Himself Jackets,Clothing,Jackets,PrimeGoods,939.14,736.07,S0241
P008556,Then Shirts,Clothing,Shirts,UrbanEdge,444.99,326.6,S0274
P008557,Marriage Smartphone,Electronics,Smartphone,UrbanEdge,175.09,99.55,S0198
P008558,Fill Headphones,Electronics,Headphones,PrimeGoods,991.12,734.82,S0197
P008559,Agreement Technology,Books,Technology,Apex,1494.08,840.8,S0285
P008560,Support Kitchen,Home,Kitchen,NextGen,564.87,426.01,S0287
P008561,Become Tablet,Electronics,Tablet,UrbanEdge,454.5,303.57,S0360
P008562,Doctor Comics,Books,Comics,UrbanEdge,973.36,672.03,S0460
P008563,Far Jackets,Clothing,Jackets,NovaTech,1144.02,962.68,S0108
P008564,Both Headphones,Electronics,Headphones,NovaTech,433.99,282.93,S0121
P008565,Contain Shoes,Clothing,Shoes,PrimeGoods,105.09,72.34,S0163
P008566,Eat Shoes,Clothing,Shoes,Vertex,788.12,632.7,S0107
P008567,Skin Monitor,Electronics,Monitor,GlobalMart,1151.15,794.1,S0325
P008568,You Education,Books,Education,GlobalMart,408.73,352.87,S0350
P008569,Method Football,Sports,Football,Apex,644.96,527.46,S0267
P008570,Small Appliances,Home,Appliances,PrimeGoods,1002.93,702.74,S0441
P008571,Move Appliances,Home,Appliances,Vertex,929.6,538.1,S0157
P008572,Little Laptop,Electronics,Laptop,EverBuy,1049.95,634.37,S0371
P008573,Talk Shoes,Clothing,Shoes,Vertex,1489.65,856.67,S0320
P008574,Lot Shoes,Clothing,Shoes,Vertex,1365.48,994.55,S0229
P008575,How Outdoor,Sports,Outdoor,Vertex,1021.3,640.6,S0358
P008576,One Fiction,Books,Fiction,PrimeGoods,159.59,121.2,S0481
P008577,Body Accessories,Clothing,Accessories,NovaTech,800.3,623.11,S0053
P008578,Role Kitchen,Home,Kitchen,NextGen,603.61,356.63,S0140
P008579,Also Appliances,Home,Appliances,UrbanEdge,1156.55,725.68,S0454
P008580,Those Appliances,Home,Appliances,NextGen,386.64,228.45,S0029
P008581,Born Jackets,Clothing,Jackets,EverBuy,965.85,770.36,S0291
P008582,Listen Shirts,Clothing,Shirts,NovaTech,400.91,292.54,S0265
P008583,Stock Furniture,Home,Furniture,Apex,356.57,265.88,S0149
P008584,Movement Technology,Books,Technology,Vertex,1164.23,804.4,S0270
P008585,Teach Shoes,Clothing,Shoes,PrimeGoods,226.78,189.0,S0404
P008586,Standard Jackets,Clothing,Jackets,NextGen,832.82,666.02,S0093
P008587,Certain Appliances,Home,Appliances,PrimeGoods,24.52,17.29,S0237
P008588,Arm Smartphone,Electronics,Smartphone,UrbanEdge,1371.41,991.67,S0037
P008589,Left Shoes,Clothing,Shoes,EverBuy,979.54,703.0,S0346
P008590,Worker Fiction,Books,Fiction,GlobalMart,883.74,541.72,S0029
P008591,Program Football,Sports,Football,NextGen,1230.61,955.2,S0014
P008592,By Technology,Books,Technology,GlobalMart,351.72,262.21,S0083
P008593,Involve Shirts,Clothing,Shirts,Vertex,1012.35,847.95,S0028
P008594,Individual Kitchen,Home,Kitchen,UrbanEdge,620.62,529.52,S0250
P008595,Increase Cricket,Sports,Cricket,Apex,1514.57,931.42,S0202
P008596,Sign Shoes,Clothing,Shoes,NovaTech,676.08,392.57,S0042
P008597,Start Tablet,Electronics,Tablet,EverBuy,167.91,99.1,S0440
P008598,Local Tablet,Electronics,Tablet,Apex,608.21,453.11,S0379
P008599,Performance Trousers,Clothing,Trousers,Vertex,1740.04,974.3,S0203
P008600,Down Kitchen,Home,Kitchen,Apex,716.17,513.8,S0373
P008601,General Fiction,Books,Fiction,EverBuy,260.47,161.18,S0136
P008602,Parent Technology,Books,Technology,PrimeGoods,619.43,410.91,S0482
P008603,Police Lighting,Home,Lighting,GlobalMart,577.19,349.61,S0119
P008604,Nation Running,Sports,Running,NextGen,458.97,278.08,S0114
P008605,Baby Furniture,Home,Furniture,Vertex,1232.93,980.0,S0483
P008606,Election Monitor,Electronics,Monitor,UrbanEdge,906.52,756.65,S0282
P008607,Another Fitness,Sports,Fitness,PrimeGoods,1605.7,956.42,S0172
P008608,Phone Tablet,Electronics,Tablet,PrimeGoods,420.35,282.81,S0215
P008609,Space Furniture,Home,Furniture,Apex,1120.54,699.64,S0132
P008610,Day Headphones,Electronics,Headphones,NextGen,149.71,121.9,S0455
P008611,Yard Cricket,Sports,Cricket,Apex,667.37,400.98,S0405
P008612,Who Accessories,Clothing,Accessories,GlobalMart,1019.11,796.76,S0183
P008613,Model Shoes,Clothing,Shoes,NovaTech,528.29,334.44,S0298
P008614,Who Shirts,Clothing,Shirts,NovaTech,55.74,47.01,S0154
P008615,Task Business,Books,Business,UrbanEdge,265.24,178.24,S0081
P008616,Beat Comics,Books,Comics,PrimeGoods,210.39,149.66,S0274
P008617,Thousand Lighting,Home,Lighting,GlobalMart,814.81,522.48,S0431
P008618,Series Lighting,Home,Lighting,UrbanEdge,1011.82,805.34,S0324
P008619,Letter Comics,Books,Comics,GlobalMart,31.11,22.46,S0244
P008620,Identify Decor,Home,Decor,NovaTech,916.6,641.91,S0306
P008621,Doctor Trousers,Clothing,Trousers,Vertex,1275.54,734.6,S0488
P008622,Fight Technology,Books,Technology,PrimeGoods,171.4,115.68,S0332
P008623,Me Shoes,Clothing,Shoes,UrbanEdge,1275.61,785.32,S0197
P008624,Begin Cricket,Sports,Cricket,Vertex,738.18,426.39,S0169
P008625,Edge Outdoor,Sports,Outdoor,NextGen,368.03,226.08,S0426
P008626,Area Fiction,Books,Fiction,UrbanEdge,357.22,222.89,S0192
P008627,Style Fiction,Books,Fiction,Apex,428.18,301.58,S0353
P008628,Behind Technology,Books,Technology,PrimeGoods,882.88,516.32,S0072
P008629,Occur Trousers,Clothing,Trousers,EverBuy,1325.68,894.1,S0335
P008630,Price Cricket,Sports,Cricket,Apex,971.55,785.59,S0165
P008631,Over Shoes,Clothing,Shoes,Vertex,149.0,92.99,S0073
P008632,Herself Kitchen,Home,Kitchen,Vertex,98.0,75.74,S0262
P008633,Growth Business,Books,Business,GlobalMart,1207.84,698.74,S0312
P008634,Stay Education,Books,Education,UrbanEdge,84.42,61.65,S0324
P008635,Poor Lighting,Home,Lighting,Apex,561.56,374.72,S0054
P008636,Speech Trousers,Clothing,Trousers,GlobalMart,250.69,183.18,S0404
P008637,Owner Appliances,Home,Appliances,EverBuy,1197.17,767.29,S0393
P008638,Hard Cricket,Sports,Cricket,Vertex,977.63,797.4,S0494
P008639,Couple Technology,Books,Technology,GlobalMart,57.34,32.64,S0002
P008640,Blood Monitor,Electronics,Monitor,NovaTech,314.31,246.32,S0471
P008641,Police Laptop,Electronics,Laptop,UrbanEdge,1317.05,950.7,S0425
P008642,Popular Decor,Home,Decor,Apex,1015.8,676.28,S0417
P008643,After Decor,Home,Decor,UrbanEdge,1032.92,839.14,S0492
P008644,Member Fiction,Books,Fiction,GlobalMart,629.37,477.47,S0107
P008645,Serious Cricket,Sports,Cricket,UrbanEdge,616.79,525.41,S0225
P008646,Door Decor,Home,Decor,Apex,850.33,719.39,S0453
P008647,Check Fiction,Books,Fiction,Apex,95.69,56.57,S0254
P008648,Which Smartphone,Electronics,Smartphone,EverBuy,602.44,336.97,S0364
P008649,Safe Fiction,Books,Fiction,UrbanEdge,609.46,391.94,S0189
P008650,Perform Education,Books,Education,Apex,41.21,32.8,S0279
P008651,Traditional Jackets,Clothing,Jackets,NovaTech,1377.97,959.11,S0284
P008652,Hold Technology,Books,Technology,NovaTech,709.25,409.99,S0332
P008653,Lot Kitchen,Home,Kitchen,PrimeGoods,710.83,551.12,S0292
P008654,Indeed Lighting,Home,Lighting,EverBuy,1445.97,938.33,S0032
P008655,Issue Running,Sports,Running,EverBuy,800.92,569.97,S0063
P008656,World Monitor,Electronics,Monitor,Vertex,1077.92,802.34,S0368
P008657,Physical Smartphone,Electronics,Smartphone,UrbanEdge,1475.05,904.17,S0390
P008658,Century Running,Sports,Running,NovaTech,1143.03,660.71,S0345
P008659,Standard Headphones,Electronics,Headphones,GlobalMart,35.2,23.21,S0340
P008660,Term Fitness,Sports,Fitness,UrbanEdge,259.93,165.3,S0439
P008661,Artist Cricket,Sports,Cricket,Vertex,329.45,213.23,S0166
P008662,Cover Fitness,Sports,Fitness,Vertex,1494.31,925.13,S0063
P008663,You Headphones,Electronics,Headphones,NextGen,1724.5,991.51,S0134
P008664,Could Outdoor,Sports,Outdoor,UrbanEdge,765.28,605.85,S0301
P008665,Recently Accessories,Clothing,Accessories,EverBuy,204.23,130.38,S0382
P008666,Perhaps Business,Books,Business,NovaTech,593.99,330.7,S0214
P008667,Better Kitchen,Home,Kitchen,PrimeGoods,548.86,373.02,S0096
P008668,Compare Technology,Books,Technology,UrbanEdge,739.53,527.48,S0141
P008669,Entire Business,Books,Business,PrimeGoods,1360.27,786.48,S0371
P008670,Throw Furniture,Home,Furniture,Apex,410.81,234.31,S0477
P008671,Site Furniture,Home,Furniture,EverBuy,863.3,605.19,S0447
P008672,Now Monitor,Electronics,Monitor,Apex,259.19,213.05,S0330
P008673,None Decor,Home,Decor,NextGen,1233.42,946.46,S0246
P008674,Network Monitor,Electronics,Monitor,UrbanEdge,976.91,752.7,S0011
P008675,Anything Accessories,Clothing,Accessories,PrimeGoods,1060.32,675.31,S0221
P008676,Day Kitchen,Home,Kitchen,PrimeGoods,1139.42,693.04,S0011
P008677,Behavior Decor,Home,Decor,Vertex,325.17,205.24,S0275
P008678,Day Tablet,Electronics,Tablet,Vertex,943.83,608.06,S0388
P008679,Third Business,Books,Business,NextGen,813.97,500.07,S0492
P008680,What Jackets,Clothing,Jackets,NovaTech,271.31,152.64,S0151
P008681,Space Smartphone,Electronics,Smartphone,PrimeGoods,148.08,88.33,S0356
P008682,Tend Tablet,Electronics,Tablet,NextGen,993.93,556.15,S0014
P008683,Others Furniture,Home,Furniture,NovaTech,1073.62,721.54,S0006
P008684,Another Monitor,Electronics,Monitor,Vertex,256.09,148.85,S0212
P008685,Yeah Accessories,Clothing,Accessories,EverBuy,45.34,31.75,S0413
P008686,Letter Shirts,Clothing,Shirts,UrbanEdge,208.15,163.28,S0204
P008687,Per Football,Sports,Football,PrimeGoods,237.79,192.38,S0414
P008688,Life Shirts,Clothing,Shirts,NextGen,653.71,448.21,S0149
P008689,Painting Business,Books,Business,Vertex,435.22,333.65,S0496
P008690,Company Comics,Books,Comics,Apex,690.07,565.78,S0031
P008691,Reflect Technology,Books,Technology,UrbanEdge,252.98,145.72,S0274
P008692,Rest Cricket,Sports,Cricket,Vertex,352.43,277.37,S0300
P008693,Medical Decor,Home,Decor,UrbanEdge,980.78,737.65,S0145
P008694,Easy Shoes,Clothing,Shoes,PrimeGoods,1039.1,885.81,S0168
P008695,Wrong Technology,Books,Technology,PrimeGoods,130.27,87.49,S0358
P008696,Resource Shirts,Clothing,Shirts,NovaTech,1065.11,880.71,S0417
P008697,Dream Accessories,Clothing,Accessories,NextGen,970.12,654.31,S0324
P008698,Blood Football,Sports,Football,UrbanEdge,661.81,504.58,S0124
P008699,Time Cricket,Sports,Cricket,EverBuy,1375.36,913.41,S0353
P008700,Million Monitor,Electronics,Monitor,Apex,1639.69,992.36,S0426
P008701,City Outdoor,Sports,Outdoor,Vertex,384.68,311.82,S0305
P008702,Mrs Running,Sports,Running,GlobalMart,760.54,441.94,S0260
P008703,Early Outdoor,Sports,Outdoor,Vertex,705.44,434.52,S0360
P008704,Put Appliances,Home,Appliances,NovaTech,322.78,182.72,S0108
P008705,Each Shirts,Clothing,Shirts,UrbanEdge,408.45,254.94,S0441
P008706,Capital Running,Sports,Running,Vertex,93.81,67.09,S0232
P008707,Executive Appliances,Home,Appliances,PrimeGoods,179.8,103.29,S0300
P008708,Beautiful Lighting,Home,Lighting,GlobalMart,437.12,362.92,S0459
P008709,Training Monitor,Electronics,Monitor,Apex,842.08,571.77,S0301
P008710,School Fitness,Sports,Fitness,GlobalMart,648.79,527.56,S0096
P008711,Style Technology,Books,Technology,GlobalMart,871.62,550.87,S0469
P008712,Ask Business,Books,Business,UrbanEdge,1236.68,860.79,S0013
P008713,Government Appliances,Home,Appliances,NextGen,847.04,622.81,S0141
P008714,North Accessories,Clothing,Accessories,PrimeGoods,112.03,80.63,S0224
P008715,Medical Decor,Home,Decor,UrbanEdge,98.58,73.66,S0375
P008716,Rock Cricket,Sports,Cricket,GlobalMart,848.2,736.56,S0254
P008717,Second Fitness,Sports,Fitness,PrimeGoods,945.35,695.56,S0202
P008718,Provide Business,Books,Business,UrbanEdge,198.96,165.74,S0117
P008719,Easy Business,Books,Business,PrimeGoods,728.04,593.27,S0218
P008720,Save Accessories,Clothing,Accessories,EverBuy,744.69,496.32,S0280
P008721,Once Fiction,Books,Fiction,UrbanEdge,526.98,365.55,S0143
P008722,Can Fitness,Sports,Fitness,GlobalMart,947.12,722.57,S0462
P008723,Nation Business,Books,Business,Vertex,723.31,618.6,S0348
P008724,Republican Shoes,Clothing,Shoes,UrbanEdge,955.01,668.14,S0126
P008725,Catch Shirts,Clothing,Shirts,PrimeGoods,827.6,690.99,S0472
P008726,Reflect Kitchen,Home,Kitchen,Vertex,1324.34,884.29,S0267
P008727,Age Laptop,Electronics,Laptop,NextGen,1322.56,785.15,S0438
P008728,Stay Decor,Home,Decor,Apex,1252.88,730.0,S0445
P008729,Late Monitor,Electronics,Monitor,NovaTech,896.77,623.11,S0139
P008730,First Comics,Books,Comics,EverBuy,1436.27,875.45,S0338
P008731,Address Appliances,Home,Appliances,NextGen,169.83,112.36,S0294
P008732,Your Appliances,Home,Appliances,NextGen,564.14,453.35,S0208
P008733,Defense Tablet,Electronics,Tablet,NextGen,411.92,271.65,S0155
P008734,Need Comics,Books,Comics,Vertex,889.6,744.21,S0241
P008735,Hope Kitchen,Home,Kitchen,UrbanEdge,173.64,102.54,S0383
P008736,Would Decor,Home,Decor,GlobalMart,1628.02,943.04,S0088
P008737,Position Lighting,Home,Lighting,NextGen,1015.56,600.54,S0084
P008738,Future Technology,Books,Technology,NovaTech,1123.05,688.58,S0272
P008739,House Shirts,Clothing,Shirts,PrimeGoods,908.0,775.69,S0449
P008740,Mind Trousers,Clothing,Trousers,Apex,112.4,74.37,S0100
P008741,Model Fitness,Sports,Fitness,UrbanEdge,391.25,283.03,S0189
P008742,Least Appliances,Home,Appliances,PrimeGoods,470.09,306.35,S0126
P008743,Through Shirts,Clothing,Shirts,GlobalMart,21.59,15.03,S0448
P008744,Voice Trousers,Clothing,Trousers,Apex,734.83,523.59,S0182
P008745,Town Monitor,Electronics,Monitor,PrimeGoods,556.35,353.03,S0415
P008746,Without Monitor,Electronics,Monitor,Vertex,867.29,563.83,S0278
P008747,Sit Shirts,Clothing,Shirts,PrimeGoods,1406.15,844.8,S0110
P008748,Difference Tablet,Electronics,Tablet,Apex,748.4,593.69,S0296
P008749,Ahead Football,Sports,Football,NextGen,1212.63,961.49,S0151
P008750,Manager Business,Books,Business,UrbanEdge,83.9,52.7,S0123
P008751,Course Fiction,Books,Fiction,Vertex,428.92,278.34,S0490
P008752,Shake Headphones,Electronics,Headphones,GlobalMart,1391.34,793.39,S0198
P008753,Kind Technology,Books,Technology,NovaTech,271.76,184.52,S0280
P008754,Vote Business,Books,Business,NextGen,298.52,250.5,S0016
P008755,Note Trousers,Clothing,Trousers,Apex,154.41,117.59,S0189
P008756,Explain Business,Books,Business,Vertex,1343.23,969.09,S0341
P008757,People Shirts,Clothing,Shirts,NextGen,931.43,573.94,S0167
P008758,Wall Fiction,Books,Fiction,GlobalMart,1091.09,611.98,S0310
P008759,Blood Monitor,Electronics,Monitor,Vertex,1142.57,697.47,S0409
P008760,Effect Education,Books,Education,PrimeGoods,63.05,46.1,S0244
P008761,Whom Smartphone,Electronics,Smartphone,NextGen,880.93,600.05,S0135
P008762,Debate Shirts,Clothing,Shirts,EverBuy,1316.65,941.34,S0219
P008763,Station Fitness,Sports,Fitness,UrbanEdge,436.7,365.85,S0307
P008764,Call Furniture,Home,Furniture,GlobalMart,508.18,346.7,S0458
P008765,Speech Monitor,Electronics,Monitor,GlobalMart,1354.54,940.58,S0180
P008766,Move Tablet,Electronics,Tablet,NovaTech,52.75,34.76,S0110
P008767,Somebody Technology,Books,Technology,EverBuy,1358.59,808.92,S0134
P008768,Partner Accessories,Clothing,Accessories,EverBuy,50.61,30.98,S0219
P008769,National Smartphone,Electronics,Smartphone,EverBuy,1363.95,828.92,S0376
P008770,Indicate Monitor,Electronics,Monitor,NovaTech,932.68,684.69,S0350
P008771,Produce Fitness,Sports,Fitness,Vertex,811.19,495.94,S0130
P008772,Reach Shoes,Clothing,Shoes,Apex,1125.54,644.45,S0293
P008773,Rich Headphones,Electronics,Headphones,NextGen,775.8,621.38,S0245
P008774,Prove Shoes,Clothing,Shoes,Vertex,1467.74,966.71,S0131
P008775,Imagine Laptop,Electronics,Laptop,NovaTech,465.36,279.38,S0207
P008776,Candidate Shoes,Clothing,Shoes,GlobalMart,487.16,384.0,S0053
P008777,Able Furniture,Home,Furniture,Apex,682.71,517.02,S0271
P008778,Character Business,Books,Business,Vertex,581.18,456.55,S0122
P008779,Play Smartphone,Electronics,Smartphone,GlobalMart,1003.74,768.53,S0440
P008780,Fill Cricket,Sports,Cricket,PrimeGoods,106.81,81.8,S0104
P008781,Sound Jackets,Clothing,Jackets,Apex,1231.95,901.92,S0322
P008782,Nothing Running,Sports,Running,EverBuy,1230.15,895.73,S0392
P008783,Site Comics,Books,Comics,Apex,1033.65,867.03,S0453
P008784,Magazine Tablet,Electronics,Tablet,NovaTech,1094.25,739.53,S0306
P008785,Forget Laptop,Electronics,Laptop,Vertex,223.54,192.07,S0339
P008786,Show Jackets,Clothing,Jackets,Apex,1402.82,920.88,S0065
P008787,My Decor,Home,Decor,UrbanEdge,1588.26,933.64,S0324
P008788,Resource Education,Books,Education,EverBuy,1237.88,924.63,S0173
P008789,Dark Comics,Books,Comics,PrimeGoods,1179.61,756.79,S0388
P008790,Including Tablet,Electronics,Tablet,Apex,1435.79,902.35,S0418
P008791,Structure Headphones,Electronics,Headphones,UrbanEdge,1311.2,761.23,S0439
P008792,Feel Shirts,Clothing,Shirts,GlobalMart,377.76,229.05,S0049
P008793,Three Kitchen,Home,Kitchen,GlobalMart,395.15,316.56,S0141
P008794,Sure Appliances,Home,Appliances,EverBuy,128.32,76.52,S0398
P008795,Traditional Comics,Books,Comics,Apex,1182.41,694.43,S0384
P008796,Though Kitchen,Home,Kitchen,NovaTech,1203.48,777.19,S0400
P008797,Animal Appliances,Home,Appliances,NovaTech,1234.88,808.6,S0068
P008798,Never Decor,Home,Decor,GlobalMart,208.89,130.85,S0162
P008799,Officer Shirts,Clothing,Shirts,UrbanEdge,303.44,240.44,S0402
P008800,Them Education,Books,Education,Apex,388.89,238.37,S0424
P008801,Strong Education,Books,Education,GlobalMart,1270.08,870.52,S0241
P008802,Firm Running,Sports,Running,GlobalMart,1163.91,776.51,S0236
P008803,Store Accessories,Clothing,Accessories,GlobalMart,890.25,502.02,S0207
P008804,Arm Shirts,Clothing,Shirts,Apex,1139.82,802.9,S0312
P008805,Or Laptop,Electronics,Laptop,NovaTech,309.68,213.86,S0481
P008806,Thousand Shoes,Clothing,Shoes,EverBuy,1484.28,827.2,S0008
P008807,Least Decor,Home,Decor,NextGen,213.56,148.68,S0181
P008808,Coach Laptop,Electronics,Laptop,NextGen,881.12,591.31,S0013
P008809,Media Technology,Books,Technology,NextGen,1359.35,874.64,S0277
P008810,Push Kitchen,Home,Kitchen,NovaTech,55.81,33.16,S0327
P008811,Their Comics,Books,Comics,Vertex,1454.63,996.57,S0202
P008812,Eye Football,Sports,Football,NextGen,576.19,439.1,S0379
P008813,Lead Shoes,Clothing,Shoes,UrbanEdge,211.45,135.42,S0273
P008814,College Business,Books,Business,PrimeGoods,537.91,413.42,S0479
P008815,Look Fitness,Sports,Fitness,UrbanEdge,83.6,47.14,S0038
P008816,Kitchen Technology,Books,Technology,NextGen,264.0,172.05,S0300
P008817,Animal Running,Sports,Running,EverBuy,416.39,257.77,S0329
P008818,Nor Headphones,Electronics,Headphones,Apex,307.9,234.85,S0260
P008819,Job Cricket,Sports,Cricket,EverBuy,437.92,319.66,S0178
P008820,Strong Fiction,Books,Fiction,UrbanEdge,1638.36,943.52,S0304
P008821,Born Lighting,Home,Lighting,Vertex,634.77,519.74,S0152
P008822,Admit Outdoor,Sports,Outdoor,UrbanEdge,464.94,334.78,S0183
P008823,Interesting Smartphone,Electronics,Smartphone,NextGen,1584.31,905.45,S0214
P008824,Talk Trousers,Clothing,Trousers,Apex,1146.74,775.28,S0489
P008825,Under Monitor,Electronics,Monitor,EverBuy,431.04,271.67,S0360
P008826,Boy Trousers,Clothing,Trousers,NextGen,809.23,685.49,S0352
P008827,Perform Cricket,Sports,Cricket,Vertex,1348.13,952.73,S0443
P008828,Apply Running,Sports,Running,GlobalMart,1264.45,847.48,S0457
P008829,Audience Furniture,Home,Furniture,PrimeGoods,692.32,545.25,S0356
P008830,Management Laptop,Electronics,Laptop,Vertex,1399.46,859.54,S0032
P008831,Money Smartphone,Electronics,Smartphone,Vertex,101.2,75.08,S0272
P008832,Accept Smartphone,Electronics,Smartphone,EverBuy,768.54,514.47,S0316
P008833,Might Trousers,Clothing,Trousers,Apex,821.26,483.89,S0082
P008834,Data Outdoor,Sports,Outdoor,PrimeGoods,1190.81,755.62,S0226
P008835,Red Laptop,Electronics,Laptop,EverBuy,395.1,274.09,S0213
P008836,Hear Running,Sports,Running,GlobalMart,842.36,627.12,S0362
P008837,Culture Outdoor,Sports,Outdoor,PrimeGoods,820.0,568.59,S0097
P008838,Reason Jackets,Clothing,Jackets,GlobalMart,193.03,111.26,S0373
P008839,Generation Comics,Books,Comics,Vertex,1066.42,772.3,S0409
P008840,Tell Appliances,Home,Appliances,Vertex,320.66,245.18,S0206
P008841,Follow Football,Sports,Football,UrbanEdge,799.93,491.26,S0011
P008842,Prepare Fiction,Books,Fiction,Apex,605.47,355.4,S0392
P008843,Father Comics,Books,Comics,Vertex,386.46,244.38,S0033
P008844,Responsibility Fiction,Books,Fiction,EverBuy,507.23,356.69,S0294
P008845,Lead Business,Books,Business,PrimeGoods,375.32,297.12,S0080
P008846,Out Education,Books,Education,Apex,260.12,221.11,S0055
P008847,Career Running,Sports,Running,EverBuy,563.84,352.11,S0065
P008848,Purpose Appliances,Home,Appliances,EverBuy,1573.94,949.08,S0284
P008849,Arm Headphones,Electronics,Headphones,EverBuy,1456.06,898.09,S0110
P008850,Rich Running,Sports,Running,GlobalMart,1369.03,966.66,S0170
P008851,Next Monitor,Electronics,Monitor,EverBuy,1400.64,958.26,S0447
P008852,Reveal Laptop,Electronics,Laptop,NextGen,189.16,114.34,S0337
P008853,A Technology,Books,Technology,NextGen,795.74,451.34,S0398
P008854,Through Trousers,Clothing,Trousers,Apex,217.53,176.73,S0115
P008855,Home Jackets,Clothing,Jackets,NextGen,757.27,443.14,S0002
P008856,Manager Trousers,Clothing,Trousers,PrimeGoods,296.1,246.52,S0291
P008857,Consider Lighting,Home,Lighting,UrbanEdge,1554.09,994.74,S0142
P008858,A Comics,Books,Comics,Vertex,608.99,452.23,S0158
P008859,Until Shirts,Clothing,Shirts,EverBuy,114.71,71.2,S0469
P008860,Girl Appliances,Home,Appliances,PrimeGoods,101.05,62.48,S0402
P008861,Firm Shirts,Clothing,Shirts,UrbanEdge,1420.28,811.28,S0104
P008862,See Fiction,Books,Fiction,PrimeGoods,1331.64,873.58,S0109
P008863,Until Fiction,Books,Fiction,NovaTech,445.48,336.15,S0339
P008864,Agree Running,Sports,Running,Apex,1209.51,695.49,S0480
P008865,Skin Tablet,Electronics,Tablet,EverBuy,123.24,82.98,S0156
P008866,Suffer Decor,Home,Decor,UrbanEdge,977.78,759.41,S0458
P008867,Magazine Lighting,Home,Lighting,GlobalMart,67.39,41.7,S0036
P008868,Certain Shirts,Clothing,Shirts,NovaTech,345.48,268.08,S0445
P008869,Reality Headphones,Electronics,Headphones,Apex,345.04,268.28,S0234
P008870,Material Fiction,Books,Fiction,NextGen,66.77,51.8,S0463
P008871,Often Fitness,Sports,Fitness,EverBuy,1604.57,987.37,S0369
P008872,All Cricket,Sports,Cricket,GlobalMart,472.58,355.43,S0493
P008873,Mr Business,Books,Business,EverBuy,217.37,164.56,S0289
P008874,Career Headphones,Electronics,Headphones,PrimeGoods,533.41,353.18,S0161
P008875,Measure Smartphone,Electronics,Smartphone,PrimeGoods,1665.11,993.32,S0240
P008876,Stay Running,Sports,Running,NovaTech,695.13,470.03,S0273
P008877,Difference Comics,Books,Comics,Vertex,695.3,477.23,S0383
P008878,For Furniture,Home,Furniture,NextGen,331.45,218.56,S0224
P008879,Fund Monitor,Electronics,Monitor,Apex,518.88,302.29,S0439
P008880,Identify Furniture,Home,Furniture,EverBuy,807.07,567.45,S0238
P008881,Military Fitness,Sports,Fitness,PrimeGoods,103.74,69.29,S0016
P008882,Mean Lighting,Home,Lighting,UrbanEdge,819.47,554.47,S0397
P008883,I Running,Sports,Running,EverBuy,669.73,462.81,S0115
P008884,Position Football,Sports,Football,NextGen,639.1,480.41,S0290
P008885,Physical Shirts,Clothing,Shirts,NovaTech,1072.43,645.54,S0196
P008886,Method Comics,Books,Comics,UrbanEdge,241.4,136.29,S0381
P008887,Why Running,Sports,Running,GlobalMart,22.91,12.75,S0017
P008888,Money Kitchen,Home,Kitchen,UrbanEdge,149.19,101.34,S0087
P008889,Environmental Kitchen,Home,Kitchen,EverBuy,671.55,569.18,S0184
P008890,Increase Fitness,Sports,Fitness,Apex,103.28,66.74,S0358
P008891,Necessary Smartphone,Electronics,Smartphone,Apex,1129.04,731.7,S0252
P008892,Arrive Jackets,Clothing,Jackets,Apex,132.42,73.79,S0382
P008893,Friend Monitor,Electronics,Monitor,PrimeGoods,286.93,230.72,S0072
P008894,Same Smartphone,Electronics,Smartphone,GlobalMart,1123.13,895.77,S0427
P008895,Main Education,Books,Education,NextGen,1056.36,848.47,S0241
P008896,Rock Education,Books,Education,Vertex,984.67,632.19,S0138
P008897,As Appliances,Home,Appliances,Apex,1048.82,808.15,S0136
P008898,News Headphones,Electronics,Headphones,NextGen,507.95,382.22,S0376
P008899,Sometimes Decor,Home,Decor,Vertex,694.34,387.19,S0202
P008900,Home Education,Books,Education,Vertex,200.12,173.9,S0485
P008901,Building Lighting,Home,Lighting,Apex,627.12,507.52,S0120
P008902,Church Comics,Books,Comics,GlobalMart,563.35,384.02,S0494
P008903,Suggest Outdoor,Sports,Outdoor,Apex,1197.09,900.5,S0436
P008904,Summer Cricket,Sports,Cricket,PrimeGoods,719.15,437.31,S0060
P008905,Brother Running,Sports,Running,UrbanEdge,150.73,104.17,S0296
P008906,Play Decor,Home,Decor,EverBuy,45.05,30.18,S0491
P008907,Number Laptop,Electronics,Laptop,EverBuy,204.6,125.37,S0415
P008908,Also Fitness,Sports,Fitness,NovaTech,843.49,730.6,S0210
P008909,My Outdoor,Sports,Outdoor,Apex,765.29,429.37,S0407
P008910,Thousand Fiction,Books,Fiction,Apex,1485.01,920.89,S0427
P008911,Left Decor,Home,Decor,NextGen,1615.69,935.73,S0161
P008912,Father Cricket,Sports,Cricket,NovaTech,1279.78,916.28,S0304
P008913,His Trousers,Clothing,Trousers,NovaTech,281.71,218.26,S0094
P008914,Available Kitchen,Home,Kitchen,NovaTech,1289.88,994.43,S0361
P008915,Partner Headphones,Electronics,Headphones,Apex,880.78,589.43,S0339
P008916,Reality Running,Sports,Running,Apex,1031.69,672.47,S0148
P008917,Much Running,Sports,Running,PrimeGoods,1057.77,892.13,S0004
P008918,Bit Trousers,Clothing,Trousers,Vertex,495.01,348.76,S0271
P008919,Finish Outdoor,Sports,Outdoor,EverBuy,470.89,325.56,S0113
P008920,Yeah Outdoor,Sports,Outdoor,EverBuy,1159.93,828.79,S0182
P008921,Range Furniture,Home,Furniture,Apex,801.17,454.89,S0298
P008922,Manager Furniture,Home,Furniture,Vertex,1406.65,862.31,S0413
P008923,Miss Shoes,Clothing,Shoes,Vertex,1491.71,874.55,S0469
P008924,Human Comics,Books,Comics,Apex,876.85,540.96,S0098
P008925,Policy Tablet,Electronics,Tablet,NovaTech,79.12,67.72,S0335
P008926,Price Education,Books,Education,UrbanEdge,611.56,390.04,S0342
P008927,Keep Jackets,Clothing,Jackets,NextGen,1012.2,775.44,S0482
P008928,Cut Outdoor,Sports,Outdoor,UrbanEdge,1508.79,839.97,S0405
P008929,Until Lighting,Home,Lighting,GlobalMart,721.29,523.17,S0322
P008930,Could Shirts,Clothing,Shirts,GlobalMart,367.99,244.13,S0280
P008931,Whose Business,Books,Business,EverBuy,901.16,535.57,S0362
P008932,Hospital Running,Sports,Running,NovaTech,651.85,411.86,S0131
P008933,Save Headphones,Electronics,Headphones,EverBuy,445.27,342.3,S0368
P008934,Decide Education,Books,Education,UrbanEdge,473.65,264.34,S0072
P008935,First Furniture,Home,Furniture,PrimeGoods,250.42,214.65,S0009
P008936,Various Shirts,Clothing,Shirts,Vertex,783.17,438.83,S0080
P008937,Perform Tablet,Electronics,Tablet,NovaTech,1448.89,926.64,S0441
P008938,Until Technology,Books,Technology,GlobalMart,568.89,470.81,S0420
P008939,Instead Shoes,Clothing,Shoes,PrimeGoods,805.37,556.75,S0296
P008940,You Kitchen,Home,Kitchen,Vertex,726.52,415.64,S0448
P008941,Area Education,Books,Education,GlobalMart,1258.79,923.75,S0284
P008942,Present Technology,Books,Technology,Apex,111.36,84.86,S0251
P008943,Learn Kitchen,Home,Kitchen,EverBuy,236.15,173.94,S0396
P008944,Thus Education,Books,Education,NovaTech,994.62,738.35,S0160
P008945,Exist Smartphone,Electronics,Smartphone,Vertex,188.35,146.51,S0036
P008946,Imagine Business,Books,Business,Vertex,1286.47,786.51,S0414
P008947,Human Laptop,Electronics,Laptop,Apex,696.19,587.18,S0177
P008948,Type Fiction,Books,Fiction,NextGen,74.48,59.75,S0411
P008949,Rate Shirts,Clothing,Shirts,NextGen,1087.44,723.41,S0487
P008950,Old Headphones,Electronics,Headphones,UrbanEdge,828.43,502.63,S0405
P008951,Forward Headphones,Electronics,Headphones,NovaTech,50.01,42.25,S0202
P008952,Picture Lighting,Home,Lighting,UrbanEdge,987.55,610.49,S0311
P008953,War Laptop,Electronics,Laptop,GlobalMart,336.99,243.25,S0030
P008954,Answer Shoes,Clothing,Shoes,Apex,325.25,230.67,S0288
P008955,Mrs Kitchen,Home,Kitchen,UrbanEdge,1393.22,987.27,S0100
P008956,Now Monitor,Electronics,Monitor,Apex,879.07,627.42,S0258
P008957,Marriage Tablet,Electronics,Tablet,Apex,1492.38,964.6,S0348
P008958,Vote Decor,Home,Decor,NextGen,1545.38,922.75,S0362
P008959,Nearly Smartphone,Electronics,Smartphone,PrimeGoods,418.52,340.42,S0131
P008960,Page Decor,Home,Decor,GlobalMart,186.43,126.87,S0392
P008961,Everyone Accessories,Clothing,Accessories,Vertex,1126.45,927.71,S0367
P008962,Election Kitchen,Home,Kitchen,NovaTech,619.49,493.79,S0229
P008963,Language Fitness,Sports,Fitness,NextGen,967.67,583.72,S0309
P008964,Race Business,Books,Business,PrimeGoods,35.1,27.0,S0026
P008965,Movement Education,Books,Education,UrbanEdge,938.32,569.66,S0085
P008966,Edge Football,Sports,Football,Apex,927.55,679.79,S0369
P008967,Explain Fiction,Books,Fiction,GlobalMart,344.84,295.99,S0250
P008968,History Fiction,Books,Fiction,NextGen,727.34,559.91,S0353
P008969,We Appliances,Home,Appliances,Vertex,464.07,336.24,S0207
P008970,Resource Decor,Home,Decor,Apex,713.54,436.73,S0170
P008971,Hold Appliances,Home,Appliances,NovaTech,523.24,371.81,S0481
P008972,Meet Business,Books,Business,NextGen,880.25,677.5,S0395
P008973,Story Appliances,Home,Appliances,Apex,984.11,563.55,S0495
P008974,Get Lighting,Home,Lighting,UrbanEdge,667.52,489.47,S0267
P008975,Find Lighting,Home,Lighting,Vertex,459.67,372.87,S0198
P008976,Black Business,Books,Business,UrbanEdge,792.29,555.52,S0158
P008977,None Accessories,Clothing,Accessories,NovaTech,27.35,17.01,S0451
P008978,Start Jackets,Clothing,Jackets,PrimeGoods,1581.48,911.07,S0109
P008979,That Business,Books,Business,EverBuy,890.63,496.62,S0102
P008980,Protect Furniture,Home,Furniture,GlobalMart,53.45,34.39,S0005
P008981,Fact Education,Books,Education,GlobalMart,162.31,113.0,S0057
P008982,Money Technology,Books,Technology,Apex,95.5,80.03,S0329
P008983,Maintain Smartphone,Electronics,Smartphone,PrimeGoods,500.13,299.81,S0095
P008984,Best Monitor,Electronics,Monitor,UrbanEdge,1303.74,918.98,S0139
P008985,General Shoes,Clothing,Shoes,NovaTech,531.79,402.27,S0426
P008986,Usually Headphones,Electronics,Headphones,EverBuy,229.59,138.8,S0141
P008987,Any Shirts,Clothing,Shirts,EverBuy,42.6,34.18,S0014
P008988,Lose Trousers,Clothing,Trousers,UrbanEdge,858.07,622.79,S0437
P008989,Perhaps Technology,Books,Technology,NextGen,1179.45,932.54,S0131
P008990,Capital Business,Books,Business,UrbanEdge,223.3,162.75,S0117
P008991,Often Outdoor,Sports,Outdoor,GlobalMart,1099.31,739.43,S0070
P008992,Administration Running,Sports,Running,Vertex,1079.9,832.22,S0167
P008993,Language Tablet,Electronics,Tablet,EverBuy,682.32,497.63,S0243
P008994,Spend Kitchen,Home,Kitchen,UrbanEdge,1034.18,733.52,S0188
P008995,Type Shirts,Clothing,Shirts,NextGen,1430.62,987.77,S0372
P008996,Learn Headphones,Electronics,Headphones,UrbanEdge,1378.46,988.62,S0266
P008997,Prevent Lighting,Home,Lighting,GlobalMart,830.31,622.47,S0364
P008998,Pay Fitness,Sports,Fitness,NovaTech,1012.55,648.79,S0270
P008999,Down Laptop,Electronics,Laptop,GlobalMart,327.14,272.83,S0025
P009000,However Headphones,Electronics,Headphones,Vertex,136.41,110.55,S0457
P009001,Evening Running,Sports,Running,Apex,1432.5,801.48,S0312
P009002,Amount Shirts,Clothing,Shirts,UrbanEdge,243.88,173.33,S0333
P009003,Catch Lighting,Home,Lighting,GlobalMart,1436.85,974.17,S0313
P009004,Include Trousers,Clothing,Trousers,Vertex,409.78,249.02,S0097
P009005,Member Smartphone,Electronics,Smartphone,NovaTech,706.7,500.56,S0348
P009006,Probably Cricket,Sports,Cricket,NovaTech,223.56,180.52,S0343
P009007,Quite Headphones,Electronics,Headphones,NextGen,1334.27,954.3,S0057
P009008,Whom Running,Sports,Running,GlobalMart,1069.38,909.17,S0487
P009009,Bed Fitness,Sports,Fitness,NextGen,534.7,445.05,S0296
P009010,Deal Trousers,Clothing,Trousers,Vertex,1264.94,768.41,S0124
P009011,Popular Furniture,Home,Furniture,GlobalMart,677.62,412.73,S0063
P009012,Miss Accessories,Clothing,Accessories,UrbanEdge,278.05,212.99,S0230
P009013,Hospital Fiction,Books,Fiction,Apex,1249.26,763.88,S0005
P009014,Style Smartphone,Electronics,Smartphone,NextGen,1452.49,954.12,S0129
P009015,Course Outdoor,Sports,Outdoor,EverBuy,1261.11,851.95,S0421
P009016,Account Business,Books,Business,UrbanEdge,1442.64,876.77,S0131
P009017,Least Running,Sports,Running,Apex,685.31,396.72,S0494
P009018,Beat Technology,Books,Technology,GlobalMart,503.75,417.54,S0493
P009019,Best Jackets,Clothing,Jackets,NovaTech,895.42,739.08,S0316
P009020,Standard Shoes,Clothing,Shoes,NextGen,200.57,118.96,S0297
P009021,Reflect Appliances,Home,Appliances,PrimeGoods,610.99,446.36,S0422
P009022,Huge Accessories,Clothing,Accessories,NovaTech,1041.03,729.09,S0500
P009023,Explain Fitness,Sports,Fitness,UrbanEdge,276.44,196.62,S0134
P009024,Hold Jackets,Clothing,Jackets,Apex,394.97,290.15,S0259
P009025,Care Football,Sports,Football,NextGen,161.48,94.38,S0020
P009026,Watch Tablet,Electronics,Tablet,Vertex,1019.33,610.67,S0471
P009027,Report Tablet,Electronics,Tablet,EverBuy,53.97,37.11,S0036
P009028,Ready Business,Books,Business,Vertex,950.17,628.91,S0484
P009029,White Outdoor,Sports,Outdoor,NextGen,373.76,275.97,S0114
P009030,Instead Kitchen,Home,Kitchen,Apex,995.48,705.13,S0062
P009031,Mind Laptop,Electronics,Laptop,PrimeGoods,532.7,368.88,S0081
P009032,Guess Laptop,Electronics,Laptop,UrbanEdge,1171.2,891.01,S0290
P009033,Natural Decor,Home,Decor,NextGen,115.04,65.37,S0206
P009034,Call Comics,Books,Comics,UrbanEdge,585.86,374.29,S0391
P009035,Effect Fitness,Sports,Fitness,UrbanEdge,465.06,319.26,S0153
P009036,Himself Furniture,Home,Furniture,PrimeGoods,1046.03,602.8,S0271
P009037,Magazine Tablet,Electronics,Tablet,NextGen,547.63,468.03,S0434
P009038,Parent Accessories,Clothing,Accessories,Apex,1382.17,850.58,S0308
P009039,Least Tablet,Electronics,Tablet,Vertex,750.06,458.12,S0051
P009040,Car Headphones,Electronics,Headphones,NextGen,709.56,562.86,S0261
P009041,Whose Accessories,Clothing,Accessories,UrbanEdge,981.32,566.72,S0426
P009042,Morning Football,Sports,Football,NextGen,1010.43,595.74,S0356
P009043,After Running,Sports,Running,Apex,1406.88,864.86,S0500
P009044,Personal Smartphone,Electronics,Smartphone,GlobalMart,1038.63,757.66,S0234
P009045,Training Accessories,Clothing,Accessories,Vertex,159.49,92.14,S0421
P009046,Program Football,Sports,Football,EverBuy,96.72,66.18,S0225
P009047,Different Education,Books,Education,Apex,1183.21,853.68,S0415
P009048,Spend Comics,Books,Comics,EverBuy,602.78,489.18,S0260
P009049,Affect Shirts,Clothing,Shirts,EverBuy,117.4,93.27,S0356
P009050,Try Technology,Books,Technology,EverBuy,986.62,761.86,S0071
P009051,Imagine Fiction,Books,Fiction,PrimeGoods,1169.26,864.98,S0256
P009052,Hospital Furniture,Home,Furniture,PrimeGoods,23.57,15.17,S0077
P009053,Billion Comics,Books,Comics,NextGen,1511.87,851.61,S0433
P009054,Tonight Smartphone,Electronics,Smartphone,GlobalMart,1273.86,766.49,S0153
P009055,Few Decor,Home,Decor,NextGen,1469.04,888.95,S0044
P009056,Any Football,Sports,Football,EverBuy,459.33,389.37,S0427
P009057,Involve Appliances,Home,Appliances,NextGen,950.98,660.55,S0267
P009058,Any Business,Books,Business,UrbanEdge,470.11,295.58,S0146
P009059,Above Laptop,Electronics,Laptop,EverBuy,193.93,157.57,S0219
P009060,Debate Lighting,Home,Lighting,UrbanEdge,1093.15,699.42,S0452
P009061,Nothing Shirts,Clothing,Shirts,UrbanEdge,814.34,642.42,S0482
P009062,Task Accessories,Clothing,Accessories,EverBuy,646.07,379.41,S0245
P009063,Cold Kitchen,Home,Kitchen,EverBuy,74.46,49.95,S0100
P009064,Under Smartphone,Electronics,Smartphone,Apex,1292.21,921.73,S0100
P009065,International Lighting,Home,Lighting,PrimeGoods,684.17,436.56,S0218
P009066,Officer Cricket,Sports,Cricket,PrimeGoods,67.2,42.87,S0421
P009067,Can Outdoor,Sports,Outdoor,NextGen,520.33,376.41,S0243
P009068,Structure Cricket,Sports,Cricket,Vertex,582.15,325.76,S0339
P009069,Member Business,Books,Business,GlobalMart,887.97,624.34,S0087
P009070,Describe Cricket,Sports,Cricket,Apex,760.46,526.05,S0023
P009071,Eye Kitchen,Home,Kitchen,UrbanEdge,538.77,423.54,S0422
P009072,Mind Shoes,Clothing,Shoes,GlobalMart,895.25,525.26,S0335
P009073,Someone Furniture,Home,Furniture,NextGen,1159.5,726.37,S0342
P009074,Country Business,Books,Business,NovaTech,279.32,195.24,S0435
P009075,Throw Laptop,Electronics,Laptop,NovaTech,607.27,348.58,S0210
P009076,Data Football,Sports,Football,Apex,382.25,243.57,S0247
P009077,Pay Trousers,Clothing,Trousers,PrimeGoods,537.85,309.24,S0462
P009078,Cold Outdoor,Sports,Outdoor,GlobalMart,248.18,140.28,S0386
P009079,Wife Smartphone,Electronics,Smartphone,NextGen,1098.76,617.93,S0026
P009080,It Football,Sports,Football,Apex,682.23,494.37,S0057
P009081,Full Cricket,Sports,Cricket,Vertex,748.91,436.33,S0191
P009082,Soldier Jackets,Clothing,Jackets,EverBuy,1392.94,914.32,S0064
P009083,Protect Technology,Books,Technology,NovaTech,588.63,352.17,S0191
P009084,Thus Education,Books,Education,Vertex,762.18,656.61,S0323
P009085,True Jackets,Clothing,Jackets,UrbanEdge,798.44,477.6,S0410
P009086,Hot Smartphone,Electronics,Smartphone,PrimeGoods,240.25,185.4,S0146
P009087,Finally Lighting,Home,Lighting,Vertex,976.28,804.0,S0284
P009088,Dog Decor,Home,Decor,GlobalMart,711.58,545.77,S0341
P009089,Wall Outdoor,Sports,Outdoor,Apex,239.68,145.83,S0418
P009090,Indicate Fitness,Sports,Fitness,UrbanEdge,1662.67,932.96,S0125
P009091,Allow Monitor,Electronics,Monitor,EverBuy,1040.88,600.37,S0488
P009092,Cup Laptop,Electronics,Laptop,EverBuy,381.66,246.16,S0211
P009093,Manage Headphones,Electronics,Headphones,GlobalMart,995.43,686.05,S0493
P009094,Three Decor,Home,Decor,GlobalMart,592.25,407.63,S0335
P009095,Total Kitchen,Home,Kitchen,Vertex,1201.76,685.49,S0490
P009096,Better Cricket,Sports,Cricket,Apex,147.82,90.72,S0232
P009097,Year Lighting,Home,Lighting,UrbanEdge,423.81,311.74,S0251
P009098,Word Cricket,Sports,Cricket,Apex,734.15,544.56,S0276
P009099,Down Appliances,Home,Appliances,NextGen,982.0,591.63,S0492
P009100,Finish Headphones,Electronics,Headphones,EverBuy,1024.25,840.61,S0478
P009101,Baby Outdoor,Sports,Outdoor,Apex,1131.9,814.01,S0257
P009102,Maybe Decor,Home,Decor,NovaTech,1135.15,983.68,S0414
P009103,Huge Football,Sports,Football,GlobalMart,1248.36,735.88,S0238
P009104,Before Jackets,Clothing,Jackets,Apex,843.94,501.65,S0417
P009105,By Education,Books,Education,EverBuy,824.96,609.66,S0004
P009106,Risk Cricket,Sports,Cricket,GlobalMart,649.78,460.14,S0447
P009107,Safe Shirts,Clothing,Shirts,EverBuy,1163.68,860.4,S0314
P009108,Poor Lighting,Home,Lighting,Apex,969.01,572.34,S0173
P009109,Visit Education,Books,Education,UrbanEdge,1076.27,926.71,S0368
P009110,Add Fiction,Books,Fiction,NextGen,1136.63,640.29,S0216
P009111,She Furniture,Home,Furniture,PrimeGoods,799.55,610.14,S0049
P009112,Really Appliances,Home,Appliances,EverBuy,934.2,702.78,S0451
P009113,His Technology,Books,Technology,EverBuy,87.57,66.74,S0323
P009114,Similar Technology,Books,Technology,UrbanEdge,109.82,67.07,S0474
P009115,Somebody Cricket,Sports,Cricket,PrimeGoods,454.26,362.46,S0430
P009116,You Jackets,Clothing,Jackets,UrbanEdge,139.18,102.83,S0383
P009117,Language Technology,Books,Technology,UrbanEdge,1281.2,839.46,S0094
P009118,Nation Trousers,Clothing,Trousers,Apex,1010.65,561.9,S0488
P009119,Finally Kitchen,Home,Kitchen,NovaTech,797.49,532.05,S0369
P009120,Toward Education,Books,Education,EverBuy,146.24,124.72,S0035
P009121,Pressure Business,Books,Business,NovaTech,925.94,572.72,S0314
P009122,Development Trousers,Clothing,Trousers,UrbanEdge,863.72,673.77,S0483
P009123,Sign Appliances,Home,Appliances,EverBuy,646.58,427.68,S0236
P009124,Camera Comics,Books,Comics,NextGen,49.17,40.16,S0246
P009125,Member Tablet,Electronics,Tablet,NextGen,659.66,366.78,S0359
P009126,School Cricket,Sports,Cricket,PrimeGoods,1023.16,602.74,S0316
P009127,Open Shoes,Clothing,Shoes,Vertex,546.78,419.0,S0446
P009128,Product Shoes,Clothing,Shoes,PrimeGoods,1409.04,783.75,S0131
P009129,Collection Tablet,Electronics,Tablet,PrimeGoods,177.51,117.71,S0227
P009130,Word Jackets,Clothing,Jackets,EverBuy,1305.32,775.43,S0478
P009131,Bed Monitor,Electronics,Monitor,NextGen,517.96,318.53,S0095
P009132,Stock Headphones,Electronics,Headphones,EverBuy,1456.71,984.96,S0075
P009133,Hit Fiction,Books,Fiction,PrimeGoods,190.22,112.73,S0139
P009134,Leader Trousers,Clothing,Trousers,Apex,611.76,479.0,S0344
P009135,Cell Lighting,Home,Lighting,PrimeGoods,37.16,24.43,S0055
P009136,Candidate Shirts,Clothing,Shirts,EverBuy,1137.07,862.65,S0210
P009137,Able Comics,Books,Comics,GlobalMart,1051.22,654.23,S0407
P009138,Fill Education,Books,Education,UrbanEdge,409.63,254.3,S0221
P009139,Mouth Trousers,Clothing,Trousers,Apex,1218.25,935.42,S0072
P009140,Specific Furniture,Home,Furniture,NextGen,127.73,110.7,S0293
P009141,Father Furniture,Home,Furniture,Apex,1202.37,971.21,S0124
P009142,Role Running,Sports,Running,PrimeGoods,1224.67,996.4,S0207
P009143,Together Cricket,Sports,Cricket,NextGen,111.29,68.27,S0267
P009144,Foreign Laptop,Electronics,Laptop,NextGen,858.26,513.97,S0478
P009145,Home Decor,Home,Decor,Vertex,1132.71,852.68,S0237
P009146,Executive Fiction,Books,Fiction,NextGen,289.81,245.71,S0157
P009147,Parent Shirts,Clothing,Shirts,NextGen,1098.61,705.67,S0464
P009148,Guy Smartphone,Electronics,Smartphone,EverBuy,1519.72,948.62,S0282
P009149,Particular Business,Books,Business,NextGen,313.94,223.79,S0096
P009150,Relate Cricket,Sports,Cricket,UrbanEdge,538.41,418.23,S0215
P009151,Nice Running,Sports,Running,NextGen,319.04,212.21,S0165
P009152,Course Fiction,Books,Fiction,GlobalMart,639.94,469.76,S0317
P009153,Open Fitness,Sports,Fitness,EverBuy,982.75,712.16,S0217
P009154,Student Accessories,Clothing,Accessories,PrimeGoods,1365.52,921.33,S0011
P009155,Pull Laptop,Electronics,Laptop,GlobalMart,452.7,308.96,S0370
P009156,Security Decor,Home,Decor,EverBuy,1739.03,978.54,S0385
P009157,Figure Tablet,Electronics,Tablet,GlobalMart,192.03,120.24,S0288
P009158,Stay Laptop,Electronics,Laptop,PrimeGoods,1213.2,769.78,S0092
P009159,Nearly Decor,Home,Decor,NextGen,1270.26,807.7,S0191
P009160,Firm Laptop,Electronics,Laptop,GlobalMart,83.13,70.39,S0100
P009161,Southern Kitchen,Home,Kitchen,EverBuy,1460.29,952.96,S0482
P009162,Throw Trousers,Clothing,Trousers,EverBuy,1570.64,899.84,S0253
P009163,Allow Fiction,Books,Fiction,PrimeGoods,1265.29,859.58,S0151
P009164,Health Lighting,Home,Lighting,Vertex,1113.43,809.21,S0388
P009165,Successful Smartphone,Electronics,Smartphone,Apex,70.55,47.29,S0071
P009166,Floor Lighting,Home,Lighting,GlobalMart,336.66,223.53,S0015
P009167,Reality Tablet,Electronics,Tablet,Apex,1511.85,924.46,S0196
P009168,Mr Comics,Books,Comics,GlobalMart,701.69,487.4,S0050
P009169,Need Tablet,Electronics,Tablet,NovaTech,127.38,91.96,S0325
P009170,Dog Cricket,Sports,Cricket,NextGen,464.88,379.33,S0145
P009171,Personal Cricket,Sports,Cricket,Apex,1198.16,906.18,S0286
P009172,In Jackets,Clothing,Jackets,Apex,1325.49,774.26,S0103
P009173,Kid Lighting,Home,Lighting,NextGen,567.18,448.74,S0098
P009174,Answer Outdoor,Sports,Outdoor,GlobalMart,127.81,97.42,S0374
P009175,Mother Education,Books,Education,PrimeGoods,1353.54,942.51,S0197
P009176,Catch Shirts,Clothing,Shirts,NovaTech,53.84,37.76,S0177
P009177,Expert Shoes,Clothing,Shoes,NextGen,399.24,325.7,S0421
P009178,Couple Running,Sports,Running,Apex,46.68,32.2,S0056
P009179,Least Lighting,Home,Lighting,NovaTech,822.01,514.04,S0211
P009180,Ok Shirts,Clothing,Shirts,EverBuy,746.8,416.02,S0089
P009181,Card Kitchen,Home,Kitchen,Apex,1452.57,929.49,S0317
P009182,Dinner Monitor,Electronics,Monitor,Apex,489.73,334.39,S0331
P009183,Sing Jackets,Clothing,Jackets,EverBuy,313.87,239.78,S0220
P009184,Letter Outdoor,Sports,Outdoor,NextGen,278.44,221.95,S0320
P009185,Audience Tablet,Electronics,Tablet,Vertex,1489.43,983.12,S0230
P009186,Three Trousers,Clothing,Trousers,Apex,744.04,430.77,S0420
P009187,Seem Headphones,Electronics,Headphones,PrimeGoods,793.33,558.93,S0467
P009188,Only Technology,Books,Technology,Apex,512.15,405.18,S0391
P009189,Show Football,Sports,Football,PrimeGoods,280.49,208.26,S0492
P009190,Simply Headphones,Electronics,Headphones,Vertex,1009.29,686.34,S0362
P009191,Carry Appliances,Home,Appliances,Vertex,890.21,541.98,S0122
P009192,Common Fitness,Sports,Fitness,NovaTech,499.4,291.34,S0081
P009193,Culture Football,Sports,Football,EverBuy,89.08,55.55,S0281
P009194,Four Education,Books,Education,EverBuy,1755.61,981.26,S0202
P009195,Beautiful Jackets,Clothing,Jackets,NovaTech,1434.4,846.52,S0272
P009196,First Laptop,Electronics,Laptop,Vertex,705.69,398.17,S0334
P009197,Worker Smartphone,Electronics,Smartphone,UrbanEdge,54.42,40.6,S0133
P009198,Carry Outdoor,Sports,Outdoor,GlobalMart,1498.91,913.65,S0188
P009199,Serious Jackets,Clothing,Jackets,EverBuy,788.29,538.69,S0137
P009200,Book Furniture,Home,Furniture,NovaTech,862.62,556.17,S0082
P009201,Name Tablet,Electronics,Tablet,NovaTech,1119.94,628.33,S0249
P009202,Lose Running,Sports,Running,EverBuy,798.03,561.23,S0037
P009203,Heavy Laptop,Electronics,Laptop,Apex,790.19,471.11,S0062
P009204,Production Football,Sports,Football,NextGen,1031.38,670.83,S0047
P009205,Chair Lighting,Home,Lighting,GlobalMart,529.4,450.53,S0058
P009206,Process Shirts,Clothing,Shirts,UrbanEdge,302.04,188.95,S0362
P009207,Entire Cricket,Sports,Cricket,Apex,1326.56,863.34,S0462
P009208,Commercial Laptop,Electronics,Laptop,PrimeGoods,1136.3,650.85,S0470
P009209,Recently Comics,Books,Comics,Vertex,1250.03,741.11,S0063
P009210,Public Shirts,Clothing,Shirts,Apex,273.42,183.83,S0104
P009211,Improve Kitchen,Home,Kitchen,UrbanEdge,257.59,215.18,S0288
P009212,Safe Business,Books,Business,GlobalMart,944.56,691.5,S0045
P009213,With Football,Sports,Football,GlobalMart,920.73,620.92,S0331
P009214,Guess Trousers,Clothing,Trousers,GlobalMart,834.46,465.02,S0350
P009215,Loss Appliances,Home,Appliances,GlobalMart,1361.43,986.14,S0324
P009216,Possible Football,Sports,Football,UrbanEdge,642.34,376.23,S0244
P009217,Natural Football,Sports,Football,NextGen,1615.73,914.07,S0172
P009218,Build Decor,Home,Decor,Apex,954.77,581.43,S0197
P009219,Every Fiction,Books,Fiction,UrbanEdge,1384.88,899.29,S0314
P009220,Continue Outdoor,Sports,Outdoor,NextGen,488.74,338.56,S0146
P009221,Might Jackets,Clothing,Jackets,Vertex,109.69,82.28,S0368
P009222,Tax Education,Books,Education,UrbanEdge,167.74,107.56,S0467
P009223,Kitchen Accessories,Clothing,Accessories,PrimeGoods,824.19,614.58,S0108
P009224,Probably Fiction,Books,Fiction,Apex,640.08,400.88,S0472
P009225,Themselves Lighting,Home,Lighting,EverBuy,858.22,710.72,S0128
P009226,Toward Headphones,Electronics,Headphones,UrbanEdge,647.26,561.1,S0115
P009227,Nation Trousers,Clothing,Trousers,NextGen,285.11,181.57,S0387
P009228,Important Fitness,Sports,Fitness,Vertex,1062.98,682.43,S0360
P009229,Finish Laptop,Electronics,Laptop,GlobalMart,627.69,425.32,S0181
P009230,Information Shoes,Clothing,Shoes,PrimeGoods,532.61,329.91,S0406
P009231,Create Cricket,Sports,Cricket,GlobalMart,866.49,538.83,S0165
P009232,Everybody Running,Sports,Running,Vertex,1330.69,910.4,S0253
P009233,Field Fitness,Sports,Fitness,NextGen,232.12,151.77,S0029
P009234,Follow Furniture,Home,Furniture,UrbanEdge,1637.92,999.49,S0246
P009235,Social Shoes,Clothing,Shoes,NovaTech,934.08,645.5,S0461
P009236,Never Smartphone,Electronics,Smartphone,Vertex,1039.55,676.13,S0404
P009237,Assume Fiction,Books,Fiction,NextGen,45.64,29.71,S0452
P009238,Huge Kitchen,Home,Kitchen,GlobalMart,534.21,422.83,S0389
P009239,Benefit Lighting,Home,Lighting,UrbanEdge,992.66,652.68,S0214
P009240,True Fiction,Books,Fiction,EverBuy,28.32,21.64,S0266
P009241,Evidence Decor,Home,Decor,Vertex,1226.22,766.36,S0272
P009242,Money Shirts,Clothing,Shirts,UrbanEdge,857.3,680.52,S0137
P009243,Could Kitchen,Home,Kitchen,PrimeGoods,407.65,252.51,S0275
P009244,Marriage Fiction,Books,Fiction,GlobalMart,373.54,237.16,S0378
P009245,Lead Tablet,Electronics,Tablet,NovaTech,409.51,276.82,S0216
P009246,Effort Decor,Home,Decor,Vertex,1454.59,890.75,S0169
P009247,Sea Laptop,Electronics,Laptop,Vertex,924.76,633.61,S0276
P009248,After Technology,Books,Technology,EverBuy,1531.1,958.08,S0459
P009249,Three Smartphone,Electronics,Smartphone,Vertex,719.83,462.49,S0171
P009250,Institution Smartphone,Electronics,Smartphone,PrimeGoods,429.76,310.14,S0314
P009251,Believe Business,Books,Business,NovaTech,723.37,519.32,S0356
P009252,Instead Furniture,Home,Furniture,UrbanEdge,71.52,56.32,S0170
P009253,Amount Education,Books,Education,Vertex,693.35,545.52,S0415
P009254,Stock Laptop,Electronics,Laptop,EverBuy,1095.86,654.86,S0408
P009255,Condition Kitchen,Home,Kitchen,PrimeGoods,231.25,180.49,S0292
P009256,Class Jackets,Clothing,Jackets,EverBuy,1047.82,698.47,S0317
P009257,Character Business,Books,Business,Vertex,1505.3,907.54,S0240
P009258,Long Technology,Books,Technology,EverBuy,699.09,483.75,S0164
P009259,Determine Smartphone,Electronics,Smartphone,UrbanEdge,536.97,407.43,S0422
P009260,Fine Laptop,Electronics,Laptop,UrbanEdge,396.89,282.09,S0260
P009261,Radio Football,Sports,Football,Apex,97.77,76.29,S0314
P009262,Character Outdoor,Sports,Outdoor,NovaTech,601.13,393.01,S0479
P009263,Method Outdoor,Sports,Outdoor,NovaTech,753.81,455.83,S0339
P009264,Hold Lighting,Home,Lighting,NextGen,242.33,204.52,S0267
P009265,Church Shoes,Clothing,Shoes,Apex,56.59,34.58,S0355
P009266,None Tablet,Electronics,Tablet,PrimeGoods,455.73,382.13,S0453
P009267,Role Headphones,Electronics,Headphones,Vertex,731.43,445.01,S0472
P009268,Dog Shoes,Clothing,Shoes,EverBuy,845.37,528.98,S0278
P009269,Specific Business,Books,Business,NovaTech,1432.15,851.01,S0390
P009270,Wish Smartphone,Electronics,Smartphone,UrbanEdge,652.71,543.5,S0198
P009271,Reason Appliances,Home,Appliances,NovaTech,1078.34,893.87,S0215
P009272,Present Appliances,Home,Appliances,NextGen,1238.83,904.39,S0221
P009273,Account Cricket,Sports,Cricket,Vertex,861.7,590.48,S0389
P009274,Car Decor,Home,Decor,Vertex,1006.8,650.22,S0042
P009275,Hundred Monitor,Electronics,Monitor,PrimeGoods,112.88,65.72,S0109
P009276,Peace Football,Sports,Football,Apex,267.53,154.08,S0248
P009277,Drop Jackets,Clothing,Jackets,Vertex,826.67,622.7,S0355
P009278,Door Smartphone,Electronics,Smartphone,Vertex,105.78,77.32,S0453
P009279,Music Shirts,Clothing,Shirts,NovaTech,983.62,668.81,S0019
P009280,Different Lighting,Home,Lighting,PrimeGoods,216.41,133.15,S0045
P009281,College Outdoor,Sports,Outdoor,Apex,84.01,62.79,S0012
P009282,Community Kitchen,Home,Kitchen,PrimeGoods,411.68,292.19,S0253
P009283,Development Football,Sports,Football,NextGen,150.53,108.17,S0349
P009284,Lose Tablet,Electronics,Tablet,GlobalMart,1292.11,986.03,S0456
P009285,Blue Education,Books,Education,NextGen,446.49,363.65,S0044
P009286,Reason Smartphone,Electronics,Smartphone,EverBuy,399.45,322.49,S0096
P009287,Wind Comics,Books,Comics,GlobalMart,883.85,632.28,S0485
P009288,Degree Running,Sports,Running,NovaTech,392.14,279.77,S0187
P009289,Executive Technology,Books,Technology,GlobalMart,455.76,309.26,S0054
P009290,Field Running,Sports,Running,GlobalMart,1097.79,862.09,S0055
P009291,Coach Shirts,Clothing,Shirts,NovaTech,822.4,557.32,S0241
P009292,Authority Fitness,Sports,Fitness,UrbanEdge,158.01,92.33,S0355
P009293,Visit Football,Sports,Football,PrimeGoods,960.79,801.81,S0029
P009294,Teach Monitor,Electronics,Monitor,GlobalMart,851.71,492.82,S0354
P009295,Catch Jackets,Clothing,Jackets,Apex,117.1,95.01,S0201
P009296,Hard Technology,Books,Technology,GlobalMart,1360.11,768.35,S0357
P009297,Pm Fitness,Sports,Fitness,NovaTech,1076.6,642.16,S0404
P009298,Bar Monitor,Electronics,Monitor,Vertex,1091.56,720.57,S0198
P009299,Next Football,Sports,Football,UrbanEdge,328.04,279.02,S0048
P009300,Window Trousers,Clothing,Trousers,GlobalMart,1595.55,947.34,S0279
P009301,Yet Appliances,Home,Appliances,Apex,979.44,589.83,S0393
P009302,Serious Comics,Books,Comics,Apex,210.98,123.7,S0396
P009303,Traditional Shirts,Clothing,Shirts,UrbanEdge,1166.56,948.75,S0220
P009304,Those Kitchen,Home,Kitchen,PrimeGoods,1025.42,702.14,S0345
P009305,Approach Shoes,Clothing,Shoes,NovaTech,912.51,551.87,S0318
P009306,Want Trousers,Clothing,Trousers,EverBuy,1172.61,659.5,S0381
P009307,Front Business,Books,Business,Vertex,543.64,308.3,S0107
P009308,Everybody Furniture,Home,Furniture,NextGen,972.43,815.67,S0204
P009309,Many Accessories,Clothing,Accessories,Apex,1150.39,844.11,S0318
P009310,Mention Laptop,Electronics,Laptop,PrimeGoods,1245.46,755.48,S0169
P009311,Sport Running,Sports,Running,GlobalMart,973.24,818.45,S0304
P009312,Financial Shoes,Clothing,Shoes,Vertex,726.97,453.81,S0214
P009313,Building Furniture,Home,Furniture,UrbanEdge,441.04,274.2,S0192
P009314,Which Outdoor,Sports,Outdoor,NextGen,121.4,94.54,S0375
P009315,Way Shirts,Clothing,Shirts,EverBuy,754.56,518.47,S0230
P009316,Know Decor,Home,Decor,Apex,714.51,419.98,S0086
P009317,Admit Laptop,Electronics,Laptop,NovaTech,206.38,146.26,S0153
P009318,Bit Appliances,Home,Appliances,PrimeGoods,417.11,260.6,S0188
P009319,Doctor Lighting,Home,Lighting,UrbanEdge,1629.71,960.95,S0051
P009320,Successful Kitchen,Home,Kitchen,EverBuy,129.74,75.02,S0273
P009321,Few Technology,Books,Technology,NextGen,108.49,64.87,S0467
P009322,Test Cricket,Sports,Cricket,EverBuy,1180.31,916.38,S0377
P009323,He Decor,Home,Decor,Vertex,260.3,146.47,S0405
P009324,Open Appliances,Home,Appliances,NextGen,294.99,209.44,S0241
P009325,Myself Football,Sports,Football,NextGen,978.62,605.77,S0038
P009326,Alone Cricket,Sports,Cricket,UrbanEdge,377.69,234.5,S0317
P009327,Deal Smartphone,Electronics,Smartphone,GlobalMart,707.99,555.86,S0145
P009328,Almost Shirts,Clothing,Shirts,NextGen,808.51,498.57,S0116
P009329,Air Business,Books,Business,NovaTech,1148.52,840.92,S0053
P009330,Others Kitchen,Home,Kitchen,Apex,82.4,51.4,S0481
P009331,Carry Football,Sports,Football,Apex,971.1,553.12,S0142
P009332,Shoulder Monitor,Electronics,Monitor,NextGen,1331.11,753.69,S0462
P009333,His Tablet,Electronics,Tablet,Vertex,912.95,565.4,S0421
P009334,Hot Headphones,Electronics,Headphones,NovaTech,85.06,70.0,S0133
P009335,End Accessories,Clothing,Accessories,Vertex,242.1,187.42,S0223
P009336,Or Comics,Books,Comics,Vertex,356.56,255.44,S0115
P009337,Section Shoes,Clothing,Shoes,PrimeGoods,427.12,288.4,S0067
P009338,Hold Comics,Books,Comics,Vertex,260.98,175.2,S0485
P009339,Major Laptop,Electronics,Laptop,NextGen,694.97,432.79,S0228
P009340,Best Decor,Home,Decor,GlobalMart,951.59,548.26,S0025
P009341,Reveal Lighting,Home,Lighting,Apex,854.69,651.83,S0134
P009342,Company Fiction,Books,Fiction,NextGen,1082.36,892.39,S0203
P009343,Guess Decor,Home,Decor,UrbanEdge,1151.86,875.57,S0151
P009344,Through Shoes,Clothing,Shoes,NovaTech,1393.1,894.68,S0485
P009345,Everything Fiction,Books,Fiction,Vertex,872.92,716.45,S0003
P009346,Mean Shirts,Clothing,Shirts,Vertex,700.74,500.88,S0042
P009347,Example Furniture,Home,Furniture,EverBuy,414.18,322.07,S0255
P009348,Involve Outdoor,Sports,Outdoor,NovaTech,609.19,474.21,S0431
P009349,Medical Appliances,Home,Appliances,Apex,656.3,386.43,S0219
P009350,Class Headphones,Electronics,Headphones,EverBuy,480.51,330.08,S0183
P009351,Grow Education,Books,Education,EverBuy,27.26,16.63,S0383
P009352,Finish Shirts,Clothing,Shirts,Vertex,782.27,450.59,S0021
P009353,Guy Fiction,Books,Fiction,PrimeGoods,1302.47,822.47,S0320
P009354,Natural Comics,Books,Comics,NovaTech,208.79,148.5,S0144
P009355,Perform Business,Books,Business,EverBuy,849.81,729.29,S0132
P009356,Agree Running,Sports,Running,PrimeGoods,473.4,305.41,S0067
P009357,Such Decor,Home,Decor,Apex,1128.3,951.05,S0318
P009358,Major Kitchen,Home,Kitchen,GlobalMart,551.88,383.39,S0325
P009359,Word Outdoor,Sports,Outdoor,NextGen,1408.95,815.92,S0321
P009360,Between Shirts,Clothing,Shirts,NextGen,922.69,795.12,S0132
P009361,Focus Kitchen,Home,Kitchen,NovaTech,388.85,307.66,S0464
P009362,Thousand Monitor,Electronics,Monitor,NovaTech,58.61,39.11,S0362
P009363,Believe Outdoor,Sports,Outdoor,NovaTech,760.5,617.04,S0043
P009364,From Shirts,Clothing,Shirts,PrimeGoods,746.19,429.57,S0457
P009365,Energy Appliances,Home,Appliances,Apex,830.71,492.19,S0286
P009366,Detail Trousers,Clothing,Trousers,EverBuy,287.39,196.27,S0386
P009367,Very Cricket,Sports,Cricket,GlobalMart,296.36,207.21,S0173
P009368,Sign Kitchen,Home,Kitchen,EverBuy,414.93,335.89,S0083
P009369,Feeling Shoes,Clothing,Shoes,UrbanEdge,742.28,621.14,S0333
P009370,Actually Running,Sports,Running,Vertex,549.25,337.27,S0027
P009371,Soon Business,Books,Business,NovaTech,967.5,619.64,S0329
P009372,A Fitness,Sports,Fitness,NextGen,1301.88,758.22,S0007
P009373,Light Cricket,Sports,Cricket,UrbanEdge,541.05,445.18,S0186
P009374,Treatment Headphones,Electronics,Headphones,NovaTech,914.83,555.84,S0418
P009375,Action Tablet,Electronics,Tablet,NovaTech,631.66,499.22,S0450
P009376,Pull Technology,Books,Technology,NovaTech,646.71,503.25,S0149
P009377,Whether Comics,Books,Comics,Apex,1293.89,998.78,S0349
P009378,My Furniture,Home,Furniture,Vertex,609.2,353.78,S0464
P009379,Might Business,Books,Business,NextGen,710.54,483.73,S0269
P009380,Indeed Shirts,Clothing,Shirts,EverBuy,73.73,62.17,S0193
P009381,Assume Kitchen,Home,Kitchen,GlobalMart,859.37,643.99,S0264
P009382,Baby Outdoor,Sports,Outdoor,Apex,674.41,435.23,S0480
P009383,Or Jackets,Clothing,Jackets,EverBuy,1186.88,782.16,S0192
P009384,Address Fitness,Sports,Fitness,Apex,386.44,216.83,S0120
P009385,Plan Appliances,Home,Appliances,NovaTech,1155.57,746.67,S0489
P009386,Product Outdoor,Sports,Outdoor,UrbanEdge,619.17,361.13,S0030
P009387,Best Lighting,Home,Lighting,NovaTech,1033.23,735.74,S0433
P009388,Those Football,Sports,Football,Apex,304.25,216.83,S0395
P009389,Try Fitness,Sports,Fitness,NextGen,871.33,651.83,S0344
P009390,State Cricket,Sports,Cricket,NovaTech,796.08,625.18,S0098
P009391,Nice Fitness,Sports,Fitness,Vertex,98.74,75.58,S0002
P009392,Kitchen Trousers,Clothing,Trousers,NovaTech,187.89,134.85,S0192
P009393,Work Furniture,Home,Furniture,GlobalMart,435.19,263.07,S0043
P009394,According Tablet,Electronics,Tablet,PrimeGoods,493.8,306.41,S0044
P009395,Always Kitchen,Home,Kitchen,Vertex,881.38,634.8,S0150
P009396,Against Football,Sports,Football,EverBuy,1185.64,849.82,S0480
P009397,Spring Cricket,Sports,Cricket,EverBuy,779.12,634.15,S0457
P009398,Tend Lighting,Home,Lighting,GlobalMart,839.89,570.96,S0237
P009399,Letter Shirts,Clothing,Shirts,EverBuy,1083.64,775.35,S0308
P009400,Feeling Education,Books,Education,PrimeGoods,470.76,315.55,S0365
P009401,Effort Shirts,Clothing,Shirts,NovaTech,1577.11,887.93,S0263
P009402,Environment Shoes,Clothing,Shoes,EverBuy,213.93,139.11,S0227
P009403,Where Headphones,Electronics,Headphones,NovaTech,1304.99,786.51,S0159
P009404,East Accessories,Clothing,Accessories,NovaTech,1547.95,888.85,S0018
P009405,While Kitchen,Home,Kitchen,Apex,118.66,96.58,S0488
P009406,Account Comics,Books,Comics,Apex,1431.03,880.9,S0084
P009407,Line Fiction,Books,Fiction,UrbanEdge,327.24,263.77,S0003
P009408,Stock Fitness,Sports,Fitness,NextGen,99.04,55.53,S0091
P009409,Risk Smartphone,Electronics,Smartphone,UrbanEdge,1507.01,904.36,S0482
P009410,Individual Laptop,Electronics,Laptop,Apex,1185.18,747.61,S0230
P009411,Bag Fiction,Books,Fiction,PrimeGoods,701.19,470.82,S0034
P009412,Positive Headphones,Electronics,Headphones,NextGen,612.51,442.99,S0251
P009413,Bring Accessories,Clothing,Accessories,Vertex,489.67,405.96,S0119
P009414,Full Laptop,Electronics,Laptop,GlobalMart,525.41,448.68,S0431
P009415,Involve Accessories,Clothing,Accessories,GlobalMart,965.24,623.88,S0122
P009416,Network Comics,Books,Comics,UrbanEdge,249.23,211.78,S0228
P009417,Quickly Smartphone,Electronics,Smartphone,EverBuy,1120.66,630.5,S0360
P009418,Many Jackets,Clothing,Jackets,Vertex,581.03,476.42,S0461
P009419,Personal Technology,Books,Technology,NextGen,373.5,267.92,S0077
P009420,Factor Football,Sports,Football,Vertex,1342.03,833.86,S0466
P009421,Student Headphones,Electronics,Headphones,UrbanEdge,1315.14,954.17,S0418
P009422,Anything Fitness,Sports,Fitness,Apex,676.21,398.11,S0225
P009423,Travel Laptop,Electronics,Laptop,UrbanEdge,410.51,245.54,S0195
P009424,Herself Business,Books,Business,Vertex,1025.09,668.93,S0483
P009425,Performance Fitness,Sports,Fitness,UrbanEdge,1300.3,768.98,S0354
P009426,Design Smartphone,Electronics,Smartphone,UrbanEdge,547.03,343.1,S0007
P009427,Article Fitness,Sports,Fitness,UrbanEdge,277.91,165.92,S0070
P009428,Apply Jackets,Clothing,Jackets,Apex,828.17,544.97,S0418
P009429,Learn Fiction,Books,Fiction,Vertex,64.4,36.05,S0415
P009430,Agency Shirts,Clothing,Shirts,GlobalMart,1226.64,776.45,S0088
P009431,Third Accessories,Clothing,Accessories,NovaTech,1211.64,927.3,S0368
P009432,Skill Comics,Books,Comics,Vertex,866.76,741.7,S0171
P009433,Way Furniture,Home,Furniture,Vertex,233.86,167.87,S0051
P009434,Around Running,Sports,Running,NovaTech,757.67,437.48,S0007
P009435,Measure Decor,Home,Decor,UrbanEdge,193.29,161.65,S0120
P009436,A Lighting,Home,Lighting,Vertex,1000.43,632.41,S0027
P009437,Drive Accessories,Clothing,Accessories,PrimeGoods,940.5,523.68,S0064
P009438,She Tablet,Electronics,Tablet,Vertex,368.92,267.57,S0280
P009439,Radio Shoes,Clothing,Shoes,NovaTech,441.16,316.83,S0170
P009440,Family Monitor,Electronics,Monitor,UrbanEdge,1352.29,842.92,S0405
P009441,His Cricket,Sports,Cricket,PrimeGoods,1529.6,938.5,S0329
P009442,Detail Jackets,Clothing,Jackets,PrimeGoods,1469.28,863.71,S0095
P009443,Eat Appliances,Home,Appliances,GlobalMart,884.75,758.41,S0299
P009444,Cultural Lighting,Home,Lighting,PrimeGoods,1219.2,734.83,S0049
P009445,Lead Furniture,Home,Furniture,Vertex,135.78,96.3,S0116
P009446,Rest Kitchen,Home,Kitchen,UrbanEdge,1594.24,967.62,S0313
P009447,Military Decor,Home,Decor,Vertex,331.85,194.03,S0170
P009448,Probably Smartphone,Electronics,Smartphone,Apex,1130.49,901.32,S0395
P009449,Quite Shoes,Clothing,Shoes,NovaTech,405.14,326.01,S0057
P009450,Station Kitchen,Home,Kitchen,EverBuy,1027.99,721.18,S0482
P009451,Man Shirts,Clothing,Shirts,NovaTech,1084.15,665.47,S0095
P009452,Toward Fiction,Books,Fiction,Apex,1076.77,773.9,S0099
P009453,Camera Headphones,Electronics,Headphones,GlobalMart,711.88,495.54,S0456
P009454,Week Decor,Home,Decor,NextGen,843.54,527.64,S0143
P009455,Money Fitness,Sports,Fitness,PrimeGoods,1176.67,714.2,S0412
P009456,Admit Running,Sports,Running,PrimeGoods,934.77,637.2,S0473
P009457,Card Laptop,Electronics,Laptop,PrimeGoods,957.56,796.71,S0247
P009458,Accept Comics,Books,Comics,EverBuy,683.08,566.33,S0488
P009459,Discuss Running,Sports,Running,GlobalMart,597.87,358.33,S0359
P009460,Indeed Furniture,Home,Furniture,NovaTech,17.66,10.09,S0282
P009461,Simple Running,Sports,Running,EverBuy,1054.37,842.7,S0383
P009462,Spring Laptop,Electronics,Laptop,UrbanEdge,1279.68,916.37,S0035
P009463,Cell Education,Books,Education,EverBuy,847.49,496.69,S0226
P009464,Argue Shirts,Clothing,Shirts,Apex,1105.65,682.65,S0130
P009465,Either Decor,Home,Decor,PrimeGoods,777.14,561.64,S0260
P009466,Learn Education,Books,Education,PrimeGoods,819.78,509.33,S0472
P009467,Trouble Accessories,Clothing,Accessories,EverBuy,837.89,721.06,S0333
P009468,Thought Fitness,Sports,Fitness,NextGen,539.77,392.35,S0128
P009469,Point Business,Books,Business,GlobalMart,1069.73,622.02,S0307
P009470,Society Business,Books,Business,UrbanEdge,434.34,365.91,S0279
P009471,Draw Headphones,Electronics,Headphones,PrimeGoods,1067.48,781.56,S0142
P009472,Among Comics,Books,Comics,EverBuy,566.8,384.68,S0409
P009473,Trouble Shoes,Clothing,Shoes,GlobalMart,1162.26,665.07,S0041
P009474,Member Decor,Home,Decor,EverBuy,650.23,395.48,S0344
P009475,Middle Running,Sports,Running,Apex,1355.97,987.06,S0459
P009476,Author Trousers,Clothing,Trousers,GlobalMart,1050.95,705.84,S0137
P009477,Production Education,Books,Education,GlobalMart,557.81,418.95,S0407
P009478,From Lighting,Home,Lighting,Vertex,948.31,614.46,S0095
P009479,Window Appliances,Home,Appliances,NovaTech,517.3,307.26,S0152
P009480,Teacher Education,Books,Education,Vertex,1124.45,692.94,S0489
P009481,Street Education,Books,Education,GlobalMart,248.61,156.48,S0400
P009482,Best Comics,Books,Comics,NextGen,659.48,453.98,S0211
P009483,About Fitness,Sports,Fitness,GlobalMart,687.36,488.21,S0426
P009484,Remain Business,Books,Business,Apex,755.05,472.8,S0071
P009485,About Monitor,Electronics,Monitor,NextGen,236.87,169.62,S0418
P009486,These Football,Sports,Football,NextGen,1174.79,756.44,S0242
P009487,Pass Business,Books,Business,PrimeGoods,1473.44,846.16,S0461
P009488,Box Shirts,Clothing,Shirts,PrimeGoods,429.77,270.08,S0254
P009489,Rate Headphones,Electronics,Headphones,GlobalMart,956.24,805.86,S0178
P009490,Side Tablet,Electronics,Tablet,PrimeGoods,1237.88,759.19,S0061
P009491,Politics Appliances,Home,Appliances,NextGen,1049.35,771.65,S0353
P009492,Amount Education,Books,Education,NovaTech,1487.07,866.44,S0269
P009493,Score Outdoor,Sports,Outdoor,NextGen,33.94,21.88,S0226
P009494,We Smartphone,Electronics,Smartphone,Apex,1116.07,803.32,S0367
P009495,Effect Business,Books,Business,EverBuy,885.51,620.13,S0178
P009496,Than Trousers,Clothing,Trousers,GlobalMart,1122.14,892.89,S0275
P009497,Idea Monitor,Electronics,Monitor,PrimeGoods,488.97,339.86,S0403
P009498,Song Monitor,Electronics,Monitor,EverBuy,60.12,36.37,S0114
P009499,Movement Jackets,Clothing,Jackets,NovaTech,545.38,317.63,S0406
P009500,Performance Tablet,Electronics,Tablet,Vertex,737.25,583.54,S0313
P009501,Source Shoes,Clothing,Shoes,NextGen,559.05,455.78,S0156
P009502,You Decor,Home,Decor,UrbanEdge,1002.54,589.96,S0026
P009503,What Comics,Books,Comics,Apex,801.78,665.6,S0123
P009504,Result Lighting,Home,Lighting,NovaTech,1225.79,908.56,S0097
P009505,Word Running,Sports,Running,GlobalMart,181.17,130.78,S0194
P009506,Movement Technology,Books,Technology,Apex,1405.86,828.62,S0489
P009507,Instead Appliances,Home,Appliances,EverBuy,446.25,267.68,S0498
P009508,Kid Laptop,Electronics,Laptop,Vertex,255.87,193.62,S0461
P009509,Movie Running,Sports,Running,EverBuy,925.23,715.63,S0459
P009510,Social Shirts,Clothing,Shirts,NovaTech,493.66,372.05,S0449
P009511,Involve Running,Sports,Running,EverBuy,708.57,429.19,S0372
P009512,Pay Shoes,Clothing,Shoes,Vertex,192.66,109.81,S0316
P009513,Skill Smartphone,Electronics,Smartphone,Vertex,248.08,157.21,S0221
P009514,Throughout Monitor,Electronics,Monitor,EverBuy,655.55,389.08,S0042
P009515,Summer Education,Books,Education,PrimeGoods,224.42,178.5,S0107
P009516,Small Fiction,Books,Fiction,UrbanEdge,480.11,369.99,S0232
P009517,Administration Technology,Books,Technology,PrimeGoods,615.35,472.95,S0061
P009518,What Business,Books,Business,GlobalMart,295.46,175.78,S0287
P009519,Bed Accessories,Clothing,Accessories,Vertex,974.97,669.0,S0369
P009520,Hope Smartphone,Electronics,Smartphone,Vertex,362.59,290.28,S0369
P009521,Go Comics,Books,Comics,Vertex,1159.92,770.26,S0324
P009522,Answer Comics,Books,Comics,EverBuy,1322.54,809.13,S0149
P009523,Huge Lighting,Home,Lighting,Apex,1134.8,954.14,S0289
P009524,Lead Headphones,Electronics,Headphones,GlobalMart,1030.96,703.24,S0488
P009525,Never Comics,Books,Comics,GlobalMart,717.69,519.43,S0052
P009526,Color Fitness,Sports,Fitness,PrimeGoods,329.9,245.45,S0464
P009527,Section Technology,Books,Technology,UrbanEdge,1418.78,824.93,S0363
P009528,Generation Shoes,Clothing,Shoes,GlobalMart,480.74,291.07,S0114
P009529,Thank Lighting,Home,Lighting,UrbanEdge,378.68,318.56,S0095
P009530,Than Comics,Books,Comics,NextGen,490.85,290.02,S0207
P009531,Language Laptop,Electronics,Laptop,NovaTech,832.33,683.37,S0433
P009532,Less Running,Sports,Running,EverBuy,1647.95,999.52,S0082
P009533,Already Furniture,Home,Furniture,GlobalMart,1038.49,655.91,S0195
P009534,Remain Appliances,Home,Appliances,Vertex,1459.55,919.8,S0272
P009535,Drop Headphones,Electronics,Headphones,GlobalMart,111.49,75.72,S0413
P009536,Agree Jackets,Clothing,Jackets,NovaTech,254.11,214.72,S0130
P009537,Myself Furniture,Home,Furniture,Vertex,651.42,476.46,S0263
P009538,Model Lighting,Home,Lighting,Apex,1071.86,704.98,S0301
P009539,Really Tablet,Electronics,Tablet,UrbanEdge,803.06,511.88,S0297
P009540,Stuff Business,Books,Business,NovaTech,1114.66,771.34,S0336
P009541,Green Fiction,Books,Fiction,UrbanEdge,745.89,455.86,S0397
P009542,None Football,Sports,Football,UrbanEdge,550.67,333.41,S0039
P009543,Less Outdoor,Sports,Outdoor,Apex,1373.83,854.47,S0372
P009544,Better Accessories,Clothing,Accessories,Vertex,995.1,649.2,S0426
P009545,Lead Accessories,Clothing,Accessories,NovaTech,1021.89,849.32,S0203
P009546,Including Kitchen,Home,Kitchen,Apex,912.05,762.05,S0332
P009547,Wonder Football,Sports,Football,NovaTech,710.84,426.52,S0241
P009548,Across Smartphone,Electronics,Smartphone,NextGen,556.63,353.23,S0209
P009549,Test Cricket,Sports,Cricket,NovaTech,524.19,291.27,S0023
P009550,Across Furniture,Home,Furniture,Vertex,469.61,323.9,S0452
P009551,Team Shoes,Clothing,Shoes,GlobalMart,334.14,258.31,S0066
P009552,Spend Lighting,Home,Lighting,PrimeGoods,1192.95,739.02,S0237
P009553,Song Running,Sports,Running,NovaTech,333.54,196.35,S0409
P009554,Girl Smartphone,Electronics,Smartphone,NextGen,1514.18,999.58,S0453
P009555,Feeling Kitchen,Home,Kitchen,Apex,141.42,93.46,S0408
P009556,Church Football,Sports,Football,Apex,310.18,234.55,S0004
P009557,Myself Laptop,Electronics,Laptop,NextGen,1014.71,623.95,S0223
P009558,Southern Headphones,Electronics,Headphones,UrbanEdge,1242.64,761.3,S0067
P009559,Star Fiction,Books,Fiction,EverBuy,479.31,292.98,S0125
P009560,Job Fiction,Books,Fiction,Vertex,1171.61,831.23,S0161
P009561,Learn Comics,Books,Comics,NovaTech,767.96,472.77,S0220
P009562,Discussion Fiction,Books,Fiction,NextGen,1319.68,818.35,S0026
P009563,Never Jackets,Clothing,Jackets,EverBuy,1637.82,963.47,S0231
P009564,Help Trousers,Clothing,Trousers,NovaTech,75.54,42.11,S0062
P009565,Soldier Shoes,Clothing,Shoes,GlobalMart,137.9,88.64,S0172
P009566,Be Technology,Books,Technology,Vertex,1569.93,950.83,S0122
P009567,Minute Jackets,Clothing,Jackets,UrbanEdge,872.43,598.0,S0433
P009568,Boy Shirts,Clothing,Shirts,EverBuy,913.23,750.68,S0078
P009569,Food Accessories,Clothing,Accessories,NovaTech,1123.4,840.64,S0127
P009570,Nearly Cricket,Sports,Cricket,Apex,633.92,384.03,S0272
P009571,Foot Running,Sports,Running,EverBuy,275.78,235.21,S0114
P009572,Nice Jackets,Clothing,Jackets,Vertex,1071.47,612.18,S0466
P009573,Upon Appliances,Home,Appliances,Vertex,213.22,139.16,S0086
P009574,Bad Outdoor,Sports,Outdoor,Vertex,960.43,600.41,S0091
P009575,Wait Shoes,Clothing,Shoes,Apex,237.12,191.81,S0192
P009576,Itself Football,Sports,Football,GlobalMart,814.17,471.9,S0223
P009577,Anyone Fitness,Sports,Fitness,Apex,1455.38,974.17,S0245
P009578,Then Accessories,Clothing,Accessories,PrimeGoods,487.87,418.19,S0391
P009579,Model Shoes,Clothing,Shoes,Vertex,1014.56,615.12,S0175
P009580,Democrat Business,Books,Business,NextGen,1477.6,999.16,S0320
P009581,Member Appliances,Home,Appliances,EverBuy,1408.76,943.53,S0107
P009582,Ability Trousers,Clothing,Trousers,EverBuy,1180.44,809.13,S0471
P009583,Institution Tablet,Electronics,Tablet,EverBuy,665.49,558.89,S0125
P009584,Level Accessories,Clothing,Accessories,Vertex,67.46,43.74,S0007
P009585,School Jackets,Clothing,Jackets,PrimeGoods,396.52,303.81,S0464
P009586,College Fiction,Books,Fiction,NovaTech,1472.13,841.55,S0019
P009587,Condition Monitor,Electronics,Monitor,NovaTech,745.59,644.69,S0071
P009588,Join Monitor,Electronics,Monitor,Vertex,661.33,381.42,S0412
P009589,Sound Technology,Books,Technology,Vertex,226.42,144.83,S0023
P009590,Door Accessories,Clothing,Accessories,NextGen,636.34,552.98,S0232
P009591,Story Lighting,Home,Lighting,GlobalMart,358.93,225.58,S0038
P009592,Feel Fitness,Sports,Fitness,PrimeGoods,1180.6,769.35,S0136
P009593,Agree Headphones,Electronics,Headphones,Vertex,969.92,629.44,S0174
P009594,Trade Decor,Home,Decor,NovaTech,1194.08,827.41,S0016
P009595,See Comics,Books,Comics,NovaTech,1661.51,972.83,S0187
P009596,Whatever Monitor,Electronics,Monitor,GlobalMart,38.15,28.21,S0109
P009597,Heavy Appliances,Home,Appliances,EverBuy,975.77,614.82,S0273
P009598,Long Cricket,Sports,Cricket,NovaTech,1246.39,715.95,S0285
P009599,Skill Cricket,Sports,Cricket,EverBuy,461.09,310.24,S0029
P009600,Enter Fitness,Sports,Fitness,PrimeGoods,283.5,176.75,S0308
P009601,Stock Fitness,Sports,Fitness,PrimeGoods,1462.75,826.47,S0326
P009602,Leader Technology,Books,Technology,GlobalMart,1100.96,674.96,S0002
P009603,Data Shirts,Clothing,Shirts,UrbanEdge,1048.63,844.63,S0289
P009604,Firm Running,Sports,Running,NextGen,238.79,199.94,S0497
P009605,Bring Appliances,Home,Appliances,EverBuy,570.5,484.09,S0326
P009606,Middle Trousers,Clothing,Trousers,NovaTech,1025.52,687.36,S0363
P009607,Interesting Furniture,Home,Furniture,GlobalMart,185.76,156.01,S0227
P009608,Rock Cricket,Sports,Cricket,NextGen,592.51,339.42,S0454
P009609,North Lighting,Home,Lighting,GlobalMart,1088.56,831.76,S0123
P009610,Push Furniture,Home,Furniture,Apex,1108.89,951.82,S0345
P009611,Center Furniture,Home,Furniture,UrbanEdge,12.29,10.26,S0036
P009612,Chance Furniture,Home,Furniture,EverBuy,816.3,625.83,S0469
P009613,Especially Football,Sports,Football,UrbanEdge,60.49,44.89,S0471
P009614,Trouble Fitness,Sports,Fitness,Apex,405.12,293.87,S0324
P009615,Relate Lighting,Home,Lighting,NextGen,355.45,246.1,S0413
P009616,Not Headphones,Electronics,Headphones,EverBuy,780.46,493.45,S0207
P009617,Your Decor,Home,Decor,Vertex,881.83,492.38,S0263
P009618,Cultural Education,Books,Education,GlobalMart,123.08,71.36,S0166
P009619,Glass Fitness,Sports,Fitness,NovaTech,1172.79,970.16,S0461
P009620,Find Tablet,Electronics,Tablet,GlobalMart,278.78,206.53,S0183
P009621,Development Running,Sports,Running,GlobalMart,793.62,686.49,S0452
P009622,Difference Shirts,Clothing,Shirts,Apex,303.83,179.11,S0394
P009623,Size Outdoor,Sports,Outdoor,GlobalMart,1074.44,756.58,S0414
P009624,Trade Laptop,Electronics,Laptop,NovaTech,847.76,650.89,S0367
P009625,Often Running,Sports,Running,PrimeGoods,608.38,511.01,S0360
P009626,Require Lighting,Home,Lighting,Vertex,150.78,92.16,S0485
P009627,Kid Furniture,Home,Furniture,EverBuy,739.45,610.06,S0465
P009628,Help Outdoor,Sports,Outdoor,EverBuy,57.58,38.79,S0417
P009629,Operation Appliances,Home,Appliances,NovaTech,1171.76,955.56,S0108
P009630,Song Football,Sports,Football,GlobalMart,934.89,568.31,S0238
P009631,Prevent Outdoor,Sports,Outdoor,Apex,786.63,666.95,S0226
P009632,Will Cricket,Sports,Cricket,Apex,240.15,183.46,S0234
P009633,Letter Shirts,Clothing,Shirts,NovaTech,1376.5,938.41,S0088
P009634,Against Smartphone,Electronics,Smartphone,Apex,588.35,396.71,S0346
P009635,From Technology,Books,Technology,PrimeGoods,155.86,120.42,S0327
P009636,Exactly Outdoor,Sports,Outdoor,EverBuy,1080.9,724.9,S0331
P009637,Wear Comics,Books,Comics,EverBuy,627.51,420.18,S0399
P009638,Off Furniture,Home,Furniture,NovaTech,1083.04,929.2,S0049
P009639,Side Education,Books,Education,EverBuy,349.56,223.49,S0179
P009640,Wrong Smartphone,Electronics,Smartphone,GlobalMart,437.51,312.48,S0173
P009641,May Furniture,Home,Furniture,UrbanEdge,305.56,173.64,S0110
P009642,Crime Fitness,Sports,Fitness,Vertex,1632.99,954.06,S0238
P009643,Return Tablet,Electronics,Tablet,EverBuy,118.54,95.4,S0293
P009644,Beyond Laptop,Electronics,Laptop,EverBuy,1255.83,764.17,S0017
P009645,Yard Shoes,Clothing,Shoes,NovaTech,483.4,333.78,S0081
P009646,Career Headphones,Electronics,Headphones,Apex,785.41,456.59,S0293
P009647,American Furniture,Home,Furniture,NextGen,588.19,505.9,S0077
P009648,Expect Tablet,Electronics,Tablet,UrbanEdge,909.03,730.42,S0326
P009649,Offer Lighting,Home,Lighting,NextGen,1173.11,871.62,S0472
P009650,Term Smartphone,Electronics,Smartphone,PrimeGoods,936.06,765.15,S0076
P009651,Court Outdoor,Sports,Outdoor,Apex,427.88,261.31,S0476
P009652,Anyone Technology,Books,Technology,Vertex,897.47,765.32,S0450
P009653,Back Kitchen,Home,Kitchen,UrbanEdge,1289.81,787.75,S0001
P009654,Purpose Kitchen,Home,Kitchen,PrimeGoods,1405.48,906.72,S0043
P009655,Story Comics,Books,Comics,NovaTech,924.74,714.09,S0350
P009656,Put Kitchen,Home,Kitchen,NextGen,1288.16,921.13,S0112
P009657,Product Kitchen,Home,Kitchen,GlobalMart,628.28,486.62,S0227
P009658,Continue Trousers,Clothing,Trousers,PrimeGoods,1059.37,878.9,S0465
P009659,Military Fiction,Books,Fiction,NextGen,810.33,567.38,S0184
P009660,Science Education,Books,Education,EverBuy,1378.12,813.13,S0093
P009661,Rest Lighting,Home,Lighting,Vertex,750.54,564.23,S0221
P009662,Quickly Fitness,Sports,Fitness,Vertex,464.59,277.12,S0115
P009663,Fly Appliances,Home,Appliances,GlobalMart,516.72,400.63,S0139
P009664,Trial Headphones,Electronics,Headphones,EverBuy,564.23,327.53,S0032
P009665,Investment Comics,Books,Comics,UrbanEdge,1372.92,769.36,S0134
P009666,Audience Laptop,Electronics,Laptop,UrbanEdge,346.81,220.39,S0311
P009667,Factor Business,Books,Business,PrimeGoods,1041.72,680.72,S0143
P009668,Class Furniture,Home,Furniture,GlobalMart,1270.4,970.02,S0024
P009669,Vote Kitchen,Home,Kitchen,EverBuy,284.81,237.39,S0021
P009670,Institution Trousers,Clothing,Trousers,UrbanEdge,408.21,267.48,S0191
P009671,Whatever Headphones,Electronics,Headphones,NovaTech,1160.78,846.66,S0408
P009672,Management Lighting,Home,Lighting,NovaTech,527.18,408.35,S0402
P009673,Politics Jackets,Clothing,Jackets,EverBuy,648.85,462.89,S0085
P009674,Him Education,Books,Education,EverBuy,91.54,74.51,S0497
P009675,These Trousers,Clothing,Trousers,NovaTech,735.41,436.95,S0294
P009676,Allow Decor,Home,Decor,PrimeGoods,368.02,270.11,S0414
P009677,Cover Running,Sports,Running,NovaTech,889.48,616.61,S0479
P009678,Choose Comics,Books,Comics,Apex,804.16,498.83,S0078
P009679,Behind Shirts,Clothing,Shirts,EverBuy,339.45,207.15,S0135
P009680,Understand Shirts,Clothing,Shirts,PrimeGoods,1153.34,776.4,S0475
P009681,Ago Fitness,Sports,Fitness,NextGen,618.41,386.56,S0365
P009682,Purpose Accessories,Clothing,Accessories,Vertex,945.09,708.68,S0029
P009683,Every Kitchen,Home,Kitchen,Vertex,1612.43,964.59,S0139
P009684,Wall Monitor,Electronics,Monitor,NextGen,178.61,114.87,S0051
P009685,Environmental Headphones,Electronics,Headphones,NovaTech,1131.03,700.96,S0469
P009686,Organization Fiction,Books,Fiction,PrimeGoods,1374.46,788.24,S0080
P009687,Traditional Running,Sports,Running,UrbanEdge,1076.34,740.89,S0048
P009688,Same Accessories,Clothing,Accessories,GlobalMart,378.86,281.28,S0329
P009689,Us Appliances,Home,Appliances,Apex,969.18,619.23,S0054
P009690,West Technology,Books,Technology,EverBuy,267.67,191.56,S0221
P009691,After Education,Books,Education,NextGen,1126.04,656.35,S0041
P009692,Reality Accessories,Clothing,Accessories,Vertex,1435.99,914.56,S0138
P009693,Ground Technology,Books,Technology,EverBuy,1092.79,787.46,S0317
P009694,Tax Lighting,Home,Lighting,NextGen,1562.14,925.59,S0155
P009695,Bad Outdoor,Sports,Outdoor,EverBuy,329.83,213.57,S0186
P009696,Everybody Shoes,Clothing,Shoes,PrimeGoods,1214.26,757.51,S0050
P009697,Everyone Outdoor,Sports,Outdoor,EverBuy,918.4,559.71,S0015
P009698,Nothing Appliances,Home,Appliances,GlobalMart,271.13,218.9,S0097
P009699,Sign Cricket,Sports,Cricket,EverBuy,222.94,161.44,S0490
P009700,World Outdoor,Sports,Outdoor,NextGen,80.48,45.69,S0298
P009701,Want Headphones,Electronics,Headphones,GlobalMart,835.73,641.55,S0371
P009702,Democratic Kitchen,Home,Kitchen,EverBuy,270.18,156.72,S0035
P009703,Production Trousers,Clothing,Trousers,NovaTech,1041.56,651.9,S0468
P009704,National Lighting,Home,Lighting,Apex,806.1,462.02,S0354
P009705,Shoulder Outdoor,Sports,Outdoor,NovaTech,512.88,315.49,S0360
P009706,Where Decor,Home,Decor,PrimeGoods,855.85,657.88,S0079
P009707,Hear Smartphone,Electronics,Smartphone,UrbanEdge,1438.51,960.35,S0386
P009708,Buy Decor,Home,Decor,Vertex,1256.45,959.72,S0141
P009709,Learn Shoes,Clothing,Shoes,NovaTech,764.1,610.59,S0034
P009710,The Headphones,Electronics,Headphones,Vertex,1510.74,843.24,S0423
P009711,Stage Fiction,Books,Fiction,NextGen,1554.66,864.51,S0403
P009712,Including Lighting,Home,Lighting,NextGen,567.17,316.64,S0356
P009713,Red Technology,Books,Technology,Vertex,542.69,439.51,S0100
P009714,Agreement Furniture,Home,Furniture,UrbanEdge,890.46,606.77,S0267
P009715,Standard Fitness,Sports,Fitness,EverBuy,1079.21,869.95,S0361
P009716,Mission Jackets,Clothing,Jackets,UrbanEdge,90.79,67.57,S0162
P009717,Exist Decor,Home,Decor,NextGen,998.22,665.82,S0159
P009718,International Trousers,Clothing,Trousers,EverBuy,1141.05,710.54,S0463
P009719,Staff Appliances,Home,Appliances,Apex,183.07,119.2,S0244
P009720,Bill Laptop,Electronics,Laptop,Vertex,1207.12,735.16,S0206
P009721,Process Technology,Books,Technology,UrbanEdge,1302.99,871.12,S0436
P009722,Why Appliances,Home,Appliances,GlobalMart,832.32,496.84,S0220
P009723,Scientist Laptop,Electronics,Laptop,Vertex,813.31,529.73,S0206
P009724,Until Lighting,Home,Lighting,PrimeGoods,790.14,667.01,S0219
P009725,Community Tablet,Electronics,Tablet,UrbanEdge,1074.23,659.5,S0257
P009726,Power Decor,Home,Decor,PrimeGoods,208.72,147.56,S0294
P009727,Someone Monitor,Electronics,Monitor,Vertex,1090.01,633.28,S0408
P009728,Site Shoes,Clothing,Shoes,UrbanEdge,1241.44,824.24,S0253
P009729,Despite Fiction,Books,Fiction,NovaTech,167.09,128.16,S0428
P009730,Off Technology,Books,Technology,PrimeGoods,1227.11,912.49,S0019
P009731,Probably Running,Sports,Running,PrimeGoods,899.52,535.05,S0383
P009732,Throughout Tablet,Electronics,Tablet,GlobalMart,754.83,618.97,S0283
P009733,Since Headphones,Electronics,Headphones,PrimeGoods,157.06,113.37,S0434
P009734,Check Cricket,Sports,Cricket,UrbanEdge,1409.77,820.54,S0286
P009735,Maybe Monitor,Electronics,Monitor,NextGen,631.05,402.1,S0194
P009736,System Fitness,Sports,Fitness,Apex,271.74,220.53,S0227
P009737,Large Smartphone,Electronics,Smartphone,Apex,103.29,73.07,S0256
P009738,Must Lighting,Home,Lighting,NextGen,555.51,406.62,S0420
P009739,News Trousers,Clothing,Trousers,UrbanEdge,904.16,654.32,S0246
P009740,House Decor,Home,Decor,Vertex,600.78,465.39,S0005
P009741,Arm Football,Sports,Football,NextGen,1076.42,867.24,S0168
P009742,Enough Cricket,Sports,Cricket,UrbanEdge,1008.37,587.44,S0266
P009743,Low Kitchen,Home,Kitchen,Apex,321.86,264.24,S0397
P009744,Anything Smartphone,Electronics,Smartphone,NovaTech,1211.22,846.28,S0496
P009745,Every Business,Books,Business,UrbanEdge,1000.73,636.95,S0419
P009746,Fish Monitor,Electronics,Monitor,EverBuy,1219.34,899.86,S0087
P009747,Other Shoes,Clothing,Shoes,Apex,508.26,303.73,S0083
P009748,Out Cricket,Sports,Cricket,GlobalMart,882.42,504.81,S0041
P009749,Board Outdoor,Sports,Outdoor,NextGen,1477.94,937.82,S0287
P009750,Four Appliances,Home,Appliances,GlobalMart,1156.28,726.62,S0136
P009751,Control Accessories,Clothing,Accessories,GlobalMart,690.66,483.97,S0496
P009752,Particularly Comics,Books,Comics,NovaTech,37.81,24.49,S0082
P009753,Measure Technology,Books,Technology,Vertex,1429.42,853.57,S0367
P009754,There Tablet,Electronics,Tablet,PrimeGoods,174.04,142.76,S0238
P009755,Positive Business,Books,Business,NextGen,1419.22,939.89,S0409
P009756,Entire Outdoor,Sports,Outdoor,GlobalMart,929.25,574.79,S0157
P009757,Green Appliances,Home,Appliances,PrimeGoods,1516.76,892.39,S0130
P009758,Open Education,Books,Education,PrimeGoods,894.04,530.4,S0148
P009759,Return Tablet,Electronics,Tablet,UrbanEdge,1053.86,848.95,S0142
P009760,International Shoes,Clothing,Shoes,NovaTech,685.31,416.91,S0425
P009761,Important Monitor,Electronics,Monitor,UrbanEdge,478.64,298.05,S0091
P009762,Cultural Fitness,Sports,Fitness,UrbanEdge,1273.9,731.88,S0086
P009763,Protect Football,Sports,Football,Apex,398.54,244.95,S0166
P009764,Travel Headphones,Electronics,Headphones,UrbanEdge,93.86,60.09,S0125
P009765,North Technology,Books,Technology,GlobalMart,414.55,318.28,S0191
P009766,Figure Jackets,Clothing,Jackets,EverBuy,1043.27,761.94,S0410
P009767,Not Fiction,Books,Fiction,Apex,563.83,473.1,S0111
P009768,Base Fitness,Sports,Fitness,PrimeGoods,180.9,138.9,S0148
P009769,Increase Comics,Books,Comics,GlobalMart,1156.13,974.59,S0474
P009770,Before Fiction,Books,Fiction,NextGen,936.61,571.73,S0458
P009771,Moment Decor,Home,Decor,GlobalMart,1620.0,964.45,S0147
P009772,Study Football,Sports,Football,Apex,36.76,23.35,S0398
P009773,According Tablet,Electronics,Tablet,EverBuy,1116.85,883.09,S0061
P009774,Necessary Technology,Books,Technology,Apex,971.14,565.83,S0244
P009775,Dinner Technology,Books,Technology,GlobalMart,1317.61,923.68,S0378
P009776,Stand Laptop,Electronics,Laptop,UrbanEdge,1121.08,738.63,S0024
P009777,Style Kitchen,Home,Kitchen,NovaTech,574.82,321.79,S0310
P009778,Enter Accessories,Clothing,Accessories,UrbanEdge,985.08,731.43,S0471
P009779,Tree Fitness,Sports,Fitness,PrimeGoods,1580.11,887.63,S0220
P009780,Draw Comics,Books,Comics,UrbanEdge,31.06,17.76,S0319
P009781,Then Business,Books,Business,UrbanEdge,1090.29,706.26,S0342
P009782,Police Shirts,Clothing,Shirts,NextGen,559.16,381.16,S0113
P009783,Break Technology,Books,Technology,PrimeGoods,1100.49,710.34,S0076
P009784,Among Fitness,Sports,Fitness,UrbanEdge,1530.33,968.51,S0190
P009785,Single Outdoor,Sports,Outdoor,PrimeGoods,538.42,306.57,S0409
P009786,With Smartphone,Electronics,Smartphone,Apex,969.8,733.87,S0099
P009787,Indicate Jackets,Clothing,Jackets,GlobalMart,1401.27,801.65,S0219
P009788,Feeling Jackets,Clothing,Jackets,PrimeGoods,662.57,452.99,S0102
P009789,Position Business,Books,Business,NovaTech,308.61,235.43,S0461
P009790,West Lighting,Home,Lighting,PrimeGoods,1329.12,991.43,S0171
P009791,So Jackets,Clothing,Jackets,Vertex,1451.18,899.18,S0395
P009792,Style Fitness,Sports,Fitness,GlobalMart,753.47,640.93,S0297
P009793,Shake Smartphone,Electronics,Smartphone,NovaTech,943.51,788.83,S0364
P009794,Quality Technology,Books,Technology,PrimeGoods,308.95,267.39,S0124
P009795,Million Technology,Books,Technology,GlobalMart,1166.62,857.44,S0156
P009796,Anyone Fiction,Books,Fiction,GlobalMart,1237.51,814.06,S0154
P009797,Time Furniture,Home,Furniture,NextGen,219.21,125.41,S0473
P009798,Seek Fiction,Books,Fiction,GlobalMart,1192.81,776.2,S0298
P009799,Describe Cricket,Sports,Cricket,Apex,1415.14,920.37,S0455
P009800,Water Business,Books,Business,Apex,652.71,398.65,S0338
P009801,Usually Technology,Books,Technology,UrbanEdge,1097.2,894.34,S0292
P009802,Store Technology,Books,Technology,GlobalMart,227.25,192.87,S0075
P009803,Small Headphones,Electronics,Headphones,NextGen,787.25,577.91,S0244
P009804,Quality Shirts,Clothing,Shirts,PrimeGoods,689.36,517.05,S0194
P009805,Most Laptop,Electronics,Laptop,PrimeGoods,598.84,376.7,S0337
P009806,Republican Furniture,Home,Furniture,NovaTech,1160.22,783.78,S0458
P009807,Situation Football,Sports,Football,NovaTech,341.38,250.69,S0236
P009808,Billion Appliances,Home,Appliances,GlobalMart,1296.18,835.0,S0012
P009809,However Monitor,Electronics,Monitor,Vertex,904.85,728.68,S0008
P009810,Language Shoes,Clothing,Shoes,NovaTech,1087.07,728.87,S0285
P009811,Most Lighting,Home,Lighting,UrbanEdge,643.0,425.9,S0255
P009812,Movement Decor,Home,Decor,GlobalMart,707.05,487.22,S0483
P009813,Test Decor,Home,Decor,Apex,1086.11,848.05,S0064
P009814,Positive Laptop,Electronics,Laptop,Apex,1726.99,986.85,S0373
P009815,Far Shirts,Clothing,Shirts,NextGen,100.68,67.36,S0414
P009816,Drop Headphones,Electronics,Headphones,Apex,398.4,294.9,S0476
P009817,Evidence Running,Sports,Running,NextGen,687.52,417.63,S0414
P009818,Compare Smartphone,Electronics,Smartphone,NextGen,192.23,109.49,S0212
P009819,Start Cricket,Sports,Cricket,NextGen,1395.0,840.9,S0355
P009820,Fill Tablet,Electronics,Tablet,EverBuy,1085.27,652.33,S0313
P009821,Day Running,Sports,Running,EverBuy,612.43,418.73,S0392
P009822,Usually Lighting,Home,Lighting,NextGen,227.9,129.09,S0379
P009823,Suffer Education,Books,Education,PrimeGoods,468.65,346.63,S0056
P009824,Get Education,Books,Education,UrbanEdge,794.2,482.76,S0222
P009825,Lead Outdoor,Sports,Outdoor,Apex,635.31,468.75,S0075
P009826,Nothing Kitchen,Home,Kitchen,NextGen,1683.81,993.39,S0392
P009827,Wrong Outdoor,Sports,Outdoor,PrimeGoods,287.43,248.47,S0002
P009828,Real Fiction,Books,Fiction,PrimeGoods,1331.31,950.42,S0374
P009829,Service Laptop,Electronics,Laptop,PrimeGoods,230.21,133.69,S0359
P009830,Exist Laptop,Electronics,Laptop,PrimeGoods,562.44,427.6,S0002
P009831,Always Running,Sports,Running,PrimeGoods,1209.61,682.76,S0327
P009832,Education Outdoor,Sports,Outdoor,PrimeGoods,1027.29,751.76,S0200
P009833,Audience Furniture,Home,Furniture,EverBuy,88.58,58.05,S0001
P009834,Real Lighting,Home,Lighting,NextGen,692.75,584.27,S0049
P009835,Can Technology,Books,Technology,NextGen,813.33,696.19,S0388
P009836,On Laptop,Electronics,Laptop,GlobalMart,1210.96,724.47,S0399
P009837,Project Running,Sports,Running,EverBuy,1286.42,789.9,S0227
P009838,Sense Jackets,Clothing,Jackets,Vertex,504.32,316.2,S0458
P009839,Modern Decor,Home,Decor,UrbanEdge,1004.61,683.85,S0462
P009840,Sing Running,Sports,Running,NextGen,488.0,380.45,S0310
P009841,Image Fitness,Sports,Fitness,NextGen,940.13,778.37,S0051
P009842,Light Headphones,Electronics,Headphones,Vertex,647.29,403.25,S0097
P009843,Institution Furniture,Home,Furniture,GlobalMart,259.58,156.84,S0384
P009844,Far Running,Sports,Running,NextGen,240.41,201.13,S0361
P009845,Official Trousers,Clothing,Trousers,Apex,201.87,132.59,S0057
P009846,Dinner Outdoor,Sports,Outdoor,GlobalMart,1475.93,832.71,S0306
P009847,Prove Decor,Home,Decor,GlobalMart,699.44,542.35,S0202
P009848,Line Outdoor,Sports,Outdoor,NextGen,702.41,552.7,S0037
P009849,Development Shirts,Clothing,Shirts,NovaTech,807.53,452.91,S0091
P009850,Exist Decor,Home,Decor,NovaTech,1411.73,971.3,S0234
P009851,Majority Outdoor,Sports,Outdoor,Apex,1277.45,940.06,S0027
P009852,End Technology,Books,Technology,Vertex,1151.91,819.29,S0198
P009853,Down Football,Sports,Football,PrimeGoods,293.37,182.64,S0003
P009854,Third Appliances,Home,Appliances,GlobalMart,1103.67,677.23,S0473
P009855,Structure Trousers,Clothing,Trousers,EverBuy,1161.99,750.99,S0170
P009856,Color Fiction,Books,Fiction,UrbanEdge,315.81,213.52,S0346
P009857,Audience Comics,Books,Comics,Apex,55.97,41.22,S0050
P009858,Imagine Jackets,Clothing,Jackets,NextGen,314.81,208.06,S0341
P009859,Officer Appliances,Home,Appliances,PrimeGoods,830.47,590.8,S0320
P009860,In Technology,Books,Technology,GlobalMart,81.28,55.84,S0328
P009861,Red Football,Sports,Football,NovaTech,475.03,293.62,S0500
P009862,Itself Running,Sports,Running,NovaTech,157.28,102.54,S0155
P009863,Something Jackets,Clothing,Jackets,UrbanEdge,832.07,602.47,S0094
P009864,Light Education,Books,Education,Vertex,270.27,195.26,S0043
P009865,Which Tablet,Electronics,Tablet,NovaTech,771.3,459.99,S0491
P009866,Family Business,Books,Business,EverBuy,1059.25,790.39,S0150
P009867,You Football,Sports,Football,NextGen,271.68,155.39,S0108
P009868,Teacher Comics,Books,Comics,NextGen,133.11,77.23,S0063
P009869,Nothing Tablet,Electronics,Tablet,UrbanEdge,781.03,539.57,S0020
P009870,Ability Kitchen,Home,Kitchen,PrimeGoods,1237.56,908.23,S0497
P009871,Position Shirts,Clothing,Shirts,UrbanEdge,172.67,105.62,S0363
P009872,Follow Smartphone,Electronics,Smartphone,Apex,18.8,12.72,S0137
P009873,Him Running,Sports,Running,Apex,665.86,485.55,S0156
P009874,Your Appliances,Home,Appliances,Vertex,1296.03,873.08,S0182
P009875,And Monitor,Electronics,Monitor,Vertex,1396.29,846.53,S0282
P009876,Fund Headphones,Electronics,Headphones,NextGen,1139.7,673.83,S0282
P009877,Always Outdoor,Sports,Outdoor,Vertex,1122.31,943.08,S0460
P009878,Produce Comics,Books,Comics,GlobalMart,1362.74,889.62,S0261
P009879,Against Laptop,Electronics,Laptop,UrbanEdge,943.53,629.9,S0282
P009880,During Laptop,Electronics,Laptop,GlobalMart,775.65,559.94,S0307
P009881,Easy Jackets,Clothing,Jackets,Vertex,741.7,542.94,S0494
P009882,Hope Trousers,Clothing,Trousers,EverBuy,1269.21,949.5,S0046
P009883,Generation Kitchen,Home,Kitchen,GlobalMart,64.96,47.44,S0034
P009884,Task Football,Sports,Football,NovaTech,773.45,654.75,S0403
P009885,Speak Accessories,Clothing,Accessories,NovaTech,234.42,188.1,S0441
P009886,Animal Shoes,Clothing,Shoes,UrbanEdge,615.1,513.4,S0361
P009887,Fear Comics,Books,Comics,EverBuy,961.07,661.33,S0199
P009888,Likely Appliances,Home,Appliances,NextGen,1117.41,761.16,S0240
P009889,Process Trousers,Clothing,Trousers,NextGen,123.37,70.89,S0346
P009890,Prevent Headphones,Electronics,Headphones,GlobalMart,1358.02,941.3,S0130
P009891,Low Shoes,Clothing,Shoes,UrbanEdge,888.31,688.49,S0136
P009892,Like Laptop,Electronics,Laptop,Apex,265.92,166.38,S0329
P009893,Machine Technology,Books,Technology,Apex,749.39,552.16,S0165
P009894,Likely Business,Books,Business,GlobalMart,695.54,425.7,S0402
P009895,Short Fiction,Books,Fiction,NextGen,761.7,466.01,S0153
P009896,Site Jackets,Clothing,Jackets,NextGen,1243.84,694.21,S0312
P009897,Get Smartphone,Electronics,Smartphone,NovaTech,1078.22,910.31,S0186
P009898,Ready Technology,Books,Technology,GlobalMart,17.75,11.68,S0298
P009899,Less Monitor,Electronics,Monitor,EverBuy,152.01,88.23,S0002
P009900,Though Furniture,Home,Furniture,GlobalMart,69.86,54.6,S0225
P009901,Suffer Accessories,Clothing,Accessories,PrimeGoods,1225.92,999.1,S0312
P009902,Local Fitness,Sports,Fitness,EverBuy,522.08,322.4,S0151
P009903,Choice Comics,Books,Comics,EverBuy,1491.07,850.1,S0172
P009904,Most Accessories,Clothing,Accessories,NovaTech,1147.52,697.56,S0440
P009905,For Technology,Books,Technology,PrimeGoods,507.47,344.64,S0141
P009906,Thank Cricket,Sports,Cricket,PrimeGoods,364.36,213.68,S0273
P009907,Whole Decor,Home,Decor,NextGen,1057.36,690.25,S0302
P009908,National Furniture,Home,Furniture,NovaTech,216.01,154.02,S0005
P009909,Reality Headphones,Electronics,Headphones,NovaTech,708.67,416.58,S0116
P009910,Impact Fitness,Sports,Fitness,NovaTech,764.8,551.61,S0213
P009911,Article Laptop,Electronics,Laptop,Apex,986.77,684.05,S0120
P009912,Open Business,Books,Business,PrimeGoods,744.06,491.3,S0105
P009913,Contain Fiction,Books,Fiction,UrbanEdge,1312.6,766.67,S0169
P009914,Interest Monitor,Electronics,Monitor,Vertex,804.37,601.46,S0182
P009915,Involve Running,Sports,Running,Apex,1361.9,886.18,S0192
P009916,Least Running,Sports,Running,NovaTech,733.98,519.83,S0384
P009917,While Trousers,Clothing,Trousers,GlobalMart,300.16,198.26,S0056
P009918,My Headphones,Electronics,Headphones,Vertex,389.49,334.17,S0479
P009919,Ago Business,Books,Business,EverBuy,704.03,412.04,S0228
P009920,Attack Jackets,Clothing,Jackets,NextGen,238.53,166.52,S0243
P009921,Its Football,Sports,Football,PrimeGoods,142.11,116.8,S0426
P009922,Difficult Lighting,Home,Lighting,GlobalMart,797.87,563.25,S0002
P009923,Practice Outdoor,Sports,Outdoor,GlobalMart,612.62,386.27,S0197
P009924,Call Football,Sports,Football,GlobalMart,1483.34,844.58,S0440
P009925,Another Football,Sports,Football,NextGen,395.32,325.17,S0436
P009926,Language Kitchen,Home,Kitchen,NextGen,1285.88,792.56,S0472
P009927,Safe Lighting,Home,Lighting,Apex,792.19,618.31,S0235
P009928,Someone Shirts,Clothing,Shirts,PrimeGoods,205.6,116.06,S0496
P009929,Both Furniture,Home,Furniture,Apex,155.98,97.09,S0357
P009930,Production Jackets,Clothing,Jackets,Vertex,426.18,260.27,S0141
P009931,What Furniture,Home,Furniture,Apex,1142.68,673.88,S0159
P009932,Discussion Smartphone,Electronics,Smartphone,NextGen,104.89,63.79,S0386
P009933,Democratic Cricket,Sports,Cricket,Apex,1026.85,812.76,S0091
P009934,First Smartphone,Electronics,Smartphone,NextGen,1194.02,884.79,S0382
P009935,Economic Furniture,Home,Furniture,EverBuy,1360.83,788.91,S0326
P009936,Today Comics,Books,Comics,EverBuy,1482.49,873.19,S0240
P009937,Area Shoes,Clothing,Shoes,Apex,67.98,55.17,S0355
P009938,Management Tablet,Electronics,Tablet,NovaTech,1529.43,969.6,S0131
P009939,Unit Kitchen,Home,Kitchen,PrimeGoods,400.25,321.29,S0399
P009940,Management Monitor,Electronics,Monitor,PrimeGoods,933.41,710.83,S0309
P009941,Low Football,Sports,Football,UrbanEdge,1191.92,864.89,S0017
P009942,Young Tablet,Electronics,Tablet,PrimeGoods,757.53,550.79,S0163
P009943,Cultural Cricket,Sports,Cricket,Apex,741.21,476.46,S0038
P009944,During Technology,Books,Technology,NovaTech,1109.88,684.8,S0468
P009945,System Running,Sports,Running,PrimeGoods,953.65,547.31,S0258
P009946,President Business,Books,Business,GlobalMart,1131.88,645.88,S0391
P009947,Couple Comics,Books,Comics,NextGen,47.61,34.15,S0233
P009948,Ability Shoes,Clothing,Shoes,GlobalMart,513.6,388.53,S0392
P009949,Floor Furniture,Home,Furniture,EverBuy,845.47,654.09,S0164
P009950,Positive Furniture,Home,Furniture,EverBuy,451.25,277.66,S0487
P009951,Current Smartphone,Electronics,Smartphone,UrbanEdge,455.94,319.75,S0118
P009952,Sign Lighting,Home,Lighting,EverBuy,264.3,229.23,S0188
P009953,Stop Business,Books,Business,Apex,673.81,553.61,S0137
P009954,Question Smartphone,Electronics,Smartphone,GlobalMart,37.66,22.0,S0361
P009955,Something Football,Sports,Football,GlobalMart,1160.52,858.16,S0474
P009956,Week Shoes,Clothing,Shoes,Apex,395.14,241.9,S0397
P009957,Pass Monitor,Electronics,Monitor,Vertex,257.45,148.32,S0418
P009958,Ability Accessories,Clothing,Accessories,Vertex,1740.65,976.31,S0458
P009959,He Fiction,Books,Fiction,NextGen,995.38,611.56,S0152
P009960,Same Kitchen,Home,Kitchen,Apex,770.71,514.58,S0256
P009961,Meet Monitor,Electronics,Monitor,UrbanEdge,963.43,603.59,S0143
P009962,Wait Education,Books,Education,GlobalMart,420.09,333.14,S0476
P009963,Who Shoes,Clothing,Shoes,NextGen,84.89,67.81,S0066
P009964,Outside Business,Books,Business,PrimeGoods,1075.45,686.52,S0151
P009965,Glass Running,Sports,Running,PrimeGoods,951.71,552.52,S0198
P009966,Wear Fiction,Books,Fiction,PrimeGoods,489.31,407.12,S0199
P009967,I Appliances,Home,Appliances,UrbanEdge,294.45,211.26,S0264
P009968,Apply Decor,Home,Decor,NextGen,1313.97,761.25,S0185
P009969,Organization Business,Books,Business,PrimeGoods,474.39,351.31,S0348
P009970,Standard Technology,Books,Technology,UrbanEdge,44.11,27.42,S0469
P009971,Draw Tablet,Electronics,Tablet,NextGen,1127.05,665.46,S0280
P009972,Growth Comics,Books,Comics,NovaTech,235.61,170.94,S0271
P009973,Quality Fitness,Sports,Fitness,Apex,840.07,581.73,S0123
P009974,Economy Monitor,Electronics,Monitor,EverBuy,1426.13,950.83,S0244
P009975,Wait Headphones,Electronics,Headphones,UrbanEdge,566.98,411.84,S0382
P009976,Military Laptop,Electronics,Laptop,NextGen,1282.97,945.15,S0131
P009977,Talk Lighting,Home,Lighting,UrbanEdge,187.55,113.41,S0096
P009978,Offer Jackets,Clothing,Jackets,Apex,420.62,340.12,S0500
P009979,See Lighting,Home,Lighting,PrimeGoods,654.24,388.02,S0059
P009980,End Kitchen,Home,Kitchen,PrimeGoods,1117.06,949.69,S0161
P009981,Cold Lighting,Home,Lighting,NextGen,1125.69,649.91,S0258
P009982,Speech Football,Sports,Football,EverBuy,812.72,607.77,S0227
P009983,House Lighting,Home,Lighting,UrbanEdge,268.98,170.73,S0132
P009984,Value Accessories,Clothing,Accessories,Vertex,1287.34,731.9,S0474
P009985,Hotel Jackets,Clothing,Jackets,GlobalMart,227.35,130.29,S0156
P009986,Two Laptop,Electronics,Laptop,EverBuy,1143.68,900.59,S0394
P009987,Purpose Fitness,Sports,Fitness,NextGen,334.37,243.58,S0407
P009988,News Comics,Books,Comics,Vertex,1053.98,868.09,S0373
P009989,Quite Cricket,Sports,Cricket,Vertex,434.22,277.05,S0493
P009990,Free Laptop,Electronics,Laptop,Apex,971.99,637.02,S0177
P009991,Return Comics,Books,Comics,GlobalMart,543.52,418.48,S0159
P009992,World Cricket,Sports,Cricket,Vertex,252.43,145.74,S0113
P009993,Character Business,Books,Business,UrbanEdge,1261.71,906.53,S0085
P009994,Bag Lighting,Home,Lighting,NextGen,547.16,350.63,S0198
P009995,Type Business,Books,Business,NovaTech,309.6,238.73,S0322
P009996,List Accessories,Clothing,Accessories,Apex,977.62,757.77,S0081
P009997,Man Decor,Home,Decor,Apex,380.32,317.09,S0494
P009998,Defense Education,Books,Education,EverBuy,1064.0,672.5,S0249
P009999,Between Football,Sports,Football,NovaTech,1013.28,870.4,S0319
P010000,Old Tablet,Electronics,Tablet,UrbanEdge,308.34,237.84,S0399
